h3_cell,hour,violation_count,lat,lon,location,day_of_week,baseline_count,speed_drop,ccis,status,color
8660144a7ffffff,0,2,13.0675621,77.4496724,"Mumbai Bengaluru Highway, Alur Village, Bengaluru, Karnataka. Pin-562162 (India)",2,1,10.0,2.0,green,#00CC66
8660144a7ffffff,0,2,13.0675621,77.4496724,"Mumbai Bengaluru Highway, Alur Village, Bengaluru, Karnataka. Pin-562162 (India)",3,1,10.0,2.0,green,#00CC66
8660144a7ffffff,1,7,13.0711589,77.4431048,"Mumbai Bengaluru Highway, Rajadhani Layout, Adakamaranahalli, Bengaluru, Karnataka. Pin-562162 (India)",2,6,1.67,1.17,green,#00CC66
8660144a7ffffff,1,7,13.0711589,77.4431048,"Mumbai Bengaluru Highway, Rajadhani Layout, Adakamaranahalli, Bengaluru, Karnataka. Pin-562162 (India)",6,1,10.0,7.0,critical,#FF4B4B
8660144a7ffffff,2,3,13.0655683,77.45324,"Mumbai Bengaluru Highway, Makali, Bengaluru, Karnataka. Pin-562162 (India)",4,1,10.0,3.0,green,#00CC66
8660144a7ffffff,2,3,13.0655683,77.45324,"Mumbai Bengaluru Highway, Makali, Bengaluru, Karnataka. Pin-562162 (India)",6,2,5.0,1.5,green,#00CC66
8660144a7ffffff,5,3,13.0679344,77.4489245,"Mumbai Bengaluru Highway, Alur Village, Bengaluru, Karnataka. Pin-562162 (India)",3,3,0.0,0.0,green,#00CC66
8660144a7ffffff,20,5,13.0686134,77.4479003,"Mumbai Bengaluru Highway, Rajadhani Layout, Adakamaranahalli, Bengaluru, Karnataka. Pin-562162 (India)",3,5,0.0,0.0,green,#00CC66
8660144a7ffffff,21,1,13.0690099,77.4476546,"Mumbai Bengaluru Highway, Rajadhani Layout, Adakamaranahalli, Bengaluru, Karnataka. Pin-562162 (India)",0,1,0.0,0.0,green,#00CC66
8660144a7ffffff,23,1,13.069246,77.4463296,"Mumbai Bengaluru Highway, Rajadhani Layout, Adakamaranahalli, Bengaluru, Karnataka. Pin-562162 (India)",3,1,0.0,0.0,green,#00CC66
8660144b7ffffff,2,1,13.0658408,77.4535494,"Mumbai Bengaluru Highway, Makali, Bengaluru, Karnataka. Pin-562162 (India)",6,1,0.0,0.0,green,#00CC66
8660144b7ffffff,5,1,13.0670765,77.4518708,"Huskur Main Road, Makali, Bengaluru, Karnataka. Pin-562162 (India)",3,1,0.0,0.0,green,#00CC66
8660144b7ffffff,7,1,13.066915,77.4517433,"Huskur Main Road, Makali, Bengaluru, Karnataka. Pin-562162 (India)",3,1,0.0,0.0,green,#00CC66
8660144b7ffffff,21,1,13.0697662,77.4472311,"Mumbai Bengaluru Highway, Rajadhani Layout, Adakamaranahalli, Bengaluru, Karnataka. Pin-562162 (India)",3,1,0.0,0.0,green,#00CC66
8660144b7ffffff,22,2,13.0674528,77.4509162,"Mumbai Bengaluru Highway, Alur Village, Bengaluru, Karnataka. Pin-562162 (India)",0,1,10.0,2.0,green,#00CC66
8660144b7ffffff,22,2,13.0674528,77.4509162,"Mumbai Bengaluru Highway, Alur Village, Bengaluru, Karnataka. Pin-562162 (India)",3,1,10.0,2.0,green,#00CC66
8660144b7ffffff,23,19,13.085093,77.4864133,"Maruti Mandir Road, MSPP Layout, Soladevanahalli, Bengaluru, Karnataka. Pin-560107 (India)",1,19,0.0,0.0,green,#00CC66
866014517ffffff,0,34,12.90812587,77.53298187000001,"4th Main Road, AGS Layout, Subramanyapura, Bengaluru South City Corporation, Bengaluru, Bangalore South, Bengaluru Urban, Karnataka, 560061, India",0,1,10.0,34.0,critical,#FF4B4B
866014517ffffff,0,34,12.90812587,77.53298187000001,"4th Main Road, AGS Layout, Subramanyapura, Bengaluru South City Corporation, Bengaluru, Bangalore South, Bengaluru Urban, Karnataka, 560061, India",1,2,10.0,34.0,critical,#FF4B4B
866014517ffffff,0,34,12.90812587,77.53298187000001,"4th Main Road, AGS Layout, Subramanyapura, Bengaluru South City Corporation, Bengaluru, Bangalore South, Bengaluru Urban, Karnataka, 560061, India",2,7,10.0,34.0,critical,#FF4B4B
866014517ffffff,0,34,12.90812587,77.53298187000001,"4th Main Road, AGS Layout, Subramanyapura, Bengaluru South City Corporation, Bengaluru, Bangalore South, Bengaluru Urban, Karnataka, 560061, India",3,8,10.0,34.0,critical,#FF4B4B
866014517ffffff,0,34,12.90812587,77.53298187000001,"4th Main Road, AGS Layout, Subramanyapura, Bengaluru South City Corporation, Bengaluru, Bangalore South, Bengaluru Urban, Karnataka, 560061, India",4,7,10.0,34.0,critical,#FF4B4B
866014517ffffff,0,34,12.90812587,77.53298187000001,"4th Main Road, AGS Layout, Subramanyapura, Bengaluru South City Corporation, Bengaluru, Bangalore South, Bengaluru Urban, Karnataka, 560061, India",5,3,10.0,34.0,critical,#FF4B4B
866014517ffffff,0,34,12.90812587,77.53298187000001,"4th Main Road, AGS Layout, Subramanyapura, Bengaluru South City Corporation, Bengaluru, Bangalore South, Bengaluru Urban, Karnataka, 560061, India",6,6,10.0,34.0,critical,#FF4B4B
866014517ffffff,1,39,12.9128301,77.5137208,"2nd Cross Road, Janakshi Layout, Rajarajeshwari Nagar, Bengaluru, Karnataka. Pin-560098 (India)",0,2,10.0,39.0,critical,#FF4B4B
866014517ffffff,1,39,12.9128301,77.5137208,"2nd Cross Road, Janakshi Layout, Rajarajeshwari Nagar, Bengaluru, Karnataka. Pin-560098 (India)",1,3,10.0,39.0,critical,#FF4B4B
866014517ffffff,1,39,12.9128301,77.5137208,"2nd Cross Road, Janakshi Layout, Rajarajeshwari Nagar, Bengaluru, Karnataka. Pin-560098 (India)",2,9,10.0,39.0,critical,#FF4B4B
866014517ffffff,1,39,12.9128301,77.5137208,"2nd Cross Road, Janakshi Layout, Rajarajeshwari Nagar, Bengaluru, Karnataka. Pin-560098 (India)",3,5,10.0,39.0,critical,#FF4B4B
866014517ffffff,1,39,12.9128301,77.5137208,"2nd Cross Road, Janakshi Layout, Rajarajeshwari Nagar, Bengaluru, Karnataka. Pin-560098 (India)",4,7,10.0,39.0,critical,#FF4B4B
866014517ffffff,1,39,12.9128301,77.5137208,"2nd Cross Road, Janakshi Layout, Rajarajeshwari Nagar, Bengaluru, Karnataka. Pin-560098 (India)",5,4,10.0,39.0,critical,#FF4B4B
866014517ffffff,1,39,12.9128301,77.5137208,"2nd Cross Road, Janakshi Layout, Rajarajeshwari Nagar, Bengaluru, Karnataka. Pin-560098 (India)",6,9,10.0,39.0,critical,#FF4B4B
866014517ffffff,2,8,12.906570907199107,77.53305710935435,"Dr Vishnuvardhan Main Road, Kodipur, Bengaluru, Karnataka. Pin-560061 (India)",0,1,10.0,8.0,critical,#FF4B4B
866014517ffffff,2,8,12.906570907199107,77.53305710935435,"Dr Vishnuvardhan Main Road, Kodipur, Bengaluru, Karnataka. Pin-560061 (India)",1,1,10.0,8.0,critical,#FF4B4B
866014517ffffff,2,8,12.906570907199107,77.53305710935435,"Dr Vishnuvardhan Main Road, Kodipur, Bengaluru, Karnataka. Pin-560061 (India)",4,2,10.0,8.0,critical,#FF4B4B
866014517ffffff,2,8,12.906570907199107,77.53305710935435,"Dr Vishnuvardhan Main Road, Kodipur, Bengaluru, Karnataka. Pin-560061 (India)",6,4,10.0,8.0,critical,#FF4B4B
866014517ffffff,3,5,12.8743123,77.5408982,"Konanakunte Main Road, Hosahalli South Taluka, Bengaluru, Karnataka. Pin-560109 (India)",0,4,2.5,1.25,green,#00CC66
866014517ffffff,3,5,12.8743123,77.5408982,"Konanakunte Main Road, Hosahalli South Taluka, Bengaluru, Karnataka. Pin-560109 (India)",4,1,10.0,5.0,monitor,#FFA500
866014517ffffff,4,7,12.8697074,77.5371728,"Konanakunte Main Road, Paramount Gardens, Jyotipuram, Thalaghattapura, Bengaluru, Karnataka. Pin-560109 (India)",5,1,10.0,7.0,critical,#FF4B4B
866014517ffffff,4,7,12.8697074,77.5371728,"Konanakunte Main Road, Paramount Gardens, Jyotipuram, Thalaghattapura, Bengaluru, Karnataka. Pin-560109 (India)",6,6,1.67,1.17,green,#00CC66
866014517ffffff,5,58,12.9058444,77.5427697,"Subramanyapura Main Road, Uttarahalli Circle, Uttarahalli, Bengaluru, Karnataka. Pin-560061 (India)",0,2,10.0,58.0,critical,#FF4B4B
866014517ffffff,5,58,12.9058444,77.5427697,"Subramanyapura Main Road, Uttarahalli Circle, Uttarahalli, Bengaluru, Karnataka. Pin-560061 (India)",1,12,10.0,58.0,critical,#FF4B4B
866014517ffffff,5,58,12.9058444,77.5427697,"Subramanyapura Main Road, Uttarahalli Circle, Uttarahalli, Bengaluru, Karnataka. Pin-560061 (India)",2,7,10.0,58.0,critical,#FF4B4B
866014517ffffff,5,58,12.9058444,77.5427697,"Subramanyapura Main Road, Uttarahalli Circle, Uttarahalli, Bengaluru, Karnataka. Pin-560061 (India)",3,4,10.0,58.0,critical,#FF4B4B
866014517ffffff,5,58,12.9058444,77.5427697,"Subramanyapura Main Road, Uttarahalli Circle, Uttarahalli, Bengaluru, Karnataka. Pin-560061 (India)",4,1,10.0,58.0,critical,#FF4B4B
866014517ffffff,5,58,12.9058444,77.5427697,"Subramanyapura Main Road, Uttarahalli Circle, Uttarahalli, Bengaluru, Karnataka. Pin-560061 (India)",5,4,10.0,58.0,critical,#FF4B4B
866014517ffffff,5,58,12.9058444,77.5427697,"Subramanyapura Main Road, Uttarahalli Circle, Uttarahalli, Bengaluru, Karnataka. Pin-560061 (India)",6,28,10.0,58.0,critical,#FF4B4B
866014517ffffff,6,57,12.9084427,77.5382042,"Dr. Vishnuvardhan Road, Subramanyapura, Bengaluru South City Corporation, Bengaluru, Bangalore South, Bengaluru Urban, Karnataka, 560061, India",0,1,10.0,57.0,critical,#FF4B4B
866014517ffffff,6,57,12.9084427,77.5382042,"Dr. Vishnuvardhan Road, Subramanyapura, Bengaluru South City Corporation, Bengaluru, Bangalore South, Bengaluru Urban, Karnataka, 560061, India",1,9,10.0,57.0,critical,#FF4B4B
866014517ffffff,6,57,12.9084427,77.5382042,"Dr. Vishnuvardhan Road, Subramanyapura, Bengaluru South City Corporation, Bengaluru, Bangalore South, Bengaluru Urban, Karnataka, 560061, India",2,11,10.0,57.0,critical,#FF4B4B
866014517ffffff,6,57,12.9084427,77.5382042,"Dr. Vishnuvardhan Road, Subramanyapura, Bengaluru South City Corporation, Bengaluru, Bangalore South, Bengaluru Urban, Karnataka, 560061, India",3,8,10.0,57.0,critical,#FF4B4B
866014517ffffff,6,57,12.9084427,77.5382042,"Dr. Vishnuvardhan Road, Subramanyapura, Bengaluru South City Corporation, Bengaluru, Bangalore South, Bengaluru Urban, Karnataka, 560061, India",4,10,10.0,57.0,critical,#FF4B4B
866014517ffffff,6,57,12.9084427,77.5382042,"Dr. Vishnuvardhan Road, Subramanyapura, Bengaluru South City Corporation, Bengaluru, Bangalore South, Bengaluru Urban, Karnataka, 560061, India",5,5,10.0,57.0,critical,#FF4B4B
866014517ffffff,6,57,12.9084427,77.5382042,"Dr. Vishnuvardhan Road, Subramanyapura, Bengaluru South City Corporation, Bengaluru, Bangalore South, Bengaluru Urban, Karnataka, 560061, India",6,13,10.0,57.0,critical,#FF4B4B
866014517ffffff,7,45,12.8716459,77.5389692,"Kanakapura Road, Thalaghattapura, Talagattapura, Bengaluru South City Corporation, Bengaluru, Bangalore South, Bengaluru Urban, Karnataka, 560109, India",1,5,10.0,45.0,critical,#FF4B4B
866014517ffffff,7,45,12.8716459,77.5389692,"Kanakapura Road, Thalaghattapura, Talagattapura, Bengaluru South City Corporation, Bengaluru, Bangalore South, Bengaluru Urban, Karnataka, 560109, India",2,7,10.0,45.0,critical,#FF4B4B
866014517ffffff,7,45,12.8716459,77.5389692,"Kanakapura Road, Thalaghattapura, Talagattapura, Bengaluru South City Corporation, Bengaluru, Bangalore South, Bengaluru Urban, Karnataka, 560109, India",3,12,10.0,45.0,critical,#FF4B4B
866014517ffffff,7,45,12.8716459,77.5389692,"Kanakapura Road, Thalaghattapura, Talagattapura, Bengaluru South City Corporation, Bengaluru, Bangalore South, Bengaluru Urban, Karnataka, 560109, India",4,8,10.0,45.0,critical,#FF4B4B
866014517ffffff,7,45,12.8716459,77.5389692,"Kanakapura Road, Thalaghattapura, Talagattapura, Bengaluru South City Corporation, Bengaluru, Bangalore South, Bengaluru Urban, Karnataka, 560109, India",5,7,10.0,45.0,critical,#FF4B4B
866014517ffffff,7,45,12.8716459,77.5389692,"Kanakapura Road, Thalaghattapura, Talagattapura, Bengaluru South City Corporation, Bengaluru, Bangalore South, Bengaluru Urban, Karnataka, 560109, India",6,6,10.0,45.0,critical,#FF4B4B
866014517ffffff,8,15,12.9161165,77.5205401,"Model Road, Krishnappa Block, BEML Layout Stage 3, Rajarajeshwari Nagar, Bengaluru, Karnataka. Pin-560098 (India)",0,2,10.0,15.0,critical,#FF4B4B
866014517ffffff,8,15,12.9161165,77.5205401,"Model Road, Krishnappa Block, BEML Layout Stage 3, Rajarajeshwari Nagar, Bengaluru, Karnataka. Pin-560098 (India)",1,3,10.0,15.0,critical,#FF4B4B
866014517ffffff,8,15,12.9161165,77.5205401,"Model Road, Krishnappa Block, BEML Layout Stage 3, Rajarajeshwari Nagar, Bengaluru, Karnataka. Pin-560098 (India)",2,2,10.0,15.0,critical,#FF4B4B
866014517ffffff,8,15,12.9161165,77.5205401,"Model Road, Krishnappa Block, BEML Layout Stage 3, Rajarajeshwari Nagar, Bengaluru, Karnataka. Pin-560098 (India)",4,5,10.0,15.0,critical,#FF4B4B
866014517ffffff,8,15,12.9161165,77.5205401,"Model Road, Krishnappa Block, BEML Layout Stage 3, Rajarajeshwari Nagar, Bengaluru, Karnataka. Pin-560098 (India)",5,2,10.0,15.0,critical,#FF4B4B
866014517ffffff,8,15,12.9161165,77.5205401,"Model Road, Krishnappa Block, BEML Layout Stage 3, Rajarajeshwari Nagar, Bengaluru, Karnataka. Pin-560098 (India)",6,1,10.0,15.0,critical,#FF4B4B
866014517ffffff,9,1,12.8762617,77.5292786,"Vajarahalli Road, Prasad Layout, Ganigara Palya, Lingadheeranahalli Andhrahalli, Bengaluru, Karnataka. Pin-560109 (India)",6,1,0.0,0.0,green,#00CC66
866014517ffffff,10,3,12.8931845,77.537668,"3rd Main Road, Pride Spring Field Apartment, Subramanyapura, Bengaluru, Karnataka. Pin-560061 (India)",0,1,10.0,3.0,green,#00CC66
866014517ffffff,10,3,12.8931845,77.537668,"3rd Main Road, Pride Spring Field Apartment, Subramanyapura, Bengaluru, Karnataka. Pin-560061 (India)",2,1,10.0,3.0,green,#00CC66
866014517ffffff,10,3,12.8931845,77.537668,"3rd Main Road, Pride Spring Field Apartment, Subramanyapura, Bengaluru, Karnataka. Pin-560061 (India)",6,1,10.0,3.0,green,#00CC66
866014517ffffff,20,4,12.8688824,77.5365608,"Konanakunte Main Road, Thalaghattapura, Bengaluru, Karnataka. Pin-560109 (India)",2,3,3.33,1.33,green,#00CC66
866014517ffffff,20,4,12.8688824,77.5365608,"Konanakunte Main Road, Thalaghattapura, Bengaluru, Karnataka. Pin-560109 (India)",3,1,10.0,4.0,monitor,#FFA500
866014517ffffff,21,9,12.8685827,77.5362548,"Konanakunte Main Road, Thalaghattapura, Bengaluru, Karnataka. Pin-560109 (India)",1,1,10.0,9.0,critical,#FF4B4B
866014517ffffff,21,9,12.8685827,77.5362548,"Konanakunte Main Road, Thalaghattapura, Bengaluru, Karnataka. Pin-560109 (India)",2,3,10.0,9.0,critical,#FF4B4B
866014517ffffff,21,9,12.8685827,77.5362548,"Konanakunte Main Road, Thalaghattapura, Bengaluru, Karnataka. Pin-560109 (India)",4,2,10.0,9.0,critical,#FF4B4B
866014517ffffff,21,9,12.8685827,77.5362548,"Konanakunte Main Road, Thalaghattapura, Bengaluru, Karnataka. Pin-560109 (India)",5,2,10.0,9.0,critical,#FF4B4B
866014517ffffff,21,9,12.8685827,77.5362548,"Konanakunte Main Road, Thalaghattapura, Bengaluru, Karnataka. Pin-560109 (India)",6,1,10.0,9.0,critical,#FF4B4B
866014517ffffff,22,12,12.9048421,77.5299793,"Dr Vishnuvardhan Main Road, Banashankari Stage 5, Bengaluru, Karnataka. Pin-560061 (India)",1,2,10.0,12.0,critical,#FF4B4B
866014517ffffff,22,12,12.9048421,77.5299793,"Dr Vishnuvardhan Main Road, Banashankari Stage 5, Bengaluru, Karnataka. Pin-560061 (India)",2,6,10.0,12.0,critical,#FF4B4B
866014517ffffff,22,12,12.9048421,77.5299793,"Dr Vishnuvardhan Main Road, Banashankari Stage 5, Bengaluru, Karnataka. Pin-560061 (India)",3,1,10.0,12.0,critical,#FF4B4B
866014517ffffff,22,12,12.9048421,77.5299793,"Dr Vishnuvardhan Main Road, Banashankari Stage 5, Bengaluru, Karnataka. Pin-560061 (India)",5,3,10.0,12.0,critical,#FF4B4B
866014517ffffff,23,46,12.9071194,77.5343921,"19th Main Road, Dr Vishuvardhan Circle, Kodipur, Bengaluru, Karnataka. Pin-560061 (India)",0,6,10.0,46.0,critical,#FF4B4B
866014517ffffff,23,46,12.9071194,77.5343921,"19th Main Road, Dr Vishuvardhan Circle, Kodipur, Bengaluru, Karnataka. Pin-560061 (India)",1,13,10.0,46.0,critical,#FF4B4B
866014517ffffff,23,46,12.9071194,77.5343921,"19th Main Road, Dr Vishuvardhan Circle, Kodipur, Bengaluru, Karnataka. Pin-560061 (India)",2,7,10.0,46.0,critical,#FF4B4B
866014517ffffff,23,46,12.9071194,77.5343921,"19th Main Road, Dr Vishuvardhan Circle, Kodipur, Bengaluru, Karnataka. Pin-560061 (India)",3,3,10.0,46.0,critical,#FF4B4B
866014517ffffff,23,46,12.9071194,77.5343921,"19th Main Road, Dr Vishuvardhan Circle, Kodipur, Bengaluru, Karnataka. Pin-560061 (India)",4,2,10.0,46.0,critical,#FF4B4B
866014517ffffff,23,46,12.9071194,77.5343921,"19th Main Road, Dr Vishuvardhan Circle, Kodipur, Bengaluru, Karnataka. Pin-560061 (India)",5,12,10.0,46.0,critical,#FF4B4B
866014517ffffff,23,46,12.9071194,77.5343921,"19th Main Road, Dr Vishuvardhan Circle, Kodipur, Bengaluru, Karnataka. Pin-560061 (India)",6,3,10.0,46.0,critical,#FF4B4B
86601451fffffff,2,2,12.8965898,77.453348,"Challagatta Main Road, Chalaghatta, Bengaluru, Karnataka. Pin-560074 (India)",2,1,10.0,2.0,green,#00CC66
86601451fffffff,2,2,12.8965898,77.453348,"Challagatta Main Road, Chalaghatta, Bengaluru, Karnataka. Pin-560074 (India)",4,1,10.0,2.0,green,#00CC66
86601451fffffff,3,1,12.8965514,77.4533519,"Challagatta Main Road, Chalaghatta, Bengaluru, Karnataka. Pin-560074 (India)",2,1,0.0,0.0,green,#00CC66
86601451fffffff,4,3,12.8963282,77.4548149,"Challagatta Main Road, Chalaghatta, Bengaluru, Karnataka. Pin-560074 (India)",1,2,5.0,1.5,green,#00CC66
86601451fffffff,4,3,12.8963282,77.4548149,"Challagatta Main Road, Chalaghatta, Bengaluru, Karnataka. Pin-560074 (India)",5,1,10.0,3.0,green,#00CC66
86601451fffffff,5,2,12.9035725,77.4498397,"Challagatta Main Road, Sector N, Block 5, Nada Prabhu Kempegowda Layout, Bengaluru, Karnataka. Pin-560060 (India)",2,1,10.0,2.0,green,#00CC66
86601451fffffff,5,2,12.9035725,77.4498397,"Challagatta Main Road, Sector N, Block 5, Nada Prabhu Kempegowda Layout, Bengaluru, Karnataka. Pin-560060 (India)",6,1,10.0,2.0,green,#00CC66
86601451fffffff,20,2,12.8783709,77.4453111,"Kumbalgodu Flyover, Serenade Layout, Kumbalagodu, Bengaluru, Karnataka. Pin-560074 (India)",2,1,10.0,2.0,green,#00CC66
86601451fffffff,20,2,12.8783709,77.4453111,"Kumbalgodu Flyover, Serenade Layout, Kumbalagodu, Bengaluru, Karnataka. Pin-560074 (India)",5,1,10.0,2.0,green,#00CC66
86601451fffffff,22,4,12.90578,77.4756535,"2nd Cross Road, Suvrith Sadan, Kengeri Satellite Town, Bengaluru, Karnataka. Pin-560060 (India)",2,4,0.0,0.0,green,#00CC66
86601451fffffff,23,1,12.9012126,77.4673818,"Mysore Road, Vaishnavi Layout, Venkatapura South Taluka, Bengaluru, Karnataka. Pin-560060 (India)",5,1,0.0,0.0,green,#00CC66
866014537ffffff,0,1,12.8661751,77.5355604,"Main Road, Judicial Layout Phase II, Talagattapura, Bengaluru South City Corporation, Bengaluru, Bangalore South, Bengaluru Urban, Karnataka, 560062, India",6,1,0.0,0.0,green,#00CC66
866014537ffffff,1,5,12.8652883,77.5331933,"Colony HM Main Road, SPS Indraprastha, Jyotipuram, Thalaghattapura, Bengaluru, Karnataka. Pin-560109 (India)",1,1,10.0,5.0,monitor,#FFA500
866014537ffffff,1,5,12.8652883,77.5331933,"Colony HM Main Road, SPS Indraprastha, Jyotipuram, Thalaghattapura, Bengaluru, Karnataka. Pin-560109 (India)",6,4,2.5,1.25,green,#00CC66
866014537ffffff,2,1,12.8663044,77.5341575,"Konanakunte Main Road, Thalaghattapura, Bengaluru, Karnataka. Pin-560109 (India)",1,1,0.0,0.0,green,#00CC66
866014537ffffff,5,14,12.8568032,77.5299883,"Thalaghattapura, Talagattapura, Bengaluru South City Corporation, Bengaluru, Bangalore South, Bengaluru Urban, Karnataka, 560109, India",1,5,10.0,14.0,critical,#FF4B4B
866014537ffffff,5,14,12.8568032,77.5299883,"Thalaghattapura, Talagattapura, Bengaluru South City Corporation, Bengaluru, Bangalore South, Bengaluru Urban, Karnataka, 560109, India",3,1,10.0,14.0,critical,#FF4B4B
866014537ffffff,5,14,12.8568032,77.5299883,"Thalaghattapura, Talagattapura, Bengaluru South City Corporation, Bengaluru, Bangalore South, Bengaluru Urban, Karnataka, 560109, India",4,1,10.0,14.0,critical,#FF4B4B
866014537ffffff,5,14,12.8568032,77.5299883,"Thalaghattapura, Talagattapura, Bengaluru South City Corporation, Bengaluru, Bangalore South, Bengaluru Urban, Karnataka, 560109, India",5,4,10.0,14.0,critical,#FF4B4B
866014537ffffff,5,14,12.8568032,77.5299883,"Thalaghattapura, Talagattapura, Bengaluru South City Corporation, Bengaluru, Bangalore South, Bengaluru Urban, Karnataka, 560109, India",6,3,10.0,14.0,critical,#FF4B4B
866014537ffffff,6,35,12.8607076,77.5293443,"Konanakunte Main Road, SV Luxuria, VISL Layout, Thalaghattapura, Bengaluru, Karnataka. Pin-560109 (India)",1,4,10.0,35.0,critical,#FF4B4B
866014537ffffff,6,35,12.8607076,77.5293443,"Konanakunte Main Road, SV Luxuria, VISL Layout, Thalaghattapura, Bengaluru, Karnataka. Pin-560109 (India)",2,7,10.0,35.0,critical,#FF4B4B
866014537ffffff,6,35,12.8607076,77.5293443,"Konanakunte Main Road, SV Luxuria, VISL Layout, Thalaghattapura, Bengaluru, Karnataka. Pin-560109 (India)",3,2,10.0,35.0,critical,#FF4B4B
866014537ffffff,6,35,12.8607076,77.5293443,"Konanakunte Main Road, SV Luxuria, VISL Layout, Thalaghattapura, Bengaluru, Karnataka. Pin-560109 (India)",5,7,10.0,35.0,critical,#FF4B4B
866014537ffffff,6,35,12.8607076,77.5293443,"Konanakunte Main Road, SV Luxuria, VISL Layout, Thalaghattapura, Bengaluru, Karnataka. Pin-560109 (India)",6,15,10.0,35.0,critical,#FF4B4B
866014537ffffff,8,1,12.8666268,77.5344006,"Konanakunte Main Road, Thalaghattapura, Bengaluru, Karnataka. Pin-560109 (India)",2,1,0.0,0.0,green,#00CC66
866014537ffffff,21,19,12.8597119,77.5284421,"Konanakunte Main Road, SV Luxuria, VISL Layout, Thalaghattapura, Bengaluru, Karnataka. Pin-560109 (India)",1,6,10.0,19.0,critical,#FF4B4B
866014537ffffff,21,19,12.8597119,77.5284421,"Konanakunte Main Road, SV Luxuria, VISL Layout, Thalaghattapura, Bengaluru, Karnataka. Pin-560109 (India)",2,5,10.0,19.0,critical,#FF4B4B
866014537ffffff,21,19,12.8597119,77.5284421,"Konanakunte Main Road, SV Luxuria, VISL Layout, Thalaghattapura, Bengaluru, Karnataka. Pin-560109 (India)",3,7,10.0,19.0,critical,#FF4B4B
866014537ffffff,21,19,12.8597119,77.5284421,"Konanakunte Main Road, SV Luxuria, VISL Layout, Thalaghattapura, Bengaluru, Karnataka. Pin-560109 (India)",5,1,10.0,19.0,critical,#FF4B4B
866014537ffffff,22,21,12.8663444,77.5345234,"Konanakunte Main Road, Thalaghattapura, Bengaluru, Karnataka. Pin-560109 (India)",0,7,10.0,21.0,critical,#FF4B4B
866014537ffffff,22,21,12.8663444,77.5345234,"Konanakunte Main Road, Thalaghattapura, Bengaluru, Karnataka. Pin-560109 (India)",1,9,10.0,21.0,critical,#FF4B4B
866014537ffffff,22,21,12.8663444,77.5345234,"Konanakunte Main Road, Thalaghattapura, Bengaluru, Karnataka. Pin-560109 (India)",2,1,10.0,21.0,critical,#FF4B4B
866014537ffffff,22,21,12.8663444,77.5345234,"Konanakunte Main Road, Thalaghattapura, Bengaluru, Karnataka. Pin-560109 (India)",4,1,10.0,21.0,critical,#FF4B4B
866014537ffffff,22,21,12.8663444,77.5345234,"Konanakunte Main Road, Thalaghattapura, Bengaluru, Karnataka. Pin-560109 (India)",5,2,10.0,21.0,critical,#FF4B4B
866014537ffffff,22,21,12.8663444,77.5345234,"Konanakunte Main Road, Thalaghattapura, Bengaluru, Karnataka. Pin-560109 (India)",6,1,10.0,21.0,critical,#FF4B4B
866014537ffffff,23,2,12.8663604,77.5342159,"Konanakunte Main Road, Thalaghattapura, Bengaluru, Karnataka. Pin-560109 (India)",2,2,0.0,0.0,green,#00CC66
866014587ffffff,0,338,12.982001091966596,77.53237534189756,"Magadi Main Road, Hanumantharayan Palya, Sunkadakatte, Bengaluru, Karnataka. Pin-560091 (India)",0,38,10.0,338.0,critical,#FF4B4B
866014587ffffff,0,338,12.982001091966596,77.53237534189756,"Magadi Main Road, Hanumantharayan Palya, Sunkadakatte, Bengaluru, Karnataka. Pin-560091 (India)",1,44,10.0,338.0,critical,#FF4B4B
866014587ffffff,0,338,12.982001091966596,77.53237534189756,"Magadi Main Road, Hanumantharayan Palya, Sunkadakatte, Bengaluru, Karnataka. Pin-560091 (India)",2,29,10.0,338.0,critical,#FF4B4B
866014587ffffff,0,338,12.982001091966596,77.53237534189756,"Magadi Main Road, Hanumantharayan Palya, Sunkadakatte, Bengaluru, Karnataka. Pin-560091 (India)",3,74,10.0,338.0,critical,#FF4B4B
866014587ffffff,0,338,12.982001091966596,77.53237534189756,"Magadi Main Road, Hanumantharayan Palya, Sunkadakatte, Bengaluru, Karnataka. Pin-560091 (India)",4,78,10.0,338.0,critical,#FF4B4B
866014587ffffff,0,338,12.982001091966596,77.53237534189756,"Magadi Main Road, Hanumantharayan Palya, Sunkadakatte, Bengaluru, Karnataka. Pin-560091 (India)",5,31,10.0,338.0,critical,#FF4B4B
866014587ffffff,0,338,12.982001091966596,77.53237534189756,"Magadi Main Road, Hanumantharayan Palya, Sunkadakatte, Bengaluru, Karnataka. Pin-560091 (India)",6,44,10.0,338.0,critical,#FF4B4B
866014587ffffff,1,257,12.9893488,77.5004938,"Magadi Main Road, Hanumantharayan Palya, Sunkadakatte, Bengaluru, Karnataka. Pin-560091 (India)",0,31,10.0,257.0,critical,#FF4B4B
866014587ffffff,1,257,12.9893488,77.5004938,"Magadi Main Road, Hanumantharayan Palya, Sunkadakatte, Bengaluru, Karnataka. Pin-560091 (India)",1,49,10.0,257.0,critical,#FF4B4B
866014587ffffff,1,257,12.9893488,77.5004938,"Magadi Main Road, Hanumantharayan Palya, Sunkadakatte, Bengaluru, Karnataka. Pin-560091 (India)",2,54,10.0,257.0,critical,#FF4B4B
866014587ffffff,1,257,12.9893488,77.5004938,"Magadi Main Road, Hanumantharayan Palya, Sunkadakatte, Bengaluru, Karnataka. Pin-560091 (India)",3,43,10.0,257.0,critical,#FF4B4B
866014587ffffff,1,257,12.9893488,77.5004938,"Magadi Main Road, Hanumantharayan Palya, Sunkadakatte, Bengaluru, Karnataka. Pin-560091 (India)",4,38,10.0,257.0,critical,#FF4B4B
866014587ffffff,1,257,12.9893488,77.5004938,"Magadi Main Road, Hanumantharayan Palya, Sunkadakatte, Bengaluru, Karnataka. Pin-560091 (India)",5,12,10.0,257.0,critical,#FF4B4B
866014587ffffff,1,257,12.9893488,77.5004938,"Magadi Main Road, Hanumantharayan Palya, Sunkadakatte, Bengaluru, Karnataka. Pin-560091 (India)",6,30,10.0,257.0,critical,#FF4B4B
866014587ffffff,2,312,12.9715553,77.5075457,"Kengeri Main Road, Papareddypalya Circle, Nagarbhavi Stage 2, Bengaluru, Karnataka. Pin-560072 (India)",0,22,10.0,312.0,critical,#FF4B4B
866014587ffffff,2,312,12.9715553,77.5075457,"Kengeri Main Road, Papareddypalya Circle, Nagarbhavi Stage 2, Bengaluru, Karnataka. Pin-560072 (India)",1,42,10.0,312.0,critical,#FF4B4B
866014587ffffff,2,312,12.9715553,77.5075457,"Kengeri Main Road, Papareddypalya Circle, Nagarbhavi Stage 2, Bengaluru, Karnataka. Pin-560072 (India)",2,81,10.0,312.0,critical,#FF4B4B
866014587ffffff,2,312,12.9715553,77.5075457,"Kengeri Main Road, Papareddypalya Circle, Nagarbhavi Stage 2, Bengaluru, Karnataka. Pin-560072 (India)",3,37,10.0,312.0,critical,#FF4B4B
866014587ffffff,2,312,12.9715553,77.5075457,"Kengeri Main Road, Papareddypalya Circle, Nagarbhavi Stage 2, Bengaluru, Karnataka. Pin-560072 (India)",4,34,10.0,312.0,critical,#FF4B4B
866014587ffffff,2,312,12.9715553,77.5075457,"Kengeri Main Road, Papareddypalya Circle, Nagarbhavi Stage 2, Bengaluru, Karnataka. Pin-560072 (India)",5,41,10.0,312.0,critical,#FF4B4B
866014587ffffff,2,312,12.9715553,77.5075457,"Kengeri Main Road, Papareddypalya Circle, Nagarbhavi Stage 2, Bengaluru, Karnataka. Pin-560072 (India)",6,55,10.0,312.0,critical,#FF4B4B
866014587ffffff,3,338,12.9916157,77.5382765,"8th Main Road, Basaveshwara Nagar, Bengaluru, Karnataka. Pin-560079 (India)",0,13,10.0,338.0,critical,#FF4B4B
866014587ffffff,3,338,12.9916157,77.5382765,"8th Main Road, Basaveshwara Nagar, Bengaluru, Karnataka. Pin-560079 (India)",1,89,10.0,338.0,critical,#FF4B4B
866014587ffffff,3,338,12.9916157,77.5382765,"8th Main Road, Basaveshwara Nagar, Bengaluru, Karnataka. Pin-560079 (India)",2,55,10.0,338.0,critical,#FF4B4B
866014587ffffff,3,338,12.9916157,77.5382765,"8th Main Road, Basaveshwara Nagar, Bengaluru, Karnataka. Pin-560079 (India)",3,43,10.0,338.0,critical,#FF4B4B
866014587ffffff,3,338,12.9916157,77.5382765,"8th Main Road, Basaveshwara Nagar, Bengaluru, Karnataka. Pin-560079 (India)",4,40,10.0,338.0,critical,#FF4B4B
866014587ffffff,3,338,12.9916157,77.5382765,"8th Main Road, Basaveshwara Nagar, Bengaluru, Karnataka. Pin-560079 (India)",5,45,10.0,338.0,critical,#FF4B4B
866014587ffffff,3,338,12.9916157,77.5382765,"8th Main Road, Basaveshwara Nagar, Bengaluru, Karnataka. Pin-560079 (India)",6,53,10.0,338.0,critical,#FF4B4B
866014587ffffff,4,569,12.9915391,77.5382879,"8th Main Road, Basaveshwara Nagar, Bengaluru, Karnataka. Pin-560079 (India)",0,58,10.0,569.0,critical,#FF4B4B
866014587ffffff,4,569,12.9915391,77.5382879,"8th Main Road, Basaveshwara Nagar, Bengaluru, Karnataka. Pin-560079 (India)",1,74,10.0,569.0,critical,#FF4B4B
866014587ffffff,4,569,12.9915391,77.5382879,"8th Main Road, Basaveshwara Nagar, Bengaluru, Karnataka. Pin-560079 (India)",2,70,10.0,569.0,critical,#FF4B4B
866014587ffffff,4,569,12.9915391,77.5382879,"8th Main Road, Basaveshwara Nagar, Bengaluru, Karnataka. Pin-560079 (India)",3,139,10.0,569.0,critical,#FF4B4B
866014587ffffff,4,569,12.9915391,77.5382879,"8th Main Road, Basaveshwara Nagar, Bengaluru, Karnataka. Pin-560079 (India)",4,32,10.0,569.0,critical,#FF4B4B
866014587ffffff,4,569,12.9915391,77.5382879,"8th Main Road, Basaveshwara Nagar, Bengaluru, Karnataka. Pin-560079 (India)",5,125,10.0,569.0,critical,#FF4B4B
866014587ffffff,4,569,12.9915391,77.5382879,"8th Main Road, Basaveshwara Nagar, Bengaluru, Karnataka. Pin-560079 (India)",6,71,10.0,569.0,critical,#FF4B4B
866014587ffffff,5,1154,13.0106454,77.5066967,"Rajgopal Nagar Main Road, M Ramaiah Layout, Stage 2, Peenya, Bengaluru, Karnataka. Pin-560058 (India)",0,152,10.0,1154.0,critical,#FF4B4B
866014587ffffff,5,1154,13.0106454,77.5066967,"Rajgopal Nagar Main Road, M Ramaiah Layout, Stage 2, Peenya, Bengaluru, Karnataka. Pin-560058 (India)",1,192,10.0,1154.0,critical,#FF4B4B
866014587ffffff,5,1154,13.0106454,77.5066967,"Rajgopal Nagar Main Road, M Ramaiah Layout, Stage 2, Peenya, Bengaluru, Karnataka. Pin-560058 (India)",2,187,10.0,1154.0,critical,#FF4B4B
866014587ffffff,5,1154,13.0106454,77.5066967,"Rajgopal Nagar Main Road, M Ramaiah Layout, Stage 2, Peenya, Bengaluru, Karnataka. Pin-560058 (India)",3,176,10.0,1154.0,critical,#FF4B4B
866014587ffffff,5,1154,13.0106454,77.5066967,"Rajgopal Nagar Main Road, M Ramaiah Layout, Stage 2, Peenya, Bengaluru, Karnataka. Pin-560058 (India)",4,100,10.0,1154.0,critical,#FF4B4B
866014587ffffff,5,1154,13.0106454,77.5066967,"Rajgopal Nagar Main Road, M Ramaiah Layout, Stage 2, Peenya, Bengaluru, Karnataka. Pin-560058 (India)",5,185,10.0,1154.0,critical,#FF4B4B
866014587ffffff,5,1154,13.0106454,77.5066967,"Rajgopal Nagar Main Road, M Ramaiah Layout, Stage 2, Peenya, Bengaluru, Karnataka. Pin-560058 (India)",6,162,10.0,1154.0,critical,#FF4B4B
866014587ffffff,6,909,12.9978696,77.5438903,"Padmabhushan Dr MC Modi Road, Adarsha Layout, Basaveshwara Nagar, Bengaluru, Karnataka. Pin-560079 (India)",0,131,10.0,909.0,critical,#FF4B4B
866014587ffffff,6,909,12.9978696,77.5438903,"Padmabhushan Dr MC Modi Road, Adarsha Layout, Basaveshwara Nagar, Bengaluru, Karnataka. Pin-560079 (India)",1,123,10.0,909.0,critical,#FF4B4B
866014587ffffff,6,909,12.9978696,77.5438903,"Padmabhushan Dr MC Modi Road, Adarsha Layout, Basaveshwara Nagar, Bengaluru, Karnataka. Pin-560079 (India)",2,135,10.0,909.0,critical,#FF4B4B
866014587ffffff,6,909,12.9978696,77.5438903,"Padmabhushan Dr MC Modi Road, Adarsha Layout, Basaveshwara Nagar, Bengaluru, Karnataka. Pin-560079 (India)",3,154,10.0,909.0,critical,#FF4B4B
866014587ffffff,6,909,12.9978696,77.5438903,"Padmabhushan Dr MC Modi Road, Adarsha Layout, Basaveshwara Nagar, Bengaluru, Karnataka. Pin-560079 (India)",4,126,10.0,909.0,critical,#FF4B4B
866014587ffffff,6,909,12.9978696,77.5438903,"Padmabhushan Dr MC Modi Road, Adarsha Layout, Basaveshwara Nagar, Bengaluru, Karnataka. Pin-560079 (India)",5,93,10.0,909.0,critical,#FF4B4B
866014587ffffff,6,909,12.9978696,77.5438903,"Padmabhushan Dr MC Modi Road, Adarsha Layout, Basaveshwara Nagar, Bengaluru, Karnataka. Pin-560079 (India)",6,147,10.0,909.0,critical,#FF4B4B
866014587ffffff,7,463,12.9981633,77.5237883,"Laggere Service Road, Narasimhaswamy Layout, Laggere, Bengaluru, Karnataka. Pin-560058 (India)",0,58,10.0,463.0,critical,#FF4B4B
866014587ffffff,7,463,12.9981633,77.5237883,"Laggere Service Road, Narasimhaswamy Layout, Laggere, Bengaluru, Karnataka. Pin-560058 (India)",1,65,10.0,463.0,critical,#FF4B4B
866014587ffffff,7,463,12.9981633,77.5237883,"Laggere Service Road, Narasimhaswamy Layout, Laggere, Bengaluru, Karnataka. Pin-560058 (India)",2,87,10.0,463.0,critical,#FF4B4B
866014587ffffff,7,463,12.9981633,77.5237883,"Laggere Service Road, Narasimhaswamy Layout, Laggere, Bengaluru, Karnataka. Pin-560058 (India)",3,56,10.0,463.0,critical,#FF4B4B
866014587ffffff,7,463,12.9981633,77.5237883,"Laggere Service Road, Narasimhaswamy Layout, Laggere, Bengaluru, Karnataka. Pin-560058 (India)",4,73,10.0,463.0,critical,#FF4B4B
866014587ffffff,7,463,12.9981633,77.5237883,"Laggere Service Road, Narasimhaswamy Layout, Laggere, Bengaluru, Karnataka. Pin-560058 (India)",5,51,10.0,463.0,critical,#FF4B4B
866014587ffffff,7,463,12.9981633,77.5237883,"Laggere Service Road, Narasimhaswamy Layout, Laggere, Bengaluru, Karnataka. Pin-560058 (India)",6,73,10.0,463.0,critical,#FF4B4B
866014587ffffff,8,171,13.0176567,77.5314417,"Dr Rajkumar Puniya Bhoomi Road, Sri Annamma Devi Circle, Nandini Layout, Bengaluru, Karnataka. Pin-560096 (India)",0,20,10.0,171.0,critical,#FF4B4B
866014587ffffff,8,171,13.0176567,77.5314417,"Dr Rajkumar Puniya Bhoomi Road, Sri Annamma Devi Circle, Nandini Layout, Bengaluru, Karnataka. Pin-560096 (India)",1,25,10.0,171.0,critical,#FF4B4B
866014587ffffff,8,171,13.0176567,77.5314417,"Dr Rajkumar Puniya Bhoomi Road, Sri Annamma Devi Circle, Nandini Layout, Bengaluru, Karnataka. Pin-560096 (India)",2,15,10.0,171.0,critical,#FF4B4B
866014587ffffff,8,171,13.0176567,77.5314417,"Dr Rajkumar Puniya Bhoomi Road, Sri Annamma Devi Circle, Nandini Layout, Bengaluru, Karnataka. Pin-560096 (India)",3,19,10.0,171.0,critical,#FF4B4B
866014587ffffff,8,171,13.0176567,77.5314417,"Dr Rajkumar Puniya Bhoomi Road, Sri Annamma Devi Circle, Nandini Layout, Bengaluru, Karnataka. Pin-560096 (India)",4,24,10.0,171.0,critical,#FF4B4B
866014587ffffff,8,171,13.0176567,77.5314417,"Dr Rajkumar Puniya Bhoomi Road, Sri Annamma Devi Circle, Nandini Layout, Bengaluru, Karnataka. Pin-560096 (India)",5,44,10.0,171.0,critical,#FF4B4B
866014587ffffff,8,171,13.0176567,77.5314417,"Dr Rajkumar Puniya Bhoomi Road, Sri Annamma Devi Circle, Nandini Layout, Bengaluru, Karnataka. Pin-560096 (India)",6,24,10.0,171.0,critical,#FF4B4B
866014587ffffff,9,61,12.9891717,77.537759,"Dr Siddaiah Puranik Marg, Block 4 Stage 3, Basaveshwara Nagar, Bengaluru, Karnataka. Pin-560079 (India)",0,16,10.0,61.0,critical,#FF4B4B
866014587ffffff,9,61,12.9891717,77.537759,"Dr Siddaiah Puranik Marg, Block 4 Stage 3, Basaveshwara Nagar, Bengaluru, Karnataka. Pin-560079 (India)",1,17,10.0,61.0,critical,#FF4B4B
866014587ffffff,9,61,12.9891717,77.537759,"Dr Siddaiah Puranik Marg, Block 4 Stage 3, Basaveshwara Nagar, Bengaluru, Karnataka. Pin-560079 (India)",2,1,10.0,61.0,critical,#FF4B4B
866014587ffffff,9,61,12.9891717,77.537759,"Dr Siddaiah Puranik Marg, Block 4 Stage 3, Basaveshwara Nagar, Bengaluru, Karnataka. Pin-560079 (India)",3,16,10.0,61.0,critical,#FF4B4B
866014587ffffff,9,61,12.9891717,77.537759,"Dr Siddaiah Puranik Marg, Block 4 Stage 3, Basaveshwara Nagar, Bengaluru, Karnataka. Pin-560079 (India)",4,3,10.0,61.0,critical,#FF4B4B
866014587ffffff,9,61,12.9891717,77.537759,"Dr Siddaiah Puranik Marg, Block 4 Stage 3, Basaveshwara Nagar, Bengaluru, Karnataka. Pin-560079 (India)",5,6,10.0,61.0,critical,#FF4B4B
866014587ffffff,9,61,12.9891717,77.537759,"Dr Siddaiah Puranik Marg, Block 4 Stage 3, Basaveshwara Nagar, Bengaluru, Karnataka. Pin-560079 (India)",6,2,10.0,61.0,critical,#FF4B4B
866014587ffffff,10,4,12.9603542,77.5132428,"Nagarabhavi Main Road, Block 12, BDA Layout, Nagarbhavi Stage 2, Bengaluru, Karnataka. Pin-560072 (India)",0,2,10.0,4.0,monitor,#FFA500
866014587ffffff,10,4,12.9603542,77.5132428,"Nagarabhavi Main Road, Block 12, BDA Layout, Nagarbhavi Stage 2, Bengaluru, Karnataka. Pin-560072 (India)",4,2,10.0,4.0,monitor,#FFA500
866014587ffffff,17,2,12.9693049,77.5105312,"3rd Main Road, Block 11, BDA Layout, Nagarbhavi Stage 2, Bengaluru, Karnataka. Pin-560072 (India)",0,2,0.0,0.0,green,#00CC66
866014587ffffff,18,7,13.0097272,77.506106,"Hegganahalli Main Road, M Ramaiah Layout, Stage 2, Peenya, Bengaluru, Karnataka. Pin-560058 (India)",0,4,7.5,5.25,monitor,#FFA500
866014587ffffff,18,7,13.0097272,77.506106,"Hegganahalli Main Road, M Ramaiah Layout, Stage 2, Peenya, Bengaluru, Karnataka. Pin-560058 (India)",2,1,10.0,7.0,critical,#FF4B4B
866014587ffffff,18,7,13.0097272,77.506106,"Hegganahalli Main Road, M Ramaiah Layout, Stage 2, Peenya, Bengaluru, Karnataka. Pin-560058 (India)",5,2,10.0,7.0,critical,#FF4B4B
866014587ffffff,19,77,13.0186373,77.531839,"Dr Rajkumar Puniya Bhoomi Road, Block 2, Nandini Layout, Bengaluru, Karnataka. Pin-560096 (India)",0,3,10.0,77.0,critical,#FF4B4B
866014587ffffff,19,77,13.0186373,77.531839,"Dr Rajkumar Puniya Bhoomi Road, Block 2, Nandini Layout, Bengaluru, Karnataka. Pin-560096 (India)",1,12,10.0,77.0,critical,#FF4B4B
866014587ffffff,19,77,13.0186373,77.531839,"Dr Rajkumar Puniya Bhoomi Road, Block 2, Nandini Layout, Bengaluru, Karnataka. Pin-560096 (India)",2,6,10.0,77.0,critical,#FF4B4B
866014587ffffff,19,77,13.0186373,77.531839,"Dr Rajkumar Puniya Bhoomi Road, Block 2, Nandini Layout, Bengaluru, Karnataka. Pin-560096 (India)",3,13,10.0,77.0,critical,#FF4B4B
866014587ffffff,19,77,13.0186373,77.531839,"Dr Rajkumar Puniya Bhoomi Road, Block 2, Nandini Layout, Bengaluru, Karnataka. Pin-560096 (India)",4,8,10.0,77.0,critical,#FF4B4B
866014587ffffff,19,77,13.0186373,77.531839,"Dr Rajkumar Puniya Bhoomi Road, Block 2, Nandini Layout, Bengaluru, Karnataka. Pin-560096 (India)",5,23,10.0,77.0,critical,#FF4B4B
866014587ffffff,19,77,13.0186373,77.531839,"Dr Rajkumar Puniya Bhoomi Road, Block 2, Nandini Layout, Bengaluru, Karnataka. Pin-560096 (India)",6,12,10.0,77.0,critical,#FF4B4B
866014587ffffff,20,164,12.9902478,77.5031412,"Magadi Main Road, Pattanagere Nagar, Sunkadakatte, Bengaluru, Karnataka. Pin-560091 (India)",0,27,10.0,164.0,critical,#FF4B4B
866014587ffffff,20,164,12.9902478,77.5031412,"Magadi Main Road, Pattanagere Nagar, Sunkadakatte, Bengaluru, Karnataka. Pin-560091 (India)",1,44,10.0,164.0,critical,#FF4B4B
866014587ffffff,20,164,12.9902478,77.5031412,"Magadi Main Road, Pattanagere Nagar, Sunkadakatte, Bengaluru, Karnataka. Pin-560091 (India)",2,14,10.0,164.0,critical,#FF4B4B
866014587ffffff,20,164,12.9902478,77.5031412,"Magadi Main Road, Pattanagere Nagar, Sunkadakatte, Bengaluru, Karnataka. Pin-560091 (India)",3,25,10.0,164.0,critical,#FF4B4B
866014587ffffff,20,164,12.9902478,77.5031412,"Magadi Main Road, Pattanagere Nagar, Sunkadakatte, Bengaluru, Karnataka. Pin-560091 (India)",4,31,10.0,164.0,critical,#FF4B4B
866014587ffffff,20,164,12.9902478,77.5031412,"Magadi Main Road, Pattanagere Nagar, Sunkadakatte, Bengaluru, Karnataka. Pin-560091 (India)",5,13,10.0,164.0,critical,#FF4B4B
866014587ffffff,20,164,12.9902478,77.5031412,"Magadi Main Road, Pattanagere Nagar, Sunkadakatte, Bengaluru, Karnataka. Pin-560091 (India)",6,10,10.0,164.0,critical,#FF4B4B
866014587ffffff,21,462,12.989728,77.5055045,"Magadi Main Road, Muthuraya Swamy Extension, Sunkadakatte, Bengaluru, Karnataka. Pin-560091 (India)",0,61,10.0,462.0,critical,#FF4B4B
866014587ffffff,21,462,12.989728,77.5055045,"Magadi Main Road, Muthuraya Swamy Extension, Sunkadakatte, Bengaluru, Karnataka. Pin-560091 (India)",1,82,10.0,462.0,critical,#FF4B4B
866014587ffffff,21,462,12.989728,77.5055045,"Magadi Main Road, Muthuraya Swamy Extension, Sunkadakatte, Bengaluru, Karnataka. Pin-560091 (India)",2,101,10.0,462.0,critical,#FF4B4B
866014587ffffff,21,462,12.989728,77.5055045,"Magadi Main Road, Muthuraya Swamy Extension, Sunkadakatte, Bengaluru, Karnataka. Pin-560091 (India)",3,57,10.0,462.0,critical,#FF4B4B
866014587ffffff,21,462,12.989728,77.5055045,"Magadi Main Road, Muthuraya Swamy Extension, Sunkadakatte, Bengaluru, Karnataka. Pin-560091 (India)",4,76,10.0,462.0,critical,#FF4B4B
866014587ffffff,21,462,12.989728,77.5055045,"Magadi Main Road, Muthuraya Swamy Extension, Sunkadakatte, Bengaluru, Karnataka. Pin-560091 (India)",5,72,10.0,462.0,critical,#FF4B4B
866014587ffffff,21,462,12.989728,77.5055045,"Magadi Main Road, Muthuraya Swamy Extension, Sunkadakatte, Bengaluru, Karnataka. Pin-560091 (India)",6,13,10.0,462.0,critical,#FF4B4B
866014587ffffff,22,553,13.0048963,77.5282671,"18th Main Road, Freedom Fighters Colony, Laggere, Bengaluru, Karnataka. Pin-560058 (India)",0,83,10.0,553.0,critical,#FF4B4B
866014587ffffff,22,553,13.0048963,77.5282671,"18th Main Road, Freedom Fighters Colony, Laggere, Bengaluru, Karnataka. Pin-560058 (India)",1,71,10.0,553.0,critical,#FF4B4B
866014587ffffff,22,553,13.0048963,77.5282671,"18th Main Road, Freedom Fighters Colony, Laggere, Bengaluru, Karnataka. Pin-560058 (India)",2,68,10.0,553.0,critical,#FF4B4B
866014587ffffff,22,553,13.0048963,77.5282671,"18th Main Road, Freedom Fighters Colony, Laggere, Bengaluru, Karnataka. Pin-560058 (India)",3,85,10.0,553.0,critical,#FF4B4B
866014587ffffff,22,553,13.0048963,77.5282671,"18th Main Road, Freedom Fighters Colony, Laggere, Bengaluru, Karnataka. Pin-560058 (India)",4,77,10.0,553.0,critical,#FF4B4B
866014587ffffff,22,553,13.0048963,77.5282671,"18th Main Road, Freedom Fighters Colony, Laggere, Bengaluru, Karnataka. Pin-560058 (India)",5,84,10.0,553.0,critical,#FF4B4B
866014587ffffff,22,553,13.0048963,77.5282671,"18th Main Road, Freedom Fighters Colony, Laggere, Bengaluru, Karnataka. Pin-560058 (India)",6,85,10.0,553.0,critical,#FF4B4B
866014587ffffff,23,390,12.983961902851926,77.52881402411155,"Kamakshi Palya Main Road, Patel Puttayya Industrial Layout, Kamakshipalya, Bengaluru, Karnataka. Pin-560079 (India)",0,73,10.0,390.0,critical,#FF4B4B
866014587ffffff,23,390,12.983961902851926,77.52881402411155,"Kamakshi Palya Main Road, Patel Puttayya Industrial Layout, Kamakshipalya, Bengaluru, Karnataka. Pin-560079 (India)",1,53,10.0,390.0,critical,#FF4B4B
866014587ffffff,23,390,12.983961902851926,77.52881402411155,"Kamakshi Palya Main Road, Patel Puttayya Industrial Layout, Kamakshipalya, Bengaluru, Karnataka. Pin-560079 (India)",2,38,10.0,390.0,critical,#FF4B4B
866014587ffffff,23,390,12.983961902851926,77.52881402411155,"Kamakshi Palya Main Road, Patel Puttayya Industrial Layout, Kamakshipalya, Bengaluru, Karnataka. Pin-560079 (India)",3,55,10.0,390.0,critical,#FF4B4B
866014587ffffff,23,390,12.983961902851926,77.52881402411155,"Kamakshi Palya Main Road, Patel Puttayya Industrial Layout, Kamakshipalya, Bengaluru, Karnataka. Pin-560079 (India)",4,41,10.0,390.0,critical,#FF4B4B
866014587ffffff,23,390,12.983961902851926,77.52881402411155,"Kamakshi Palya Main Road, Patel Puttayya Industrial Layout, Kamakshipalya, Bengaluru, Karnataka. Pin-560079 (India)",5,74,10.0,390.0,critical,#FF4B4B
866014587ffffff,23,390,12.983961902851926,77.52881402411155,"Kamakshi Palya Main Road, Patel Puttayya Industrial Layout, Kamakshipalya, Bengaluru, Karnataka. Pin-560079 (India)",6,56,10.0,390.0,critical,#FF4B4B
86601458fffffff,0,5,12.9856646,77.480021,"Magadi Main Road, Byadrahalli, Bengaluru, Karnataka. Pin-560091 (India)",0,2,10.0,5.0,monitor,#FFA500
86601458fffffff,0,5,12.9856646,77.480021,"Magadi Main Road, Byadrahalli, Bengaluru, Karnataka. Pin-560091 (India)",5,1,10.0,5.0,monitor,#FFA500
86601458fffffff,0,5,12.9856646,77.480021,"Magadi Main Road, Byadrahalli, Bengaluru, Karnataka. Pin-560091 (India)",6,2,10.0,5.0,monitor,#FFA500
86601458fffffff,1,1,12.9876114,77.4746234,"Magadi Main Road, Dodda Gollarahatti, Bengaluru, Karnataka. Pin-560091 (India)",3,1,0.0,0.0,green,#00CC66
86601458fffffff,2,1,12.9876338,77.47503,"Magadi Main Road, Dodda Gollarahatti, Bengaluru, Karnataka. Pin-560091 (India)",6,1,0.0,0.0,green,#00CC66
86601458fffffff,3,4,12.9854225,77.4850139,"50 Feet Road, Apanapa Layout, Byadrahalli, Bengaluru, Karnataka. Pin-560091 (India)",0,2,10.0,4.0,monitor,#FFA500
86601458fffffff,3,4,12.9854225,77.4850139,"50 Feet Road, Apanapa Layout, Byadrahalli, Bengaluru, Karnataka. Pin-560091 (India)",3,2,10.0,4.0,monitor,#FFA500
86601458fffffff,5,20,12.985574471102982,77.47948017,"Magadi Main Road, Byadrahalli, Bengaluru, Karnataka. Pin-560091 (India)",0,1,10.0,20.0,critical,#FF4B4B
86601458fffffff,5,20,12.985574471102982,77.47948017,"Magadi Main Road, Byadrahalli, Bengaluru, Karnataka. Pin-560091 (India)",1,12,6.67,13.34,critical,#FF4B4B
86601458fffffff,5,20,12.985574471102982,77.47948017,"Magadi Main Road, Byadrahalli, Bengaluru, Karnataka. Pin-560091 (India)",2,1,10.0,20.0,critical,#FF4B4B
86601458fffffff,5,20,12.985574471102982,77.47948017,"Magadi Main Road, Byadrahalli, Bengaluru, Karnataka. Pin-560091 (India)",4,3,10.0,20.0,critical,#FF4B4B
86601458fffffff,5,20,12.985574471102982,77.47948017,"Magadi Main Road, Byadrahalli, Bengaluru, Karnataka. Pin-560091 (India)",6,3,10.0,20.0,critical,#FF4B4B
86601458fffffff,6,48,12.9854892,77.479778,"Magadi Main Road, Byadrahalli, Bengaluru, Karnataka. Pin-560091 (India)",1,20,10.0,48.0,critical,#FF4B4B
86601458fffffff,6,48,12.9854892,77.479778,"Magadi Main Road, Byadrahalli, Bengaluru, Karnataka. Pin-560091 (India)",2,2,10.0,48.0,critical,#FF4B4B
86601458fffffff,6,48,12.9854892,77.479778,"Magadi Main Road, Byadrahalli, Bengaluru, Karnataka. Pin-560091 (India)",3,3,10.0,48.0,critical,#FF4B4B
86601458fffffff,6,48,12.9854892,77.479778,"Magadi Main Road, Byadrahalli, Bengaluru, Karnataka. Pin-560091 (India)",4,15,10.0,48.0,critical,#FF4B4B
86601458fffffff,6,48,12.9854892,77.479778,"Magadi Main Road, Byadrahalli, Bengaluru, Karnataka. Pin-560091 (India)",5,3,10.0,48.0,critical,#FF4B4B
86601458fffffff,6,48,12.9854892,77.479778,"Magadi Main Road, Byadrahalli, Bengaluru, Karnataka. Pin-560091 (India)",6,5,10.0,48.0,critical,#FF4B4B
86601458fffffff,7,20,12.9851578,77.4795334,"Andrahalli Main Road, Ramaswamy Layout, Andhrahalli, Bengaluru, Karnataka. Pin-560091 (India)",1,2,10.0,20.0,critical,#FF4B4B
86601458fffffff,7,20,12.9851578,77.4795334,"Andrahalli Main Road, Ramaswamy Layout, Andhrahalli, Bengaluru, Karnataka. Pin-560091 (India)",4,16,2.5,5.0,monitor,#FFA500
86601458fffffff,7,20,12.9851578,77.4795334,"Andrahalli Main Road, Ramaswamy Layout, Andhrahalli, Bengaluru, Karnataka. Pin-560091 (India)",6,2,10.0,20.0,critical,#FF4B4B
86601458fffffff,8,4,12.9855526,77.4796173,"Magadi Main Road, Byadrahalli, Bengaluru, Karnataka. Pin-560091 (India)",0,2,10.0,4.0,monitor,#FFA500
86601458fffffff,8,4,12.9855526,77.4796173,"Magadi Main Road, Byadrahalli, Bengaluru, Karnataka. Pin-560091 (India)",1,1,10.0,4.0,monitor,#FFA500
86601458fffffff,8,4,12.9855526,77.4796173,"Magadi Main Road, Byadrahalli, Bengaluru, Karnataka. Pin-560091 (India)",6,1,10.0,4.0,monitor,#FFA500
86601458fffffff,9,1,12.9875431,77.4752862,"Magadi Main Road, Dodda Gollarahatti, Bengaluru, Karnataka. Pin-560091 (India)",6,1,0.0,0.0,green,#00CC66
86601458fffffff,20,4,12.9885184,77.4725831,"BNG MD 87, Dodda Gollarahatti, Bengaluru, Karnataka. Pin-560091 (India)",5,3,3.33,1.33,green,#00CC66
86601458fffffff,20,4,12.9885184,77.4725831,"BNG MD 87, Dodda Gollarahatti, Bengaluru, Karnataka. Pin-560091 (India)",6,1,10.0,4.0,monitor,#FFA500
86601458fffffff,21,3,12.9876621,77.4751624,"Hosahalli Gollarahatti Magadi Road, Dodda Gollarahatti, Bengaluru, Karnataka. Pin-560091 (India)",2,1,10.0,3.0,green,#00CC66
86601458fffffff,21,3,12.9876621,77.4751624,"Hosahalli Gollarahatti Magadi Road, Dodda Gollarahatti, Bengaluru, Karnataka. Pin-560091 (India)",4,1,10.0,3.0,green,#00CC66
86601458fffffff,21,3,12.9876621,77.4751624,"Hosahalli Gollarahatti Magadi Road, Dodda Gollarahatti, Bengaluru, Karnataka. Pin-560091 (India)",5,1,10.0,3.0,green,#00CC66
86601458fffffff,22,8,12.9886274,77.4488173,"Magadi Main Road, Kadabagere Cross, Machohalli, Bengaluru, Karnataka. Pin-560091 (India)",2,2,10.0,8.0,critical,#FF4B4B
86601458fffffff,22,8,12.9886274,77.4488173,"Magadi Main Road, Kadabagere Cross, Machohalli, Bengaluru, Karnataka. Pin-560091 (India)",3,1,10.0,8.0,critical,#FF4B4B
86601458fffffff,22,8,12.9886274,77.4488173,"Magadi Main Road, Kadabagere Cross, Machohalli, Bengaluru, Karnataka. Pin-560091 (India)",5,4,10.0,8.0,critical,#FF4B4B
86601458fffffff,22,8,12.9886274,77.4488173,"Magadi Main Road, Kadabagere Cross, Machohalli, Bengaluru, Karnataka. Pin-560091 (India)",6,1,10.0,8.0,critical,#FF4B4B
86601458fffffff,23,7,12.988578,77.4483342,"Magadi Main Road, Kaigarika Nagar, Machohalli, Bengaluru, Karnataka. Pin-560091 (India)",1,1,10.0,7.0,critical,#FF4B4B
86601458fffffff,23,7,12.988578,77.4483342,"Magadi Main Road, Kaigarika Nagar, Machohalli, Bengaluru, Karnataka. Pin-560091 (India)",3,4,7.5,5.25,monitor,#FFA500
86601458fffffff,23,7,12.988578,77.4483342,"Magadi Main Road, Kaigarika Nagar, Machohalli, Bengaluru, Karnataka. Pin-560091 (India)",5,1,10.0,7.0,critical,#FF4B4B
86601458fffffff,23,7,12.988578,77.4483342,"Magadi Main Road, Kaigarika Nagar, Machohalli, Bengaluru, Karnataka. Pin-560091 (India)",6,1,10.0,7.0,critical,#FF4B4B
866014597ffffff,0,364,13.021655,77.5314783,"100 Feet Road, VK Ramanna Block, Nandini Layout, Bengaluru, Karnataka. Pin-560096 (India)",0,38,10.0,364.0,critical,#FF4B4B
866014597ffffff,0,364,13.021655,77.5314783,"100 Feet Road, VK Ramanna Block, Nandini Layout, Bengaluru, Karnataka. Pin-560096 (India)",1,58,10.0,364.0,critical,#FF4B4B
866014597ffffff,0,364,13.021655,77.5314783,"100 Feet Road, VK Ramanna Block, Nandini Layout, Bengaluru, Karnataka. Pin-560096 (India)",2,56,10.0,364.0,critical,#FF4B4B
866014597ffffff,0,364,13.021655,77.5314783,"100 Feet Road, VK Ramanna Block, Nandini Layout, Bengaluru, Karnataka. Pin-560096 (India)",3,67,10.0,364.0,critical,#FF4B4B
866014597ffffff,0,364,13.021655,77.5314783,"100 Feet Road, VK Ramanna Block, Nandini Layout, Bengaluru, Karnataka. Pin-560096 (India)",4,52,10.0,364.0,critical,#FF4B4B
866014597ffffff,0,364,13.021655,77.5314783,"100 Feet Road, VK Ramanna Block, Nandini Layout, Bengaluru, Karnataka. Pin-560096 (India)",5,40,10.0,364.0,critical,#FF4B4B
866014597ffffff,0,364,13.021655,77.5314783,"100 Feet Road, VK Ramanna Block, Nandini Layout, Bengaluru, Karnataka. Pin-560096 (India)",6,53,10.0,364.0,critical,#FF4B4B
866014597ffffff,1,197,13.0280997,77.5734037,"2nd Cross Road, Block 2, Armane Nagar, Bengaluru, Karnataka. Pin-560094 (India)",0,22,10.0,197.0,critical,#FF4B4B
866014597ffffff,1,197,13.0280997,77.5734037,"2nd Cross Road, Block 2, Armane Nagar, Bengaluru, Karnataka. Pin-560094 (India)",1,35,10.0,197.0,critical,#FF4B4B
866014597ffffff,1,197,13.0280997,77.5734037,"2nd Cross Road, Block 2, Armane Nagar, Bengaluru, Karnataka. Pin-560094 (India)",2,26,10.0,197.0,critical,#FF4B4B
866014597ffffff,1,197,13.0280997,77.5734037,"2nd Cross Road, Block 2, Armane Nagar, Bengaluru, Karnataka. Pin-560094 (India)",3,37,10.0,197.0,critical,#FF4B4B
866014597ffffff,1,197,13.0280997,77.5734037,"2nd Cross Road, Block 2, Armane Nagar, Bengaluru, Karnataka. Pin-560094 (India)",4,22,10.0,197.0,critical,#FF4B4B
866014597ffffff,1,197,13.0280997,77.5734037,"2nd Cross Road, Block 2, Armane Nagar, Bengaluru, Karnataka. Pin-560094 (India)",5,22,10.0,197.0,critical,#FF4B4B
866014597ffffff,1,197,13.0280997,77.5734037,"2nd Cross Road, Block 2, Armane Nagar, Bengaluru, Karnataka. Pin-560094 (India)",6,33,10.0,197.0,critical,#FF4B4B
866014597ffffff,2,358,13.0263136,77.5441652,"1st Main Road, Sri Vijayamaruthi Circle, Yeshwanthpur, Bengaluru, Karnataka. Pin-560022 (India)",0,33,10.0,358.0,critical,#FF4B4B
866014597ffffff,2,358,13.0263136,77.5441652,"1st Main Road, Sri Vijayamaruthi Circle, Yeshwanthpur, Bengaluru, Karnataka. Pin-560022 (India)",1,68,10.0,358.0,critical,#FF4B4B
866014597ffffff,2,358,13.0263136,77.5441652,"1st Main Road, Sri Vijayamaruthi Circle, Yeshwanthpur, Bengaluru, Karnataka. Pin-560022 (India)",2,36,10.0,358.0,critical,#FF4B4B
866014597ffffff,2,358,13.0263136,77.5441652,"1st Main Road, Sri Vijayamaruthi Circle, Yeshwanthpur, Bengaluru, Karnataka. Pin-560022 (India)",3,38,10.0,358.0,critical,#FF4B4B
866014597ffffff,2,358,13.0263136,77.5441652,"1st Main Road, Sri Vijayamaruthi Circle, Yeshwanthpur, Bengaluru, Karnataka. Pin-560022 (India)",4,52,10.0,358.0,critical,#FF4B4B
866014597ffffff,2,358,13.0263136,77.5441652,"1st Main Road, Sri Vijayamaruthi Circle, Yeshwanthpur, Bengaluru, Karnataka. Pin-560022 (India)",5,64,10.0,358.0,critical,#FF4B4B
866014597ffffff,2,358,13.0263136,77.5441652,"1st Main Road, Sri Vijayamaruthi Circle, Yeshwanthpur, Bengaluru, Karnataka. Pin-560022 (India)",6,67,10.0,358.0,critical,#FF4B4B
866014597ffffff,3,309,13.0259603,77.5442139,"1st Main Road, Sri Vijayamaruthi Circle, Yeshwanthpur, Bengaluru, Karnataka. Pin-560022 (India)",0,19,10.0,309.0,critical,#FF4B4B
866014597ffffff,3,309,13.0259603,77.5442139,"1st Main Road, Sri Vijayamaruthi Circle, Yeshwanthpur, Bengaluru, Karnataka. Pin-560022 (India)",1,41,10.0,309.0,critical,#FF4B4B
866014597ffffff,3,309,13.0259603,77.5442139,"1st Main Road, Sri Vijayamaruthi Circle, Yeshwanthpur, Bengaluru, Karnataka. Pin-560022 (India)",2,38,10.0,309.0,critical,#FF4B4B
866014597ffffff,3,309,13.0259603,77.5442139,"1st Main Road, Sri Vijayamaruthi Circle, Yeshwanthpur, Bengaluru, Karnataka. Pin-560022 (India)",3,38,10.0,309.0,critical,#FF4B4B
866014597ffffff,3,309,13.0259603,77.5442139,"1st Main Road, Sri Vijayamaruthi Circle, Yeshwanthpur, Bengaluru, Karnataka. Pin-560022 (India)",4,30,10.0,309.0,critical,#FF4B4B
866014597ffffff,3,309,13.0259603,77.5442139,"1st Main Road, Sri Vijayamaruthi Circle, Yeshwanthpur, Bengaluru, Karnataka. Pin-560022 (India)",5,65,10.0,309.0,critical,#FF4B4B
866014597ffffff,3,309,13.0259603,77.5442139,"1st Main Road, Sri Vijayamaruthi Circle, Yeshwanthpur, Bengaluru, Karnataka. Pin-560022 (India)",6,78,10.0,309.0,critical,#FF4B4B
866014597ffffff,4,451,13.0391626,77.5662569,"5th Main Road, Devasandra, RMV Stage 2, Bengaluru, Karnataka. Pin-560054 (India)",0,87,10.0,451.0,critical,#FF4B4B
866014597ffffff,4,451,13.0391626,77.5662569,"5th Main Road, Devasandra, RMV Stage 2, Bengaluru, Karnataka. Pin-560054 (India)",1,82,10.0,451.0,critical,#FF4B4B
866014597ffffff,4,451,13.0391626,77.5662569,"5th Main Road, Devasandra, RMV Stage 2, Bengaluru, Karnataka. Pin-560054 (India)",2,68,10.0,451.0,critical,#FF4B4B
866014597ffffff,4,451,13.0391626,77.5662569,"5th Main Road, Devasandra, RMV Stage 2, Bengaluru, Karnataka. Pin-560054 (India)",3,40,10.0,451.0,critical,#FF4B4B
866014597ffffff,4,451,13.0391626,77.5662569,"5th Main Road, Devasandra, RMV Stage 2, Bengaluru, Karnataka. Pin-560054 (India)",4,35,10.0,451.0,critical,#FF4B4B
866014597ffffff,4,451,13.0391626,77.5662569,"5th Main Road, Devasandra, RMV Stage 2, Bengaluru, Karnataka. Pin-560054 (India)",5,84,10.0,451.0,critical,#FF4B4B
866014597ffffff,4,451,13.0391626,77.5662569,"5th Main Road, Devasandra, RMV Stage 2, Bengaluru, Karnataka. Pin-560054 (India)",6,55,10.0,451.0,critical,#FF4B4B
866014597ffffff,5,762,13.0636063,77.5719658,"Kodigehalli Road, Virupakshapura, Bengaluru, Karnataka. Pin-560097 (India)",0,93,10.0,762.0,critical,#FF4B4B
866014597ffffff,5,762,13.0636063,77.5719658,"Kodigehalli Road, Virupakshapura, Bengaluru, Karnataka. Pin-560097 (India)",1,162,10.0,762.0,critical,#FF4B4B
866014597ffffff,5,762,13.0636063,77.5719658,"Kodigehalli Road, Virupakshapura, Bengaluru, Karnataka. Pin-560097 (India)",2,103,10.0,762.0,critical,#FF4B4B
866014597ffffff,5,762,13.0636063,77.5719658,"Kodigehalli Road, Virupakshapura, Bengaluru, Karnataka. Pin-560097 (India)",3,127,10.0,762.0,critical,#FF4B4B
866014597ffffff,5,762,13.0636063,77.5719658,"Kodigehalli Road, Virupakshapura, Bengaluru, Karnataka. Pin-560097 (India)",4,90,10.0,762.0,critical,#FF4B4B
866014597ffffff,5,762,13.0636063,77.5719658,"Kodigehalli Road, Virupakshapura, Bengaluru, Karnataka. Pin-560097 (India)",5,97,10.0,762.0,critical,#FF4B4B
866014597ffffff,5,762,13.0636063,77.5719658,"Kodigehalli Road, Virupakshapura, Bengaluru, Karnataka. Pin-560097 (India)",6,90,10.0,762.0,critical,#FF4B4B
866014597ffffff,6,451,13.0238163,77.5335641,"2nd Main Road, Macksons Industrial Estate, Yeshwanthpur, Bengaluru, Karnataka. Pin-560022 (India)",0,64,10.0,451.0,critical,#FF4B4B
866014597ffffff,6,451,13.0238163,77.5335641,"2nd Main Road, Macksons Industrial Estate, Yeshwanthpur, Bengaluru, Karnataka. Pin-560022 (India)",1,47,10.0,451.0,critical,#FF4B4B
866014597ffffff,6,451,13.0238163,77.5335641,"2nd Main Road, Macksons Industrial Estate, Yeshwanthpur, Bengaluru, Karnataka. Pin-560022 (India)",2,63,10.0,451.0,critical,#FF4B4B
866014597ffffff,6,451,13.0238163,77.5335641,"2nd Main Road, Macksons Industrial Estate, Yeshwanthpur, Bengaluru, Karnataka. Pin-560022 (India)",3,70,10.0,451.0,critical,#FF4B4B
866014597ffffff,6,451,13.0238163,77.5335641,"2nd Main Road, Macksons Industrial Estate, Yeshwanthpur, Bengaluru, Karnataka. Pin-560022 (India)",4,62,10.0,451.0,critical,#FF4B4B
866014597ffffff,6,451,13.0238163,77.5335641,"2nd Main Road, Macksons Industrial Estate, Yeshwanthpur, Bengaluru, Karnataka. Pin-560022 (India)",5,73,10.0,451.0,critical,#FF4B4B
866014597ffffff,6,451,13.0238163,77.5335641,"2nd Main Road, Macksons Industrial Estate, Yeshwanthpur, Bengaluru, Karnataka. Pin-560022 (India)",6,72,10.0,451.0,critical,#FF4B4B
866014597ffffff,7,263,13.0265367,77.5617367,"MS Ramaiah Road, Devanarapalya, Yeshwanthpur, Bengaluru, Karnataka. Pin-560054 (India)",0,24,10.0,263.0,critical,#FF4B4B
866014597ffffff,7,263,13.0265367,77.5617367,"MS Ramaiah Road, Devanarapalya, Yeshwanthpur, Bengaluru, Karnataka. Pin-560054 (India)",1,45,10.0,263.0,critical,#FF4B4B
866014597ffffff,7,263,13.0265367,77.5617367,"MS Ramaiah Road, Devanarapalya, Yeshwanthpur, Bengaluru, Karnataka. Pin-560054 (India)",2,45,10.0,263.0,critical,#FF4B4B
866014597ffffff,7,263,13.0265367,77.5617367,"MS Ramaiah Road, Devanarapalya, Yeshwanthpur, Bengaluru, Karnataka. Pin-560054 (India)",3,48,10.0,263.0,critical,#FF4B4B
866014597ffffff,7,263,13.0265367,77.5617367,"MS Ramaiah Road, Devanarapalya, Yeshwanthpur, Bengaluru, Karnataka. Pin-560054 (India)",4,37,10.0,263.0,critical,#FF4B4B
866014597ffffff,7,263,13.0265367,77.5617367,"MS Ramaiah Road, Devanarapalya, Yeshwanthpur, Bengaluru, Karnataka. Pin-560054 (India)",5,34,10.0,263.0,critical,#FF4B4B
866014597ffffff,7,263,13.0265367,77.5617367,"MS Ramaiah Road, Devanarapalya, Yeshwanthpur, Bengaluru, Karnataka. Pin-560054 (India)",6,30,10.0,263.0,critical,#FF4B4B
866014597ffffff,8,104,13.0454592,77.5219361,"SM Road, Sabari Nagar, Jalahalli West, Bengaluru, Karnataka. Pin-560015 (India)",0,9,10.0,104.0,critical,#FF4B4B
866014597ffffff,8,104,13.0454592,77.5219361,"SM Road, Sabari Nagar, Jalahalli West, Bengaluru, Karnataka. Pin-560015 (India)",1,14,10.0,104.0,critical,#FF4B4B
866014597ffffff,8,104,13.0454592,77.5219361,"SM Road, Sabari Nagar, Jalahalli West, Bengaluru, Karnataka. Pin-560015 (India)",2,10,10.0,104.0,critical,#FF4B4B
866014597ffffff,8,104,13.0454592,77.5219361,"SM Road, Sabari Nagar, Jalahalli West, Bengaluru, Karnataka. Pin-560015 (India)",3,10,10.0,104.0,critical,#FF4B4B
866014597ffffff,8,104,13.0454592,77.5219361,"SM Road, Sabari Nagar, Jalahalli West, Bengaluru, Karnataka. Pin-560015 (India)",4,25,10.0,104.0,critical,#FF4B4B
866014597ffffff,8,104,13.0454592,77.5219361,"SM Road, Sabari Nagar, Jalahalli West, Bengaluru, Karnataka. Pin-560015 (India)",5,18,10.0,104.0,critical,#FF4B4B
866014597ffffff,8,104,13.0454592,77.5219361,"SM Road, Sabari Nagar, Jalahalli West, Bengaluru, Karnataka. Pin-560015 (India)",6,18,10.0,104.0,critical,#FF4B4B
866014597ffffff,9,49,13.0276813,77.5414716,"Mumbai Bengaluru Highway, Cardinal One, Industrial Suburb, Yeshwanthpur, Bengaluru, Karnataka. Pin-560022 (India)",0,1,10.0,49.0,critical,#FF4B4B
866014597ffffff,9,49,13.0276813,77.5414716,"Mumbai Bengaluru Highway, Cardinal One, Industrial Suburb, Yeshwanthpur, Bengaluru, Karnataka. Pin-560022 (India)",1,7,10.0,49.0,critical,#FF4B4B
866014597ffffff,9,49,13.0276813,77.5414716,"Mumbai Bengaluru Highway, Cardinal One, Industrial Suburb, Yeshwanthpur, Bengaluru, Karnataka. Pin-560022 (India)",2,4,10.0,49.0,critical,#FF4B4B
866014597ffffff,9,49,13.0276813,77.5414716,"Mumbai Bengaluru Highway, Cardinal One, Industrial Suburb, Yeshwanthpur, Bengaluru, Karnataka. Pin-560022 (India)",3,4,10.0,49.0,critical,#FF4B4B
866014597ffffff,9,49,13.0276813,77.5414716,"Mumbai Bengaluru Highway, Cardinal One, Industrial Suburb, Yeshwanthpur, Bengaluru, Karnataka. Pin-560022 (India)",4,3,10.0,49.0,critical,#FF4B4B
866014597ffffff,9,49,13.0276813,77.5414716,"Mumbai Bengaluru Highway, Cardinal One, Industrial Suburb, Yeshwanthpur, Bengaluru, Karnataka. Pin-560022 (India)",5,19,10.0,49.0,critical,#FF4B4B
866014597ffffff,9,49,13.0276813,77.5414716,"Mumbai Bengaluru Highway, Cardinal One, Industrial Suburb, Yeshwanthpur, Bengaluru, Karnataka. Pin-560022 (India)",6,11,10.0,49.0,critical,#FF4B4B
866014597ffffff,10,12,13.0686065,77.5300609,"Forest Region Road, Vymac Circle, Kammagondanahalli, Bengaluru, Karnataka. Pin-560015 (India)",1,2,10.0,12.0,critical,#FF4B4B
866014597ffffff,10,12,13.0686065,77.5300609,"Forest Region Road, Vymac Circle, Kammagondanahalli, Bengaluru, Karnataka. Pin-560015 (India)",4,1,10.0,12.0,critical,#FF4B4B
866014597ffffff,10,12,13.0686065,77.5300609,"Forest Region Road, Vymac Circle, Kammagondanahalli, Bengaluru, Karnataka. Pin-560015 (India)",5,3,10.0,12.0,critical,#FF4B4B
866014597ffffff,10,12,13.0686065,77.5300609,"Forest Region Road, Vymac Circle, Kammagondanahalli, Bengaluru, Karnataka. Pin-560015 (India)",6,6,10.0,12.0,critical,#FF4B4B
866014597ffffff,11,6,13.030474,77.5368102,"Mumbai Bengaluru Highway, Gorguntepalya Junction, Yeshwanthpur, Bengaluru, Karnataka. Pin-560022 (India)",0,1,10.0,6.0,monitor,#FFA500
866014597ffffff,11,6,13.030474,77.5368102,"Mumbai Bengaluru Highway, Gorguntepalya Junction, Yeshwanthpur, Bengaluru, Karnataka. Pin-560022 (India)",1,1,10.0,6.0,monitor,#FFA500
866014597ffffff,11,6,13.030474,77.5368102,"Mumbai Bengaluru Highway, Gorguntepalya Junction, Yeshwanthpur, Bengaluru, Karnataka. Pin-560022 (India)",4,1,10.0,6.0,monitor,#FFA500
866014597ffffff,11,6,13.030474,77.5368102,"Mumbai Bengaluru Highway, Gorguntepalya Junction, Yeshwanthpur, Bengaluru, Karnataka. Pin-560022 (India)",6,3,10.0,6.0,monitor,#FFA500
866014597ffffff,12,1,13.0293334,77.5366259,"Dr Rajkumar Puniya Bhoomi Road, Godrej Tiara, Yeshwanthpur Suburb Stage 2, Yeshwanthpur, Bengaluru, Karnataka. Pin-560022 (India)",2,1,0.0,0.0,green,#00CC66
866014597ffffff,17,1,13.0305309,77.5366505,"Mumbai Bengaluru Highway, Gorguntepalya Junction, Yeshwanthpur, Bengaluru, Karnataka. Pin-560022 (India)",6,1,0.0,0.0,green,#00CC66
866014597ffffff,18,26,13.0185012,77.5534854,"Chord Road, Aparna Elina, Yeshwanthpur, Bengaluru, Karnataka. Pin-560022 (India)",0,2,10.0,26.0,critical,#FF4B4B
866014597ffffff,18,26,13.0185012,77.5534854,"Chord Road, Aparna Elina, Yeshwanthpur, Bengaluru, Karnataka. Pin-560022 (India)",1,1,10.0,26.0,critical,#FF4B4B
866014597ffffff,18,26,13.0185012,77.5534854,"Chord Road, Aparna Elina, Yeshwanthpur, Bengaluru, Karnataka. Pin-560022 (India)",2,8,10.0,26.0,critical,#FF4B4B
866014597ffffff,18,26,13.0185012,77.5534854,"Chord Road, Aparna Elina, Yeshwanthpur, Bengaluru, Karnataka. Pin-560022 (India)",3,4,10.0,26.0,critical,#FF4B4B
866014597ffffff,18,26,13.0185012,77.5534854,"Chord Road, Aparna Elina, Yeshwanthpur, Bengaluru, Karnataka. Pin-560022 (India)",4,6,10.0,26.0,critical,#FF4B4B
866014597ffffff,18,26,13.0185012,77.5534854,"Chord Road, Aparna Elina, Yeshwanthpur, Bengaluru, Karnataka. Pin-560022 (India)",5,5,10.0,26.0,critical,#FF4B4B
866014597ffffff,19,195,13.0184013,77.5534166,"Mumbai Bengaluru Highway, Aparna Elina, Yeshwanthpur, Bengaluru, Karnataka. Pin-560022 (India)",0,20,10.0,195.0,critical,#FF4B4B
866014597ffffff,19,195,13.0184013,77.5534166,"Mumbai Bengaluru Highway, Aparna Elina, Yeshwanthpur, Bengaluru, Karnataka. Pin-560022 (India)",1,47,10.0,195.0,critical,#FF4B4B
866014597ffffff,19,195,13.0184013,77.5534166,"Mumbai Bengaluru Highway, Aparna Elina, Yeshwanthpur, Bengaluru, Karnataka. Pin-560022 (India)",2,20,10.0,195.0,critical,#FF4B4B
866014597ffffff,19,195,13.0184013,77.5534166,"Mumbai Bengaluru Highway, Aparna Elina, Yeshwanthpur, Bengaluru, Karnataka. Pin-560022 (India)",3,8,10.0,195.0,critical,#FF4B4B
866014597ffffff,19,195,13.0184013,77.5534166,"Mumbai Bengaluru Highway, Aparna Elina, Yeshwanthpur, Bengaluru, Karnataka. Pin-560022 (India)",4,39,10.0,195.0,critical,#FF4B4B
866014597ffffff,19,195,13.0184013,77.5534166,"Mumbai Bengaluru Highway, Aparna Elina, Yeshwanthpur, Bengaluru, Karnataka. Pin-560022 (India)",5,29,10.0,195.0,critical,#FF4B4B
866014597ffffff,19,195,13.0184013,77.5534166,"Mumbai Bengaluru Highway, Aparna Elina, Yeshwanthpur, Bengaluru, Karnataka. Pin-560022 (India)",6,32,10.0,195.0,critical,#FF4B4B
866014597ffffff,20,283,13.0312452,77.5350215,"4th Main Road, Ramana Joythi Apartment, Yeshwanthpur Suburb Stage 2, Yeshwanthpur, Bengaluru, Karnataka. Pin-560022 (India)",0,36,10.0,283.0,critical,#FF4B4B
866014597ffffff,20,283,13.0312452,77.5350215,"4th Main Road, Ramana Joythi Apartment, Yeshwanthpur Suburb Stage 2, Yeshwanthpur, Bengaluru, Karnataka. Pin-560022 (India)",1,46,10.0,283.0,critical,#FF4B4B
866014597ffffff,20,283,13.0312452,77.5350215,"4th Main Road, Ramana Joythi Apartment, Yeshwanthpur Suburb Stage 2, Yeshwanthpur, Bengaluru, Karnataka. Pin-560022 (India)",2,59,10.0,283.0,critical,#FF4B4B
866014597ffffff,20,283,13.0312452,77.5350215,"4th Main Road, Ramana Joythi Apartment, Yeshwanthpur Suburb Stage 2, Yeshwanthpur, Bengaluru, Karnataka. Pin-560022 (India)",3,35,10.0,283.0,critical,#FF4B4B
866014597ffffff,20,283,13.0312452,77.5350215,"4th Main Road, Ramana Joythi Apartment, Yeshwanthpur Suburb Stage 2, Yeshwanthpur, Bengaluru, Karnataka. Pin-560022 (India)",4,36,10.0,283.0,critical,#FF4B4B
866014597ffffff,20,283,13.0312452,77.5350215,"4th Main Road, Ramana Joythi Apartment, Yeshwanthpur Suburb Stage 2, Yeshwanthpur, Bengaluru, Karnataka. Pin-560022 (India)",5,36,10.0,283.0,critical,#FF4B4B
866014597ffffff,20,283,13.0312452,77.5350215,"4th Main Road, Ramana Joythi Apartment, Yeshwanthpur Suburb Stage 2, Yeshwanthpur, Bengaluru, Karnataka. Pin-560022 (India)",6,35,10.0,283.0,critical,#FF4B4B
866014597ffffff,21,654,13.0503408,77.5160367,"Pipeline Road, Prasanth Nagar, T Dasarahalli, Bengaluru, Karnataka. Pin-560057 (India)",0,90,10.0,654.0,critical,#FF4B4B
866014597ffffff,21,654,13.0503408,77.5160367,"Pipeline Road, Prasanth Nagar, T Dasarahalli, Bengaluru, Karnataka. Pin-560057 (India)",1,98,10.0,654.0,critical,#FF4B4B
866014597ffffff,21,654,13.0503408,77.5160367,"Pipeline Road, Prasanth Nagar, T Dasarahalli, Bengaluru, Karnataka. Pin-560057 (India)",2,112,10.0,654.0,critical,#FF4B4B
866014597ffffff,21,654,13.0503408,77.5160367,"Pipeline Road, Prasanth Nagar, T Dasarahalli, Bengaluru, Karnataka. Pin-560057 (India)",3,78,10.0,654.0,critical,#FF4B4B
866014597ffffff,21,654,13.0503408,77.5160367,"Pipeline Road, Prasanth Nagar, T Dasarahalli, Bengaluru, Karnataka. Pin-560057 (India)",4,119,10.0,654.0,critical,#FF4B4B
866014597ffffff,21,654,13.0503408,77.5160367,"Pipeline Road, Prasanth Nagar, T Dasarahalli, Bengaluru, Karnataka. Pin-560057 (India)",5,104,10.0,654.0,critical,#FF4B4B
866014597ffffff,21,654,13.0503408,77.5160367,"Pipeline Road, Prasanth Nagar, T Dasarahalli, Bengaluru, Karnataka. Pin-560057 (India)",6,53,10.0,654.0,critical,#FF4B4B
866014597ffffff,22,546,13.0348408153918,77.55734268575907,"MS Ramaiah Road, Nada Prabhu Kempegowda Circle, Mathikere, Bengaluru, Karnataka. Pin-560054 (India)",0,84,10.0,546.0,critical,#FF4B4B
866014597ffffff,22,546,13.0348408153918,77.55734268575907,"MS Ramaiah Road, Nada Prabhu Kempegowda Circle, Mathikere, Bengaluru, Karnataka. Pin-560054 (India)",1,113,10.0,546.0,critical,#FF4B4B
866014597ffffff,22,546,13.0348408153918,77.55734268575907,"MS Ramaiah Road, Nada Prabhu Kempegowda Circle, Mathikere, Bengaluru, Karnataka. Pin-560054 (India)",2,52,10.0,546.0,critical,#FF4B4B
866014597ffffff,22,546,13.0348408153918,77.55734268575907,"MS Ramaiah Road, Nada Prabhu Kempegowda Circle, Mathikere, Bengaluru, Karnataka. Pin-560054 (India)",3,66,10.0,546.0,critical,#FF4B4B
866014597ffffff,22,546,13.0348408153918,77.55734268575907,"MS Ramaiah Road, Nada Prabhu Kempegowda Circle, Mathikere, Bengaluru, Karnataka. Pin-560054 (India)",4,96,10.0,546.0,critical,#FF4B4B
866014597ffffff,22,546,13.0348408153918,77.55734268575907,"MS Ramaiah Road, Nada Prabhu Kempegowda Circle, Mathikere, Bengaluru, Karnataka. Pin-560054 (India)",5,73,10.0,546.0,critical,#FF4B4B
866014597ffffff,22,546,13.0348408153918,77.55734268575907,"MS Ramaiah Road, Nada Prabhu Kempegowda Circle, Mathikere, Bengaluru, Karnataka. Pin-560054 (India)",6,62,10.0,546.0,critical,#FF4B4B
866014597ffffff,23,411,13.0289476,77.5709756,"Padmasri CK Venkata Ramaiah Road, MS Ramaiah Hospital Junction, RMV Stage 2, Bengaluru, Karnataka. Pin-560094 (India)",0,57,10.0,411.0,critical,#FF4B4B
866014597ffffff,23,411,13.0289476,77.5709756,"Padmasri CK Venkata Ramaiah Road, MS Ramaiah Hospital Junction, RMV Stage 2, Bengaluru, Karnataka. Pin-560094 (India)",1,71,10.0,411.0,critical,#FF4B4B
866014597ffffff,23,411,13.0289476,77.5709756,"Padmasri CK Venkata Ramaiah Road, MS Ramaiah Hospital Junction, RMV Stage 2, Bengaluru, Karnataka. Pin-560094 (India)",2,52,10.0,411.0,critical,#FF4B4B
866014597ffffff,23,411,13.0289476,77.5709756,"Padmasri CK Venkata Ramaiah Road, MS Ramaiah Hospital Junction, RMV Stage 2, Bengaluru, Karnataka. Pin-560094 (India)",3,59,10.0,411.0,critical,#FF4B4B
866014597ffffff,23,411,13.0289476,77.5709756,"Padmasri CK Venkata Ramaiah Road, MS Ramaiah Hospital Junction, RMV Stage 2, Bengaluru, Karnataka. Pin-560094 (India)",4,42,10.0,411.0,critical,#FF4B4B
866014597ffffff,23,411,13.0289476,77.5709756,"Padmasri CK Venkata Ramaiah Road, MS Ramaiah Hospital Junction, RMV Stage 2, Bengaluru, Karnataka. Pin-560094 (India)",5,74,10.0,411.0,critical,#FF4B4B
866014597ffffff,23,411,13.0289476,77.5709756,"Padmasri CK Venkata Ramaiah Road, MS Ramaiah Hospital Junction, RMV Stage 2, Bengaluru, Karnataka. Pin-560094 (India)",6,56,10.0,411.0,critical,#FF4B4B
86601459fffffff,0,110,13.0451937,77.5084447,"Mumbai Bengaluru Highway, Hesarughatta, T Dasarahalli, Bengaluru, Karnataka. Pin-560073 (India)",0,6,10.0,110.0,critical,#FF4B4B
86601459fffffff,0,110,13.0451937,77.5084447,"Mumbai Bengaluru Highway, Hesarughatta, T Dasarahalli, Bengaluru, Karnataka. Pin-560073 (India)",1,8,10.0,110.0,critical,#FF4B4B
86601459fffffff,0,110,13.0451937,77.5084447,"Mumbai Bengaluru Highway, Hesarughatta, T Dasarahalli, Bengaluru, Karnataka. Pin-560073 (India)",2,5,10.0,110.0,critical,#FF4B4B
86601459fffffff,0,110,13.0451937,77.5084447,"Mumbai Bengaluru Highway, Hesarughatta, T Dasarahalli, Bengaluru, Karnataka. Pin-560073 (India)",3,29,10.0,110.0,critical,#FF4B4B
86601459fffffff,0,110,13.0451937,77.5084447,"Mumbai Bengaluru Highway, Hesarughatta, T Dasarahalli, Bengaluru, Karnataka. Pin-560073 (India)",4,5,10.0,110.0,critical,#FF4B4B
86601459fffffff,0,110,13.0451937,77.5084447,"Mumbai Bengaluru Highway, Hesarughatta, T Dasarahalli, Bengaluru, Karnataka. Pin-560073 (India)",5,22,10.0,110.0,critical,#FF4B4B
86601459fffffff,0,110,13.0451937,77.5084447,"Mumbai Bengaluru Highway, Hesarughatta, T Dasarahalli, Bengaluru, Karnataka. Pin-560073 (India)",6,35,10.0,110.0,critical,#FF4B4B
86601459fffffff,1,68,13.0314832,77.5035153,"Andrahalli Main Road, Nelagedhrahalli Circle, Nalagadderanahalli, Bengaluru, Karnataka. Pin-560073 (India)",0,3,10.0,68.0,critical,#FF4B4B
86601459fffffff,1,68,13.0314832,77.5035153,"Andrahalli Main Road, Nelagedhrahalli Circle, Nalagadderanahalli, Bengaluru, Karnataka. Pin-560073 (India)",1,4,10.0,68.0,critical,#FF4B4B
86601459fffffff,1,68,13.0314832,77.5035153,"Andrahalli Main Road, Nelagedhrahalli Circle, Nalagadderanahalli, Bengaluru, Karnataka. Pin-560073 (India)",2,14,10.0,68.0,critical,#FF4B4B
86601459fffffff,1,68,13.0314832,77.5035153,"Andrahalli Main Road, Nelagedhrahalli Circle, Nalagadderanahalli, Bengaluru, Karnataka. Pin-560073 (India)",3,6,10.0,68.0,critical,#FF4B4B
86601459fffffff,1,68,13.0314832,77.5035153,"Andrahalli Main Road, Nelagedhrahalli Circle, Nalagadderanahalli, Bengaluru, Karnataka. Pin-560073 (India)",4,6,10.0,68.0,critical,#FF4B4B
86601459fffffff,1,68,13.0314832,77.5035153,"Andrahalli Main Road, Nelagedhrahalli Circle, Nalagadderanahalli, Bengaluru, Karnataka. Pin-560073 (India)",5,12,10.0,68.0,critical,#FF4B4B
86601459fffffff,1,68,13.0314832,77.5035153,"Andrahalli Main Road, Nelagedhrahalli Circle, Nalagadderanahalli, Bengaluru, Karnataka. Pin-560073 (India)",6,23,10.0,68.0,critical,#FF4B4B
86601459fffffff,2,45,13.0585889,77.4663957,"Mumbai Bengaluru Highway, Bynapalya, Madanaiyakanahalli, Bengaluru, Karnataka. Pin-562162 (India)",1,9,10.0,45.0,critical,#FF4B4B
86601459fffffff,2,45,13.0585889,77.4663957,"Mumbai Bengaluru Highway, Bynapalya, Madanaiyakanahalli, Bengaluru, Karnataka. Pin-562162 (India)",2,7,10.0,45.0,critical,#FF4B4B
86601459fffffff,2,45,13.0585889,77.4663957,"Mumbai Bengaluru Highway, Bynapalya, Madanaiyakanahalli, Bengaluru, Karnataka. Pin-562162 (India)",3,5,10.0,45.0,critical,#FF4B4B
86601459fffffff,2,45,13.0585889,77.4663957,"Mumbai Bengaluru Highway, Bynapalya, Madanaiyakanahalli, Bengaluru, Karnataka. Pin-562162 (India)",5,19,10.0,45.0,critical,#FF4B4B
86601459fffffff,2,45,13.0585889,77.4663957,"Mumbai Bengaluru Highway, Bynapalya, Madanaiyakanahalli, Bengaluru, Karnataka. Pin-562162 (India)",6,5,10.0,45.0,critical,#FF4B4B
86601459fffffff,3,32,13.047153,77.500223,"Mumbai Bengaluru Highway, Sobha Garrison, Nagasandra, Bengaluru, Karnataka. Pin-560073 (India)",1,1,10.0,32.0,critical,#FF4B4B
86601459fffffff,3,32,13.047153,77.500223,"Mumbai Bengaluru Highway, Sobha Garrison, Nagasandra, Bengaluru, Karnataka. Pin-560073 (India)",2,3,10.0,32.0,critical,#FF4B4B
86601459fffffff,3,32,13.047153,77.500223,"Mumbai Bengaluru Highway, Sobha Garrison, Nagasandra, Bengaluru, Karnataka. Pin-560073 (India)",3,10,10.0,32.0,critical,#FF4B4B
86601459fffffff,3,32,13.047153,77.500223,"Mumbai Bengaluru Highway, Sobha Garrison, Nagasandra, Bengaluru, Karnataka. Pin-560073 (India)",4,7,10.0,32.0,critical,#FF4B4B
86601459fffffff,3,32,13.047153,77.500223,"Mumbai Bengaluru Highway, Sobha Garrison, Nagasandra, Bengaluru, Karnataka. Pin-560073 (India)",5,1,10.0,32.0,critical,#FF4B4B
86601459fffffff,3,32,13.047153,77.500223,"Mumbai Bengaluru Highway, Sobha Garrison, Nagasandra, Bengaluru, Karnataka. Pin-560073 (India)",6,10,10.0,32.0,critical,#FF4B4B
86601459fffffff,4,62,13.0455784,77.5075935,"Hesaraghatta Main Road, Hesaragatta Cross Junction, T Dasarahalli, Bengaluru, Karnataka. Pin-560057 (India)",0,1,10.0,62.0,critical,#FF4B4B
86601459fffffff,4,62,13.0455784,77.5075935,"Hesaraghatta Main Road, Hesaragatta Cross Junction, T Dasarahalli, Bengaluru, Karnataka. Pin-560057 (India)",1,21,10.0,62.0,critical,#FF4B4B
86601459fffffff,4,62,13.0455784,77.5075935,"Hesaraghatta Main Road, Hesaragatta Cross Junction, T Dasarahalli, Bengaluru, Karnataka. Pin-560057 (India)",2,3,10.0,62.0,critical,#FF4B4B
86601459fffffff,4,62,13.0455784,77.5075935,"Hesaraghatta Main Road, Hesaragatta Cross Junction, T Dasarahalli, Bengaluru, Karnataka. Pin-560057 (India)",3,10,10.0,62.0,critical,#FF4B4B
86601459fffffff,4,62,13.0455784,77.5075935,"Hesaraghatta Main Road, Hesaragatta Cross Junction, T Dasarahalli, Bengaluru, Karnataka. Pin-560057 (India)",5,10,10.0,62.0,critical,#FF4B4B
86601459fffffff,4,62,13.0455784,77.5075935,"Hesaraghatta Main Road, Hesaragatta Cross Junction, T Dasarahalli, Bengaluru, Karnataka. Pin-560057 (India)",6,17,10.0,62.0,critical,#FF4B4B
86601459fffffff,5,166,13.0606044,77.5023318,"6th Cross Road, Sree Rama Kuteera 2nd Stage, Bagalagunte, Bengaluru, Karnataka. Pin-560073 (India)",0,18,10.0,166.0,critical,#FF4B4B
86601459fffffff,5,166,13.0606044,77.5023318,"6th Cross Road, Sree Rama Kuteera 2nd Stage, Bagalagunte, Bengaluru, Karnataka. Pin-560073 (India)",1,35,10.0,166.0,critical,#FF4B4B
86601459fffffff,5,166,13.0606044,77.5023318,"6th Cross Road, Sree Rama Kuteera 2nd Stage, Bagalagunte, Bengaluru, Karnataka. Pin-560073 (India)",2,25,10.0,166.0,critical,#FF4B4B
86601459fffffff,5,166,13.0606044,77.5023318,"6th Cross Road, Sree Rama Kuteera 2nd Stage, Bagalagunte, Bengaluru, Karnataka. Pin-560073 (India)",3,35,10.0,166.0,critical,#FF4B4B
86601459fffffff,5,166,13.0606044,77.5023318,"6th Cross Road, Sree Rama Kuteera 2nd Stage, Bagalagunte, Bengaluru, Karnataka. Pin-560073 (India)",4,18,10.0,166.0,critical,#FF4B4B
86601459fffffff,5,166,13.0606044,77.5023318,"6th Cross Road, Sree Rama Kuteera 2nd Stage, Bagalagunte, Bengaluru, Karnataka. Pin-560073 (India)",5,21,10.0,166.0,critical,#FF4B4B
86601459fffffff,5,166,13.0606044,77.5023318,"6th Cross Road, Sree Rama Kuteera 2nd Stage, Bagalagunte, Bengaluru, Karnataka. Pin-560073 (India)",6,14,10.0,166.0,critical,#FF4B4B
86601459fffffff,6,237,13.0604884,77.5024948,"6th Cross Road, Sree Rama Kuteera 2nd Stage, Bagalagunte, Bengaluru, Karnataka. Pin-560073 (India)",0,18,10.0,237.0,critical,#FF4B4B
86601459fffffff,6,237,13.0604884,77.5024948,"6th Cross Road, Sree Rama Kuteera 2nd Stage, Bagalagunte, Bengaluru, Karnataka. Pin-560073 (India)",1,51,10.0,237.0,critical,#FF4B4B
86601459fffffff,6,237,13.0604884,77.5024948,"6th Cross Road, Sree Rama Kuteera 2nd Stage, Bagalagunte, Bengaluru, Karnataka. Pin-560073 (India)",2,38,10.0,237.0,critical,#FF4B4B
86601459fffffff,6,237,13.0604884,77.5024948,"6th Cross Road, Sree Rama Kuteera 2nd Stage, Bagalagunte, Bengaluru, Karnataka. Pin-560073 (India)",3,36,10.0,237.0,critical,#FF4B4B
86601459fffffff,6,237,13.0604884,77.5024948,"6th Cross Road, Sree Rama Kuteera 2nd Stage, Bagalagunte, Bengaluru, Karnataka. Pin-560073 (India)",4,38,10.0,237.0,critical,#FF4B4B
86601459fffffff,6,237,13.0604884,77.5024948,"6th Cross Road, Sree Rama Kuteera 2nd Stage, Bagalagunte, Bengaluru, Karnataka. Pin-560073 (India)",5,16,10.0,237.0,critical,#FF4B4B
86601459fffffff,6,237,13.0604884,77.5024948,"6th Cross Road, Sree Rama Kuteera 2nd Stage, Bagalagunte, Bengaluru, Karnataka. Pin-560073 (India)",6,40,10.0,237.0,critical,#FF4B4B
86601459fffffff,7,75,13.0493191,77.4974045,"4th Main Road, Nagasandra, Bengaluru, Karnataka. Pin-560073 (India)",0,7,10.0,75.0,critical,#FF4B4B
86601459fffffff,7,75,13.0493191,77.4974045,"4th Main Road, Nagasandra, Bengaluru, Karnataka. Pin-560073 (India)",1,10,10.0,75.0,critical,#FF4B4B
86601459fffffff,7,75,13.0493191,77.4974045,"4th Main Road, Nagasandra, Bengaluru, Karnataka. Pin-560073 (India)",2,3,10.0,75.0,critical,#FF4B4B
86601459fffffff,7,75,13.0493191,77.4974045,"4th Main Road, Nagasandra, Bengaluru, Karnataka. Pin-560073 (India)",3,16,10.0,75.0,critical,#FF4B4B
86601459fffffff,7,75,13.0493191,77.4974045,"4th Main Road, Nagasandra, Bengaluru, Karnataka. Pin-560073 (India)",4,8,10.0,75.0,critical,#FF4B4B
86601459fffffff,7,75,13.0493191,77.4974045,"4th Main Road, Nagasandra, Bengaluru, Karnataka. Pin-560073 (India)",5,7,10.0,75.0,critical,#FF4B4B
86601459fffffff,7,75,13.0493191,77.4974045,"4th Main Road, Nagasandra, Bengaluru, Karnataka. Pin-560073 (India)",6,24,10.0,75.0,critical,#FF4B4B
86601459fffffff,8,26,13.0548991,77.5076308,"Hesaraghatta Main Road, Defence Colony, Bagalagunte, Bengaluru, Karnataka. Pin-560073 (India)",0,2,10.0,26.0,critical,#FF4B4B
86601459fffffff,8,26,13.0548991,77.5076308,"Hesaraghatta Main Road, Defence Colony, Bagalagunte, Bengaluru, Karnataka. Pin-560073 (India)",1,2,10.0,26.0,critical,#FF4B4B
86601459fffffff,8,26,13.0548991,77.5076308,"Hesaraghatta Main Road, Defence Colony, Bagalagunte, Bengaluru, Karnataka. Pin-560073 (India)",2,4,10.0,26.0,critical,#FF4B4B
86601459fffffff,8,26,13.0548991,77.5076308,"Hesaraghatta Main Road, Defence Colony, Bagalagunte, Bengaluru, Karnataka. Pin-560073 (India)",3,9,10.0,26.0,critical,#FF4B4B
86601459fffffff,8,26,13.0548991,77.5076308,"Hesaraghatta Main Road, Defence Colony, Bagalagunte, Bengaluru, Karnataka. Pin-560073 (India)",4,1,10.0,26.0,critical,#FF4B4B
86601459fffffff,8,26,13.0548991,77.5076308,"Hesaraghatta Main Road, Defence Colony, Bagalagunte, Bengaluru, Karnataka. Pin-560073 (India)",5,1,10.0,26.0,critical,#FF4B4B
86601459fffffff,8,26,13.0548991,77.5076308,"Hesaraghatta Main Road, Defence Colony, Bagalagunte, Bengaluru, Karnataka. Pin-560073 (India)",6,7,10.0,26.0,critical,#FF4B4B
86601459fffffff,9,7,13.0599712,77.5068275,"MEI Layout, Bagalagunte, Bengaluru North City Corporation, Bengaluru, Bangalore North, Bengaluru Urban, Karnataka, 560073, India",0,1,10.0,7.0,critical,#FF4B4B
86601459fffffff,9,7,13.0599712,77.5068275,"MEI Layout, Bagalagunte, Bengaluru North City Corporation, Bengaluru, Bangalore North, Bengaluru Urban, Karnataka, 560073, India",1,2,10.0,7.0,critical,#FF4B4B
86601459fffffff,9,7,13.0599712,77.5068275,"MEI Layout, Bagalagunte, Bengaluru North City Corporation, Bengaluru, Bangalore North, Bengaluru Urban, Karnataka, 560073, India",3,1,10.0,7.0,critical,#FF4B4B
86601459fffffff,9,7,13.0599712,77.5068275,"MEI Layout, Bagalagunte, Bengaluru North City Corporation, Bengaluru, Bangalore North, Bengaluru Urban, Karnataka, 560073, India",4,3,10.0,7.0,critical,#FF4B4B
86601459fffffff,10,3,13.0452731,77.5071075,"8th Main Road, Hesaragatta Cross Junction, T Dasarahalli, Bengaluru, Karnataka. Pin-560057 (India)",4,3,0.0,0.0,green,#00CC66
86601459fffffff,17,8,13.0457278,77.5073565,"Hesaraghatta Main Road, Hesaragatta Cross Junction, T Dasarahalli, Bengaluru, Karnataka. Pin-560057 (India)",1,8,0.0,0.0,green,#00CC66
86601459fffffff,18,4,13.0452042,77.5070463,"8th Main Road, Hesaragatta Cross Junction, T Dasarahalli, Bengaluru, Karnataka. Pin-560057 (India)",1,3,3.33,1.33,green,#00CC66
86601459fffffff,18,4,13.0452042,77.5070463,"8th Main Road, Hesaragatta Cross Junction, T Dasarahalli, Bengaluru, Karnataka. Pin-560057 (India)",2,1,10.0,4.0,monitor,#FFA500
86601459fffffff,19,14,13.0494427,77.4938003,"Mumbai Bengaluru Highway, Bagalagunte, Bengaluru, Karnataka. Pin-560073 (India)",0,2,10.0,14.0,critical,#FF4B4B
86601459fffffff,19,14,13.0494427,77.4938003,"Mumbai Bengaluru Highway, Bagalagunte, Bengaluru, Karnataka. Pin-560073 (India)",1,7,10.0,14.0,critical,#FF4B4B
86601459fffffff,19,14,13.0494427,77.4938003,"Mumbai Bengaluru Highway, Bagalagunte, Bengaluru, Karnataka. Pin-560073 (India)",2,1,10.0,14.0,critical,#FF4B4B
86601459fffffff,19,14,13.0494427,77.4938003,"Mumbai Bengaluru Highway, Bagalagunte, Bengaluru, Karnataka. Pin-560073 (India)",5,4,10.0,14.0,critical,#FF4B4B
86601459fffffff,20,126,13.0316086,77.5037053,"Nelagadaranahalli Main Road, Nelagedhrahalli Circle, Nalagadderanahalli, Bengaluru, Karnataka. Pin-560073 (India)",0,24,10.0,126.0,critical,#FF4B4B
86601459fffffff,20,126,13.0316086,77.5037053,"Nelagadaranahalli Main Road, Nelagedhrahalli Circle, Nalagadderanahalli, Bengaluru, Karnataka. Pin-560073 (India)",1,15,10.0,126.0,critical,#FF4B4B
86601459fffffff,20,126,13.0316086,77.5037053,"Nelagadaranahalli Main Road, Nelagedhrahalli Circle, Nalagadderanahalli, Bengaluru, Karnataka. Pin-560073 (India)",2,35,10.0,126.0,critical,#FF4B4B
86601459fffffff,20,126,13.0316086,77.5037053,"Nelagadaranahalli Main Road, Nelagedhrahalli Circle, Nalagadderanahalli, Bengaluru, Karnataka. Pin-560073 (India)",3,12,10.0,126.0,critical,#FF4B4B
86601459fffffff,20,126,13.0316086,77.5037053,"Nelagadaranahalli Main Road, Nelagedhrahalli Circle, Nalagadderanahalli, Bengaluru, Karnataka. Pin-560073 (India)",4,4,10.0,126.0,critical,#FF4B4B
86601459fffffff,20,126,13.0316086,77.5037053,"Nelagadaranahalli Main Road, Nelagedhrahalli Circle, Nalagadderanahalli, Bengaluru, Karnataka. Pin-560073 (India)",5,33,10.0,126.0,critical,#FF4B4B
86601459fffffff,20,126,13.0316086,77.5037053,"Nelagadaranahalli Main Road, Nelagedhrahalli Circle, Nalagadderanahalli, Bengaluru, Karnataka. Pin-560073 (India)",6,3,10.0,126.0,critical,#FF4B4B
86601459fffffff,21,137,13.0453131,77.5055565,"Nelagadaranahalli Main Road, Nelakadirena Halli, T Dasarahalli, Bengaluru, Karnataka. Pin-560073 (India)",0,15,10.0,137.0,critical,#FF4B4B
86601459fffffff,21,137,13.0453131,77.5055565,"Nelagadaranahalli Main Road, Nelakadirena Halli, T Dasarahalli, Bengaluru, Karnataka. Pin-560073 (India)",1,24,10.0,137.0,critical,#FF4B4B
86601459fffffff,21,137,13.0453131,77.5055565,"Nelagadaranahalli Main Road, Nelakadirena Halli, T Dasarahalli, Bengaluru, Karnataka. Pin-560073 (India)",2,23,10.0,137.0,critical,#FF4B4B
86601459fffffff,21,137,13.0453131,77.5055565,"Nelagadaranahalli Main Road, Nelakadirena Halli, T Dasarahalli, Bengaluru, Karnataka. Pin-560073 (India)",3,16,10.0,137.0,critical,#FF4B4B
86601459fffffff,21,137,13.0453131,77.5055565,"Nelagadaranahalli Main Road, Nelakadirena Halli, T Dasarahalli, Bengaluru, Karnataka. Pin-560073 (India)",4,29,10.0,137.0,critical,#FF4B4B
86601459fffffff,21,137,13.0453131,77.5055565,"Nelagadaranahalli Main Road, Nelakadirena Halli, T Dasarahalli, Bengaluru, Karnataka. Pin-560073 (India)",5,21,10.0,137.0,critical,#FF4B4B
86601459fffffff,21,137,13.0453131,77.5055565,"Nelagadaranahalli Main Road, Nelakadirena Halli, T Dasarahalli, Bengaluru, Karnataka. Pin-560073 (India)",6,9,10.0,137.0,critical,#FF4B4B
86601459fffffff,22,134,13.0470475,77.5007031,"Mumbai Bengaluru Highway, Sobha Garrison, Nagasandra, Bengaluru, Karnataka. Pin-560073 (India)",0,17,10.0,134.0,critical,#FF4B4B
86601459fffffff,22,134,13.0470475,77.5007031,"Mumbai Bengaluru Highway, Sobha Garrison, Nagasandra, Bengaluru, Karnataka. Pin-560073 (India)",1,10,10.0,134.0,critical,#FF4B4B
86601459fffffff,22,134,13.0470475,77.5007031,"Mumbai Bengaluru Highway, Sobha Garrison, Nagasandra, Bengaluru, Karnataka. Pin-560073 (India)",2,73,8.36,112.02,critical,#FF4B4B
86601459fffffff,22,134,13.0470475,77.5007031,"Mumbai Bengaluru Highway, Sobha Garrison, Nagasandra, Bengaluru, Karnataka. Pin-560073 (India)",3,12,10.0,134.0,critical,#FF4B4B
86601459fffffff,22,134,13.0470475,77.5007031,"Mumbai Bengaluru Highway, Sobha Garrison, Nagasandra, Bengaluru, Karnataka. Pin-560073 (India)",4,7,10.0,134.0,critical,#FF4B4B
86601459fffffff,22,134,13.0470475,77.5007031,"Mumbai Bengaluru Highway, Sobha Garrison, Nagasandra, Bengaluru, Karnataka. Pin-560073 (India)",5,11,10.0,134.0,critical,#FF4B4B
86601459fffffff,22,134,13.0470475,77.5007031,"Mumbai Bengaluru Highway, Sobha Garrison, Nagasandra, Bengaluru, Karnataka. Pin-560073 (India)",6,4,10.0,134.0,critical,#FF4B4B
86601459fffffff,23,59,13.0452351,77.5082855,"Mumbai Bengaluru Highway, Hesarughatta, T Dasarahalli, Bengaluru, Karnataka. Pin-560073 (India)",0,4,10.0,59.0,critical,#FF4B4B
86601459fffffff,23,59,13.0452351,77.5082855,"Mumbai Bengaluru Highway, Hesarughatta, T Dasarahalli, Bengaluru, Karnataka. Pin-560073 (India)",1,14,10.0,59.0,critical,#FF4B4B
86601459fffffff,23,59,13.0452351,77.5082855,"Mumbai Bengaluru Highway, Hesarughatta, T Dasarahalli, Bengaluru, Karnataka. Pin-560073 (India)",2,7,10.0,59.0,critical,#FF4B4B
86601459fffffff,23,59,13.0452351,77.5082855,"Mumbai Bengaluru Highway, Hesarughatta, T Dasarahalli, Bengaluru, Karnataka. Pin-560073 (India)",3,2,10.0,59.0,critical,#FF4B4B
86601459fffffff,23,59,13.0452351,77.5082855,"Mumbai Bengaluru Highway, Hesarughatta, T Dasarahalli, Bengaluru, Karnataka. Pin-560073 (India)",4,3,10.0,59.0,critical,#FF4B4B
86601459fffffff,23,59,13.0452351,77.5082855,"Mumbai Bengaluru Highway, Hesarughatta, T Dasarahalli, Bengaluru, Karnataka. Pin-560073 (India)",5,25,10.0,59.0,critical,#FF4B4B
86601459fffffff,23,59,13.0452351,77.5082855,"Mumbai Bengaluru Highway, Hesarughatta, T Dasarahalli, Bengaluru, Karnataka. Pin-560073 (India)",6,4,10.0,59.0,critical,#FF4B4B
8660145a7ffffff,0,1310,12.9689581,77.5361397,"20th Main Road, Ganga Government Quarters, MC Layout, Vijaya Nagar, Bengaluru, Karnataka. Pin-560040 (India)",0,98,10.0,1310.0,critical,#FF4B4B
8660145a7ffffff,0,1310,12.9689581,77.5361397,"20th Main Road, Ganga Government Quarters, MC Layout, Vijaya Nagar, Bengaluru, Karnataka. Pin-560040 (India)",1,266,10.0,1310.0,critical,#FF4B4B
8660145a7ffffff,0,1310,12.9689581,77.5361397,"20th Main Road, Ganga Government Quarters, MC Layout, Vijaya Nagar, Bengaluru, Karnataka. Pin-560040 (India)",2,146,10.0,1310.0,critical,#FF4B4B
8660145a7ffffff,0,1310,12.9689581,77.5361397,"20th Main Road, Ganga Government Quarters, MC Layout, Vijaya Nagar, Bengaluru, Karnataka. Pin-560040 (India)",3,166,10.0,1310.0,critical,#FF4B4B
8660145a7ffffff,0,1310,12.9689581,77.5361397,"20th Main Road, Ganga Government Quarters, MC Layout, Vijaya Nagar, Bengaluru, Karnataka. Pin-560040 (India)",4,257,10.0,1310.0,critical,#FF4B4B
8660145a7ffffff,0,1310,12.9689581,77.5361397,"20th Main Road, Ganga Government Quarters, MC Layout, Vijaya Nagar, Bengaluru, Karnataka. Pin-560040 (India)",5,167,10.0,1310.0,critical,#FF4B4B
8660145a7ffffff,0,1310,12.9689581,77.5361397,"20th Main Road, Ganga Government Quarters, MC Layout, Vijaya Nagar, Bengaluru, Karnataka. Pin-560040 (India)",6,210,10.0,1310.0,critical,#FF4B4B
8660145a7ffffff,1,822,12.9649211,77.5387147,"Sri Sankasta Hara Ganapati Temple Road, RPC Layout, Vijaya Nagar Stage 2, Bengaluru, Karnataka. Pin-560104 (India)",0,67,10.0,822.0,critical,#FF4B4B
8660145a7ffffff,1,822,12.9649211,77.5387147,"Sri Sankasta Hara Ganapati Temple Road, RPC Layout, Vijaya Nagar Stage 2, Bengaluru, Karnataka. Pin-560104 (India)",1,102,10.0,822.0,critical,#FF4B4B
8660145a7ffffff,1,822,12.9649211,77.5387147,"Sri Sankasta Hara Ganapati Temple Road, RPC Layout, Vijaya Nagar Stage 2, Bengaluru, Karnataka. Pin-560104 (India)",2,147,10.0,822.0,critical,#FF4B4B
8660145a7ffffff,1,822,12.9649211,77.5387147,"Sri Sankasta Hara Ganapati Temple Road, RPC Layout, Vijaya Nagar Stage 2, Bengaluru, Karnataka. Pin-560104 (India)",3,173,10.0,822.0,critical,#FF4B4B
8660145a7ffffff,1,822,12.9649211,77.5387147,"Sri Sankasta Hara Ganapati Temple Road, RPC Layout, Vijaya Nagar Stage 2, Bengaluru, Karnataka. Pin-560104 (India)",4,134,10.0,822.0,critical,#FF4B4B
8660145a7ffffff,1,822,12.9649211,77.5387147,"Sri Sankasta Hara Ganapati Temple Road, RPC Layout, Vijaya Nagar Stage 2, Bengaluru, Karnataka. Pin-560104 (India)",5,85,10.0,822.0,critical,#FF4B4B
8660145a7ffffff,1,822,12.9649211,77.5387147,"Sri Sankasta Hara Ganapati Temple Road, RPC Layout, Vijaya Nagar Stage 2, Bengaluru, Karnataka. Pin-560104 (India)",6,114,10.0,822.0,critical,#FF4B4B
8660145a7ffffff,2,1085,12.9481523,77.5593503,"Lakshmipura Main Road, Bhawani Nagar, Gavipuram, Bengaluru, Karnataka. Pin-560004 (India)",0,163,10.0,1085.0,critical,#FF4B4B
8660145a7ffffff,2,1085,12.9481523,77.5593503,"Lakshmipura Main Road, Bhawani Nagar, Gavipuram, Bengaluru, Karnataka. Pin-560004 (India)",1,183,10.0,1085.0,critical,#FF4B4B
8660145a7ffffff,2,1085,12.9481523,77.5593503,"Lakshmipura Main Road, Bhawani Nagar, Gavipuram, Bengaluru, Karnataka. Pin-560004 (India)",2,170,10.0,1085.0,critical,#FF4B4B
8660145a7ffffff,2,1085,12.9481523,77.5593503,"Lakshmipura Main Road, Bhawani Nagar, Gavipuram, Bengaluru, Karnataka. Pin-560004 (India)",3,234,10.0,1085.0,critical,#FF4B4B
8660145a7ffffff,2,1085,12.9481523,77.5593503,"Lakshmipura Main Road, Bhawani Nagar, Gavipuram, Bengaluru, Karnataka. Pin-560004 (India)",4,112,10.0,1085.0,critical,#FF4B4B
8660145a7ffffff,2,1085,12.9481523,77.5593503,"Lakshmipura Main Road, Bhawani Nagar, Gavipuram, Bengaluru, Karnataka. Pin-560004 (India)",5,114,10.0,1085.0,critical,#FF4B4B
8660145a7ffffff,2,1085,12.9481523,77.5593503,"Lakshmipura Main Road, Bhawani Nagar, Gavipuram, Bengaluru, Karnataka. Pin-560004 (India)",6,109,10.0,1085.0,critical,#FF4B4B
8660145a7ffffff,3,1309,12.9743257,77.5467078,"Chord Road, Sindhya Sunshine Apartment, Vijaya Nagar, Bengaluru, Karnataka. Pin-560040 (India)",0,83,10.0,1309.0,critical,#FF4B4B
8660145a7ffffff,3,1309,12.9743257,77.5467078,"Chord Road, Sindhya Sunshine Apartment, Vijaya Nagar, Bengaluru, Karnataka. Pin-560040 (India)",1,282,10.0,1309.0,critical,#FF4B4B
8660145a7ffffff,3,1309,12.9743257,77.5467078,"Chord Road, Sindhya Sunshine Apartment, Vijaya Nagar, Bengaluru, Karnataka. Pin-560040 (India)",2,260,10.0,1309.0,critical,#FF4B4B
8660145a7ffffff,3,1309,12.9743257,77.5467078,"Chord Road, Sindhya Sunshine Apartment, Vijaya Nagar, Bengaluru, Karnataka. Pin-560040 (India)",3,295,10.0,1309.0,critical,#FF4B4B
8660145a7ffffff,3,1309,12.9743257,77.5467078,"Chord Road, Sindhya Sunshine Apartment, Vijaya Nagar, Bengaluru, Karnataka. Pin-560040 (India)",4,134,10.0,1309.0,critical,#FF4B4B
8660145a7ffffff,3,1309,12.9743257,77.5467078,"Chord Road, Sindhya Sunshine Apartment, Vijaya Nagar, Bengaluru, Karnataka. Pin-560040 (India)",5,121,10.0,1309.0,critical,#FF4B4B
8660145a7ffffff,3,1309,12.9743257,77.5467078,"Chord Road, Sindhya Sunshine Apartment, Vijaya Nagar, Bengaluru, Karnataka. Pin-560040 (India)",6,134,10.0,1309.0,critical,#FF4B4B
8660145a7ffffff,4,1791,12.9537286,77.5435107,"Mysore Road, Satellite Bus Stand Junction, New Timber Yard Layout, Bengaluru, Karnataka. Pin-560026 (India)",0,201,10.0,1791.0,critical,#FF4B4B
8660145a7ffffff,4,1791,12.9537286,77.5435107,"Mysore Road, Satellite Bus Stand Junction, New Timber Yard Layout, Bengaluru, Karnataka. Pin-560026 (India)",1,212,10.0,1791.0,critical,#FF4B4B
8660145a7ffffff,4,1791,12.9537286,77.5435107,"Mysore Road, Satellite Bus Stand Junction, New Timber Yard Layout, Bengaluru, Karnataka. Pin-560026 (India)",2,182,10.0,1791.0,critical,#FF4B4B
8660145a7ffffff,4,1791,12.9537286,77.5435107,"Mysore Road, Satellite Bus Stand Junction, New Timber Yard Layout, Bengaluru, Karnataka. Pin-560026 (India)",3,418,10.0,1791.0,critical,#FF4B4B
8660145a7ffffff,4,1791,12.9537286,77.5435107,"Mysore Road, Satellite Bus Stand Junction, New Timber Yard Layout, Bengaluru, Karnataka. Pin-560026 (India)",4,268,10.0,1791.0,critical,#FF4B4B
8660145a7ffffff,4,1791,12.9537286,77.5435107,"Mysore Road, Satellite Bus Stand Junction, New Timber Yard Layout, Bengaluru, Karnataka. Pin-560026 (India)",5,257,10.0,1791.0,critical,#FF4B4B
8660145a7ffffff,4,1791,12.9537286,77.5435107,"Mysore Road, Satellite Bus Stand Junction, New Timber Yard Layout, Bengaluru, Karnataka. Pin-560026 (India)",6,253,10.0,1791.0,critical,#FF4B4B
8660145a7ffffff,5,2329,12.9544879,77.5439484,"Mysore Road, Bengaluru Body Builders Junction, New Timber Yard Layout, Bengaluru, Karnataka. Pin-560026 (India)",0,195,10.0,2329.0,critical,#FF4B4B
8660145a7ffffff,5,2329,12.9544879,77.5439484,"Mysore Road, Bengaluru Body Builders Junction, New Timber Yard Layout, Bengaluru, Karnataka. Pin-560026 (India)",1,267,10.0,2329.0,critical,#FF4B4B
8660145a7ffffff,5,2329,12.9544879,77.5439484,"Mysore Road, Bengaluru Body Builders Junction, New Timber Yard Layout, Bengaluru, Karnataka. Pin-560026 (India)",2,326,10.0,2329.0,critical,#FF4B4B
8660145a7ffffff,5,2329,12.9544879,77.5439484,"Mysore Road, Bengaluru Body Builders Junction, New Timber Yard Layout, Bengaluru, Karnataka. Pin-560026 (India)",3,500,10.0,2329.0,critical,#FF4B4B
8660145a7ffffff,5,2329,12.9544879,77.5439484,"Mysore Road, Bengaluru Body Builders Junction, New Timber Yard Layout, Bengaluru, Karnataka. Pin-560026 (India)",4,332,10.0,2329.0,critical,#FF4B4B
8660145a7ffffff,5,2329,12.9544879,77.5439484,"Mysore Road, Bengaluru Body Builders Junction, New Timber Yard Layout, Bengaluru, Karnataka. Pin-560026 (India)",5,368,10.0,2329.0,critical,#FF4B4B
8660145a7ffffff,5,2329,12.9544879,77.5439484,"Mysore Road, Bengaluru Body Builders Junction, New Timber Yard Layout, Bengaluru, Karnataka. Pin-560026 (India)",6,341,10.0,2329.0,critical,#FF4B4B
8660145a7ffffff,6,2060,12.956521,77.5186178,"6th Cross Road, Manasa Layout, Nagarbhavi, Bengaluru, Karnataka. Pin-560072 (India)",0,148,10.0,2060.0,critical,#FF4B4B
8660145a7ffffff,6,2060,12.956521,77.5186178,"6th Cross Road, Manasa Layout, Nagarbhavi, Bengaluru, Karnataka. Pin-560072 (India)",1,306,10.0,2060.0,critical,#FF4B4B
8660145a7ffffff,6,2060,12.956521,77.5186178,"6th Cross Road, Manasa Layout, Nagarbhavi, Bengaluru, Karnataka. Pin-560072 (India)",2,414,10.0,2060.0,critical,#FF4B4B
8660145a7ffffff,6,2060,12.956521,77.5186178,"6th Cross Road, Manasa Layout, Nagarbhavi, Bengaluru, Karnataka. Pin-560072 (India)",3,267,10.0,2060.0,critical,#FF4B4B
8660145a7ffffff,6,2060,12.956521,77.5186178,"6th Cross Road, Manasa Layout, Nagarbhavi, Bengaluru, Karnataka. Pin-560072 (India)",4,276,10.0,2060.0,critical,#FF4B4B
8660145a7ffffff,6,2060,12.956521,77.5186178,"6th Cross Road, Manasa Layout, Nagarbhavi, Bengaluru, Karnataka. Pin-560072 (India)",5,396,10.0,2060.0,critical,#FF4B4B
8660145a7ffffff,6,2060,12.956521,77.5186178,"6th Cross Road, Manasa Layout, Nagarbhavi, Bengaluru, Karnataka. Pin-560072 (India)",6,253,10.0,2060.0,critical,#FF4B4B
8660145a7ffffff,7,1054,12.9649232,77.5386645,"Sri Sankasta Hara Ganapati Temple Road, RPC Layout, Vijaya Nagar Stage 2, Bengaluru, Karnataka. Pin-560104 (India)",0,145,10.0,1054.0,critical,#FF4B4B
8660145a7ffffff,7,1054,12.9649232,77.5386645,"Sri Sankasta Hara Ganapati Temple Road, RPC Layout, Vijaya Nagar Stage 2, Bengaluru, Karnataka. Pin-560104 (India)",1,109,10.0,1054.0,critical,#FF4B4B
8660145a7ffffff,7,1054,12.9649232,77.5386645,"Sri Sankasta Hara Ganapati Temple Road, RPC Layout, Vijaya Nagar Stage 2, Bengaluru, Karnataka. Pin-560104 (India)",2,214,10.0,1054.0,critical,#FF4B4B
8660145a7ffffff,7,1054,12.9649232,77.5386645,"Sri Sankasta Hara Ganapati Temple Road, RPC Layout, Vijaya Nagar Stage 2, Bengaluru, Karnataka. Pin-560104 (India)",3,108,10.0,1054.0,critical,#FF4B4B
8660145a7ffffff,7,1054,12.9649232,77.5386645,"Sri Sankasta Hara Ganapati Temple Road, RPC Layout, Vijaya Nagar Stage 2, Bengaluru, Karnataka. Pin-560104 (India)",4,161,10.0,1054.0,critical,#FF4B4B
8660145a7ffffff,7,1054,12.9649232,77.5386645,"Sri Sankasta Hara Ganapati Temple Road, RPC Layout, Vijaya Nagar Stage 2, Bengaluru, Karnataka. Pin-560104 (India)",5,156,10.0,1054.0,critical,#FF4B4B
8660145a7ffffff,7,1054,12.9649232,77.5386645,"Sri Sankasta Hara Ganapati Temple Road, RPC Layout, Vijaya Nagar Stage 2, Bengaluru, Karnataka. Pin-560104 (India)",6,161,10.0,1054.0,critical,#FF4B4B
8660145a7ffffff,8,360,12.9519397,77.5404683,"Mysore Road, BR Pura, Bengaluru, Karnataka. Pin-560026 (India)",0,48,10.0,360.0,critical,#FF4B4B
8660145a7ffffff,8,360,12.9519397,77.5404683,"Mysore Road, BR Pura, Bengaluru, Karnataka. Pin-560026 (India)",1,30,10.0,360.0,critical,#FF4B4B
8660145a7ffffff,8,360,12.9519397,77.5404683,"Mysore Road, BR Pura, Bengaluru, Karnataka. Pin-560026 (India)",2,76,10.0,360.0,critical,#FF4B4B
8660145a7ffffff,8,360,12.9519397,77.5404683,"Mysore Road, BR Pura, Bengaluru, Karnataka. Pin-560026 (India)",3,52,10.0,360.0,critical,#FF4B4B
8660145a7ffffff,8,360,12.9519397,77.5404683,"Mysore Road, BR Pura, Bengaluru, Karnataka. Pin-560026 (India)",4,41,10.0,360.0,critical,#FF4B4B
8660145a7ffffff,8,360,12.9519397,77.5404683,"Mysore Road, BR Pura, Bengaluru, Karnataka. Pin-560026 (India)",5,51,10.0,360.0,critical,#FF4B4B
8660145a7ffffff,8,360,12.9519397,77.5404683,"Mysore Road, BR Pura, Bengaluru, Karnataka. Pin-560026 (India)",6,62,10.0,360.0,critical,#FF4B4B
8660145a7ffffff,9,120,12.9426284,77.5711295,"Sri DV Gundappa Road, Shopper Junction, Basavanagudi, Bengaluru, Karnataka. Pin-560004 (India)",0,25,10.0,120.0,critical,#FF4B4B
8660145a7ffffff,9,120,12.9426284,77.5711295,"Sri DV Gundappa Road, Shopper Junction, Basavanagudi, Bengaluru, Karnataka. Pin-560004 (India)",1,3,10.0,120.0,critical,#FF4B4B
8660145a7ffffff,9,120,12.9426284,77.5711295,"Sri DV Gundappa Road, Shopper Junction, Basavanagudi, Bengaluru, Karnataka. Pin-560004 (India)",2,16,10.0,120.0,critical,#FF4B4B
8660145a7ffffff,9,120,12.9426284,77.5711295,"Sri DV Gundappa Road, Shopper Junction, Basavanagudi, Bengaluru, Karnataka. Pin-560004 (India)",3,13,10.0,120.0,critical,#FF4B4B
8660145a7ffffff,9,120,12.9426284,77.5711295,"Sri DV Gundappa Road, Shopper Junction, Basavanagudi, Bengaluru, Karnataka. Pin-560004 (India)",4,44,10.0,120.0,critical,#FF4B4B
8660145a7ffffff,9,120,12.9426284,77.5711295,"Sri DV Gundappa Road, Shopper Junction, Basavanagudi, Bengaluru, Karnataka. Pin-560004 (India)",5,12,10.0,120.0,critical,#FF4B4B
8660145a7ffffff,9,120,12.9426284,77.5711295,"Sri DV Gundappa Road, Shopper Junction, Basavanagudi, Bengaluru, Karnataka. Pin-560004 (India)",6,7,10.0,120.0,critical,#FF4B4B
8660145a7ffffff,10,52,12.9520205,77.5409869,"A Cross Road, BR Pura, Bengaluru, Karnataka. Pin-560026 (India)",1,10,10.0,52.0,critical,#FF4B4B
8660145a7ffffff,10,52,12.9520205,77.5409869,"A Cross Road, BR Pura, Bengaluru, Karnataka. Pin-560026 (India)",2,2,10.0,52.0,critical,#FF4B4B
8660145a7ffffff,10,52,12.9520205,77.5409869,"A Cross Road, BR Pura, Bengaluru, Karnataka. Pin-560026 (India)",3,11,10.0,52.0,critical,#FF4B4B
8660145a7ffffff,10,52,12.9520205,77.5409869,"A Cross Road, BR Pura, Bengaluru, Karnataka. Pin-560026 (India)",5,27,9.26,48.15,critical,#FF4B4B
8660145a7ffffff,10,52,12.9520205,77.5409869,"A Cross Road, BR Pura, Bengaluru, Karnataka. Pin-560026 (India)",6,2,10.0,52.0,critical,#FF4B4B
8660145a7ffffff,11,27,12.9536679,77.5429456,"Mysore Road, Satellite Bus Stand Junction, New Timber Yard Layout, Bengaluru, Karnataka. Pin-560026 (India)",0,1,10.0,27.0,critical,#FF4B4B
8660145a7ffffff,11,27,12.9536679,77.5429456,"Mysore Road, Satellite Bus Stand Junction, New Timber Yard Layout, Bengaluru, Karnataka. Pin-560026 (India)",3,13,10.0,27.0,critical,#FF4B4B
8660145a7ffffff,11,27,12.9536679,77.5429456,"Mysore Road, Satellite Bus Stand Junction, New Timber Yard Layout, Bengaluru, Karnataka. Pin-560026 (India)",4,3,10.0,27.0,critical,#FF4B4B
8660145a7ffffff,11,27,12.9536679,77.5429456,"Mysore Road, Satellite Bus Stand Junction, New Timber Yard Layout, Bengaluru, Karnataka. Pin-560026 (India)",5,7,10.0,27.0,critical,#FF4B4B
8660145a7ffffff,11,27,12.9536679,77.5429456,"Mysore Road, Satellite Bus Stand Junction, New Timber Yard Layout, Bengaluru, Karnataka. Pin-560026 (India)",6,3,10.0,27.0,critical,#FF4B4B
8660145a7ffffff,12,6,12.9536971,77.5430534,"Mysore Road, Satellite Bus Stand Junction, New Timber Yard Layout, Bengaluru, Karnataka. Pin-560026 (India)",3,3,10.0,6.0,monitor,#FFA500
8660145a7ffffff,12,6,12.9536971,77.5430534,"Mysore Road, Satellite Bus Stand Junction, New Timber Yard Layout, Bengaluru, Karnataka. Pin-560026 (India)",6,3,10.0,6.0,monitor,#FFA500
8660145a7ffffff,17,2,12.9537351,77.5426994,"Mysore Road, Satellite Bus Stand Junction, New Timber Yard Layout, Bengaluru, Karnataka. Pin-560026 (India)",4,2,0.0,0.0,green,#00CC66
8660145a7ffffff,18,43,12.9574558,77.5522381,"Mysore Road, PMM Compound, Old Guddadahalli, Bengaluru, Karnataka. Pin-560026 (India)",0,10,10.0,43.0,critical,#FF4B4B
8660145a7ffffff,18,43,12.9574558,77.5522381,"Mysore Road, PMM Compound, Old Guddadahalli, Bengaluru, Karnataka. Pin-560026 (India)",1,1,10.0,43.0,critical,#FF4B4B
8660145a7ffffff,18,43,12.9574558,77.5522381,"Mysore Road, PMM Compound, Old Guddadahalli, Bengaluru, Karnataka. Pin-560026 (India)",3,2,10.0,43.0,critical,#FF4B4B
8660145a7ffffff,18,43,12.9574558,77.5522381,"Mysore Road, PMM Compound, Old Guddadahalli, Bengaluru, Karnataka. Pin-560026 (India)",4,4,10.0,43.0,critical,#FF4B4B
8660145a7ffffff,18,43,12.9574558,77.5522381,"Mysore Road, PMM Compound, Old Guddadahalli, Bengaluru, Karnataka. Pin-560026 (India)",5,25,7.2,30.96,critical,#FF4B4B
8660145a7ffffff,18,43,12.9574558,77.5522381,"Mysore Road, PMM Compound, Old Guddadahalli, Bengaluru, Karnataka. Pin-560026 (India)",6,1,10.0,43.0,critical,#FF4B4B
8660145a7ffffff,19,425,12.9530311,77.5417853,"Mysore Road, Iyannashetty Layout, New Timber Yard Layout, Bengaluru, Karnataka. Pin-560026 (India)",0,75,10.0,425.0,critical,#FF4B4B
8660145a7ffffff,19,425,12.9530311,77.5417853,"Mysore Road, Iyannashetty Layout, New Timber Yard Layout, Bengaluru, Karnataka. Pin-560026 (India)",1,15,10.0,425.0,critical,#FF4B4B
8660145a7ffffff,19,425,12.9530311,77.5417853,"Mysore Road, Iyannashetty Layout, New Timber Yard Layout, Bengaluru, Karnataka. Pin-560026 (India)",2,50,10.0,425.0,critical,#FF4B4B
8660145a7ffffff,19,425,12.9530311,77.5417853,"Mysore Road, Iyannashetty Layout, New Timber Yard Layout, Bengaluru, Karnataka. Pin-560026 (India)",3,88,10.0,425.0,critical,#FF4B4B
8660145a7ffffff,19,425,12.9530311,77.5417853,"Mysore Road, Iyannashetty Layout, New Timber Yard Layout, Bengaluru, Karnataka. Pin-560026 (India)",4,78,10.0,425.0,critical,#FF4B4B
8660145a7ffffff,19,425,12.9530311,77.5417853,"Mysore Road, Iyannashetty Layout, New Timber Yard Layout, Bengaluru, Karnataka. Pin-560026 (India)",5,92,10.0,425.0,critical,#FF4B4B
8660145a7ffffff,19,425,12.9530311,77.5417853,"Mysore Road, Iyannashetty Layout, New Timber Yard Layout, Bengaluru, Karnataka. Pin-560026 (India)",6,27,10.0,425.0,critical,#FF4B4B
8660145a7ffffff,20,720,12.964987,77.538777,"Sri Sankasta Hara Ganapati Temple Road, RPC Layout, Vijaya Nagar Stage 2, Bengaluru, Karnataka. Pin-560104 (India)",0,99,10.0,720.0,critical,#FF4B4B
8660145a7ffffff,20,720,12.964987,77.538777,"Sri Sankasta Hara Ganapati Temple Road, RPC Layout, Vijaya Nagar Stage 2, Bengaluru, Karnataka. Pin-560104 (India)",1,82,10.0,720.0,critical,#FF4B4B
8660145a7ffffff,20,720,12.964987,77.538777,"Sri Sankasta Hara Ganapati Temple Road, RPC Layout, Vijaya Nagar Stage 2, Bengaluru, Karnataka. Pin-560104 (India)",2,94,10.0,720.0,critical,#FF4B4B
8660145a7ffffff,20,720,12.964987,77.538777,"Sri Sankasta Hara Ganapati Temple Road, RPC Layout, Vijaya Nagar Stage 2, Bengaluru, Karnataka. Pin-560104 (India)",3,116,10.0,720.0,critical,#FF4B4B
8660145a7ffffff,20,720,12.964987,77.538777,"Sri Sankasta Hara Ganapati Temple Road, RPC Layout, Vijaya Nagar Stage 2, Bengaluru, Karnataka. Pin-560104 (India)",4,134,10.0,720.0,critical,#FF4B4B
8660145a7ffffff,20,720,12.964987,77.538777,"Sri Sankasta Hara Ganapati Temple Road, RPC Layout, Vijaya Nagar Stage 2, Bengaluru, Karnataka. Pin-560104 (India)",5,144,10.0,720.0,critical,#FF4B4B
8660145a7ffffff,20,720,12.964987,77.538777,"Sri Sankasta Hara Ganapati Temple Road, RPC Layout, Vijaya Nagar Stage 2, Bengaluru, Karnataka. Pin-560104 (India)",6,51,10.0,720.0,critical,#FF4B4B
8660145a7ffffff,21,1911,12.9349413,77.5364074,"8th Main Road, Veerannana Guda, Veerabhadra Nagar, Banashankari Stage 3, Bengaluru, Karnataka. Pin-560085 (India)",0,221,10.0,1911.0,critical,#FF4B4B
8660145a7ffffff,21,1911,12.9349413,77.5364074,"8th Main Road, Veerannana Guda, Veerabhadra Nagar, Banashankari Stage 3, Bengaluru, Karnataka. Pin-560085 (India)",1,276,10.0,1911.0,critical,#FF4B4B
8660145a7ffffff,21,1911,12.9349413,77.5364074,"8th Main Road, Veerannana Guda, Veerabhadra Nagar, Banashankari Stage 3, Bengaluru, Karnataka. Pin-560085 (India)",2,342,10.0,1911.0,critical,#FF4B4B
8660145a7ffffff,21,1911,12.9349413,77.5364074,"8th Main Road, Veerannana Guda, Veerabhadra Nagar, Banashankari Stage 3, Bengaluru, Karnataka. Pin-560085 (India)",3,333,10.0,1911.0,critical,#FF4B4B
8660145a7ffffff,21,1911,12.9349413,77.5364074,"8th Main Road, Veerannana Guda, Veerabhadra Nagar, Banashankari Stage 3, Bengaluru, Karnataka. Pin-560085 (India)",4,220,10.0,1911.0,critical,#FF4B4B
8660145a7ffffff,21,1911,12.9349413,77.5364074,"8th Main Road, Veerannana Guda, Veerabhadra Nagar, Banashankari Stage 3, Bengaluru, Karnataka. Pin-560085 (India)",5,390,10.0,1911.0,critical,#FF4B4B
8660145a7ffffff,21,1911,12.9349413,77.5364074,"8th Main Road, Veerannana Guda, Veerabhadra Nagar, Banashankari Stage 3, Bengaluru, Karnataka. Pin-560085 (India)",6,129,10.0,1911.0,critical,#FF4B4B
8660145a7ffffff,22,2112,12.9630317,77.5603267,"JJR Main Road, Tippu Chowk, JJR Nagar North, Bengaluru, Karnataka. Pin-560018 (India)",0,340,10.0,2112.0,critical,#FF4B4B
8660145a7ffffff,22,2112,12.9630317,77.5603267,"JJR Main Road, Tippu Chowk, JJR Nagar North, Bengaluru, Karnataka. Pin-560018 (India)",1,310,10.0,2112.0,critical,#FF4B4B
8660145a7ffffff,22,2112,12.9630317,77.5603267,"JJR Main Road, Tippu Chowk, JJR Nagar North, Bengaluru, Karnataka. Pin-560018 (India)",2,230,10.0,2112.0,critical,#FF4B4B
8660145a7ffffff,22,2112,12.9630317,77.5603267,"JJR Main Road, Tippu Chowk, JJR Nagar North, Bengaluru, Karnataka. Pin-560018 (India)",3,368,10.0,2112.0,critical,#FF4B4B
8660145a7ffffff,22,2112,12.9630317,77.5603267,"JJR Main Road, Tippu Chowk, JJR Nagar North, Bengaluru, Karnataka. Pin-560018 (India)",4,367,10.0,2112.0,critical,#FF4B4B
8660145a7ffffff,22,2112,12.9630317,77.5603267,"JJR Main Road, Tippu Chowk, JJR Nagar North, Bengaluru, Karnataka. Pin-560018 (India)",5,380,10.0,2112.0,critical,#FF4B4B
8660145a7ffffff,22,2112,12.9630317,77.5603267,"JJR Main Road, Tippu Chowk, JJR Nagar North, Bengaluru, Karnataka. Pin-560018 (India)",6,117,10.0,2112.0,critical,#FF4B4B
8660145a7ffffff,23,1847,12.9651077,77.5382332,"Sri Sankasta Hara Ganapati Temple Road, RPC Layout, Vijaya Nagar Stage 2, Bengaluru, Karnataka. Pin-560104 (India)",0,314,10.0,1847.0,critical,#FF4B4B
8660145a7ffffff,23,1847,12.9651077,77.5382332,"Sri Sankasta Hara Ganapati Temple Road, RPC Layout, Vijaya Nagar Stage 2, Bengaluru, Karnataka. Pin-560104 (India)",1,293,10.0,1847.0,critical,#FF4B4B
8660145a7ffffff,23,1847,12.9651077,77.5382332,"Sri Sankasta Hara Ganapati Temple Road, RPC Layout, Vijaya Nagar Stage 2, Bengaluru, Karnataka. Pin-560104 (India)",2,330,10.0,1847.0,critical,#FF4B4B
8660145a7ffffff,23,1847,12.9651077,77.5382332,"Sri Sankasta Hara Ganapati Temple Road, RPC Layout, Vijaya Nagar Stage 2, Bengaluru, Karnataka. Pin-560104 (India)",3,292,10.0,1847.0,critical,#FF4B4B
8660145a7ffffff,23,1847,12.9651077,77.5382332,"Sri Sankasta Hara Ganapati Temple Road, RPC Layout, Vijaya Nagar Stage 2, Bengaluru, Karnataka. Pin-560104 (India)",4,184,10.0,1847.0,critical,#FF4B4B
8660145a7ffffff,23,1847,12.9651077,77.5382332,"Sri Sankasta Hara Ganapati Temple Road, RPC Layout, Vijaya Nagar Stage 2, Bengaluru, Karnataka. Pin-560104 (India)",5,296,10.0,1847.0,critical,#FF4B4B
8660145a7ffffff,23,1847,12.9651077,77.5382332,"Sri Sankasta Hara Ganapati Temple Road, RPC Layout, Vijaya Nagar Stage 2, Bengaluru, Karnataka. Pin-560104 (India)",6,138,10.0,1847.0,critical,#FF4B4B
8660145afffffff,0,32,12.9110176,77.4800517,"1st Cross Road, Police Quarters, Stage 1, Kengeri Satellite Town, Bengaluru, Karnataka. Pin-560060 (India)",0,2,10.0,32.0,critical,#FF4B4B
8660145afffffff,0,32,12.9110176,77.4800517,"1st Cross Road, Police Quarters, Stage 1, Kengeri Satellite Town, Bengaluru, Karnataka. Pin-560060 (India)",2,1,10.0,32.0,critical,#FF4B4B
8660145afffffff,0,32,12.9110176,77.4800517,"1st Cross Road, Police Quarters, Stage 1, Kengeri Satellite Town, Bengaluru, Karnataka. Pin-560060 (India)",3,8,10.0,32.0,critical,#FF4B4B
8660145afffffff,0,32,12.9110176,77.4800517,"1st Cross Road, Police Quarters, Stage 1, Kengeri Satellite Town, Bengaluru, Karnataka. Pin-560060 (India)",4,7,10.0,32.0,critical,#FF4B4B
8660145afffffff,0,32,12.9110176,77.4800517,"1st Cross Road, Police Quarters, Stage 1, Kengeri Satellite Town, Bengaluru, Karnataka. Pin-560060 (India)",5,10,10.0,32.0,critical,#FF4B4B
8660145afffffff,0,32,12.9110176,77.4800517,"1st Cross Road, Police Quarters, Stage 1, Kengeri Satellite Town, Bengaluru, Karnataka. Pin-560060 (India)",6,4,10.0,32.0,critical,#FF4B4B
8660145afffffff,1,16,12.9111868,77.4802107,"Kengeri Magadi Road, Police Quarters, Stage 1, Kengeri Satellite Town, Bengaluru, Karnataka. Pin-560060 (India)",0,5,10.0,16.0,critical,#FF4B4B
8660145afffffff,1,16,12.9111868,77.4802107,"Kengeri Magadi Road, Police Quarters, Stage 1, Kengeri Satellite Town, Bengaluru, Karnataka. Pin-560060 (India)",1,3,10.0,16.0,critical,#FF4B4B
8660145afffffff,1,16,12.9111868,77.4802107,"Kengeri Magadi Road, Police Quarters, Stage 1, Kengeri Satellite Town, Bengaluru, Karnataka. Pin-560060 (India)",3,1,10.0,16.0,critical,#FF4B4B
8660145afffffff,1,16,12.9111868,77.4802107,"Kengeri Magadi Road, Police Quarters, Stage 1, Kengeri Satellite Town, Bengaluru, Karnataka. Pin-560060 (India)",4,1,10.0,16.0,critical,#FF4B4B
8660145afffffff,1,16,12.9111868,77.4802107,"Kengeri Magadi Road, Police Quarters, Stage 1, Kengeri Satellite Town, Bengaluru, Karnataka. Pin-560060 (India)",5,5,10.0,16.0,critical,#FF4B4B
8660145afffffff,1,16,12.9111868,77.4802107,"Kengeri Magadi Road, Police Quarters, Stage 1, Kengeri Satellite Town, Bengaluru, Karnataka. Pin-560060 (India)",6,1,10.0,16.0,critical,#FF4B4B
8660145afffffff,2,23,12.9142158,77.4813739,"Kengeri Main Road, Kengeri Satellite Town, Bengaluru, Karnataka. Pin-560060 (India)",0,3,10.0,23.0,critical,#FF4B4B
8660145afffffff,2,23,12.9142158,77.4813739,"Kengeri Main Road, Kengeri Satellite Town, Bengaluru, Karnataka. Pin-560060 (India)",1,4,10.0,23.0,critical,#FF4B4B
8660145afffffff,2,23,12.9142158,77.4813739,"Kengeri Main Road, Kengeri Satellite Town, Bengaluru, Karnataka. Pin-560060 (India)",2,1,10.0,23.0,critical,#FF4B4B
8660145afffffff,2,23,12.9142158,77.4813739,"Kengeri Main Road, Kengeri Satellite Town, Bengaluru, Karnataka. Pin-560060 (India)",4,8,10.0,23.0,critical,#FF4B4B
8660145afffffff,2,23,12.9142158,77.4813739,"Kengeri Main Road, Kengeri Satellite Town, Bengaluru, Karnataka. Pin-560060 (India)",5,3,10.0,23.0,critical,#FF4B4B
8660145afffffff,2,23,12.9142158,77.4813739,"Kengeri Main Road, Kengeri Satellite Town, Bengaluru, Karnataka. Pin-560060 (India)",6,4,10.0,23.0,critical,#FF4B4B
8660145afffffff,3,12,12.914227,77.4813438,"Kengeri Main Road, Kengeri Satellite Town, Bengaluru, Karnataka. Pin-560060 (India)",2,2,10.0,12.0,critical,#FF4B4B
8660145afffffff,3,12,12.914227,77.4813438,"Kengeri Main Road, Kengeri Satellite Town, Bengaluru, Karnataka. Pin-560060 (India)",4,2,10.0,12.0,critical,#FF4B4B
8660145afffffff,3,12,12.914227,77.4813438,"Kengeri Main Road, Kengeri Satellite Town, Bengaluru, Karnataka. Pin-560060 (India)",5,6,10.0,12.0,critical,#FF4B4B
8660145afffffff,3,12,12.914227,77.4813438,"Kengeri Main Road, Kengeri Satellite Town, Bengaluru, Karnataka. Pin-560060 (India)",6,2,10.0,12.0,critical,#FF4B4B
8660145afffffff,4,30,12.9110832,77.4801912,"Kengeri Magadi Road, Police Quarters, Stage 1, Kengeri Satellite Town, Bengaluru, Karnataka. Pin-560060 (India)",1,3,10.0,30.0,critical,#FF4B4B
8660145afffffff,4,30,12.9110832,77.4801912,"Kengeri Magadi Road, Police Quarters, Stage 1, Kengeri Satellite Town, Bengaluru, Karnataka. Pin-560060 (India)",2,7,10.0,30.0,critical,#FF4B4B
8660145afffffff,4,30,12.9110832,77.4801912,"Kengeri Magadi Road, Police Quarters, Stage 1, Kengeri Satellite Town, Bengaluru, Karnataka. Pin-560060 (India)",4,3,10.0,30.0,critical,#FF4B4B
8660145afffffff,4,30,12.9110832,77.4801912,"Kengeri Magadi Road, Police Quarters, Stage 1, Kengeri Satellite Town, Bengaluru, Karnataka. Pin-560060 (India)",5,14,10.0,30.0,critical,#FF4B4B
8660145afffffff,4,30,12.9110832,77.4801912,"Kengeri Magadi Road, Police Quarters, Stage 1, Kengeri Satellite Town, Bengaluru, Karnataka. Pin-560060 (India)",6,3,10.0,30.0,critical,#FF4B4B
8660145afffffff,5,91,12.9170516,77.5000243,"Global City Tech Park Road, Mylasandra Village, Mylasandara, Bengaluru, Karnataka. Pin-560059 (India)",0,7,10.0,91.0,critical,#FF4B4B
8660145afffffff,5,91,12.9170516,77.5000243,"Global City Tech Park Road, Mylasandra Village, Mylasandara, Bengaluru, Karnataka. Pin-560059 (India)",1,26,10.0,91.0,critical,#FF4B4B
8660145afffffff,5,91,12.9170516,77.5000243,"Global City Tech Park Road, Mylasandra Village, Mylasandara, Bengaluru, Karnataka. Pin-560059 (India)",2,9,10.0,91.0,critical,#FF4B4B
8660145afffffff,5,91,12.9170516,77.5000243,"Global City Tech Park Road, Mylasandra Village, Mylasandara, Bengaluru, Karnataka. Pin-560059 (India)",3,18,10.0,91.0,critical,#FF4B4B
8660145afffffff,5,91,12.9170516,77.5000243,"Global City Tech Park Road, Mylasandra Village, Mylasandara, Bengaluru, Karnataka. Pin-560059 (India)",4,7,10.0,91.0,critical,#FF4B4B
8660145afffffff,5,91,12.9170516,77.5000243,"Global City Tech Park Road, Mylasandra Village, Mylasandara, Bengaluru, Karnataka. Pin-560059 (India)",5,21,10.0,91.0,critical,#FF4B4B
8660145afffffff,5,91,12.9170516,77.5000243,"Global City Tech Park Road, Mylasandra Village, Mylasandara, Bengaluru, Karnataka. Pin-560059 (India)",6,3,10.0,91.0,critical,#FF4B4B
8660145afffffff,6,101,12.9392152,77.492978,"Kengeri Main Road, Rajarajeshwari Layout, Nagadevanahalli, Bengaluru, Karnataka. Pin-560056 (India)",0,9,10.0,101.0,critical,#FF4B4B
8660145afffffff,6,101,12.9392152,77.492978,"Kengeri Main Road, Rajarajeshwari Layout, Nagadevanahalli, Bengaluru, Karnataka. Pin-560056 (India)",1,17,10.0,101.0,critical,#FF4B4B
8660145afffffff,6,101,12.9392152,77.492978,"Kengeri Main Road, Rajarajeshwari Layout, Nagadevanahalli, Bengaluru, Karnataka. Pin-560056 (India)",2,7,10.0,101.0,critical,#FF4B4B
8660145afffffff,6,101,12.9392152,77.492978,"Kengeri Main Road, Rajarajeshwari Layout, Nagadevanahalli, Bengaluru, Karnataka. Pin-560056 (India)",3,19,10.0,101.0,critical,#FF4B4B
8660145afffffff,6,101,12.9392152,77.492978,"Kengeri Main Road, Rajarajeshwari Layout, Nagadevanahalli, Bengaluru, Karnataka. Pin-560056 (India)",4,5,10.0,101.0,critical,#FF4B4B
8660145afffffff,6,101,12.9392152,77.492978,"Kengeri Main Road, Rajarajeshwari Layout, Nagadevanahalli, Bengaluru, Karnataka. Pin-560056 (India)",5,30,10.0,101.0,critical,#FF4B4B
8660145afffffff,6,101,12.9392152,77.492978,"Kengeri Main Road, Rajarajeshwari Layout, Nagadevanahalli, Bengaluru, Karnataka. Pin-560056 (India)",6,14,10.0,101.0,critical,#FF4B4B
8660145afffffff,7,26,12.9154286,77.4882214,"Mysore Road, Ranka Aqua Greens, Harsha Layout, Kengeri, Bengaluru, Karnataka. Pin-560060 (India)",0,5,10.0,26.0,critical,#FF4B4B
8660145afffffff,7,26,12.9154286,77.4882214,"Mysore Road, Ranka Aqua Greens, Harsha Layout, Kengeri, Bengaluru, Karnataka. Pin-560060 (India)",1,3,10.0,26.0,critical,#FF4B4B
8660145afffffff,7,26,12.9154286,77.4882214,"Mysore Road, Ranka Aqua Greens, Harsha Layout, Kengeri, Bengaluru, Karnataka. Pin-560060 (India)",2,2,10.0,26.0,critical,#FF4B4B
8660145afffffff,7,26,12.9154286,77.4882214,"Mysore Road, Ranka Aqua Greens, Harsha Layout, Kengeri, Bengaluru, Karnataka. Pin-560060 (India)",3,6,10.0,26.0,critical,#FF4B4B
8660145afffffff,7,26,12.9154286,77.4882214,"Mysore Road, Ranka Aqua Greens, Harsha Layout, Kengeri, Bengaluru, Karnataka. Pin-560060 (India)",4,8,10.0,26.0,critical,#FF4B4B
8660145afffffff,7,26,12.9154286,77.4882214,"Mysore Road, Ranka Aqua Greens, Harsha Layout, Kengeri, Bengaluru, Karnataka. Pin-560060 (India)",5,1,10.0,26.0,critical,#FF4B4B
8660145afffffff,7,26,12.9154286,77.4882214,"Mysore Road, Ranka Aqua Greens, Harsha Layout, Kengeri, Bengaluru, Karnataka. Pin-560060 (India)",6,1,10.0,26.0,critical,#FF4B4B
8660145afffffff,8,11,12.9248418,77.4852695,"Kengeri Main Road, Hoyasala Circle, Kengeri Satellite Town, Bengaluru, Karnataka. Pin-560060 (India)",0,1,10.0,11.0,critical,#FF4B4B
8660145afffffff,8,11,12.9248418,77.4852695,"Kengeri Main Road, Hoyasala Circle, Kengeri Satellite Town, Bengaluru, Karnataka. Pin-560060 (India)",1,4,10.0,11.0,critical,#FF4B4B
8660145afffffff,8,11,12.9248418,77.4852695,"Kengeri Main Road, Hoyasala Circle, Kengeri Satellite Town, Bengaluru, Karnataka. Pin-560060 (India)",4,3,10.0,11.0,critical,#FF4B4B
8660145afffffff,8,11,12.9248418,77.4852695,"Kengeri Main Road, Hoyasala Circle, Kengeri Satellite Town, Bengaluru, Karnataka. Pin-560060 (India)",6,3,10.0,11.0,critical,#FF4B4B
8660145afffffff,9,5,12.9608584,77.5023634,"1st Cross Road, Mallathahalli New Extension, Mallathahalli, Bengaluru, Karnataka. Pin-560056 (India)",1,1,10.0,5.0,monitor,#FFA500
8660145afffffff,9,5,12.9608584,77.5023634,"1st Cross Road, Mallathahalli New Extension, Mallathahalli, Bengaluru, Karnataka. Pin-560056 (India)",2,2,10.0,5.0,monitor,#FFA500
8660145afffffff,9,5,12.9608584,77.5023634,"1st Cross Road, Mallathahalli New Extension, Mallathahalli, Bengaluru, Karnataka. Pin-560056 (India)",3,2,10.0,5.0,monitor,#FFA500
8660145afffffff,15,1,12.9096625,77.4806236,"Bangalore-Mysore Road, Hemmigepura, Bengaluru West City Corporation, Bengaluru, Bangalore South, Bengaluru Urban, Karnataka, 560060, India",6,1,0.0,0.0,green,#00CC66
8660145afffffff,18,1,12.958585,77.495605,"5th Main Road, Further Extension, Jnana Bharathi, Jnana Bharathi Ward, Bengaluru West City Corporation, Bengaluru, Bangalore North, Bengaluru Urban, Karnataka, 560056, India",2,1,0.0,0.0,green,#00CC66
8660145afffffff,20,2,12.9603721,77.5047881,"Mallathahalli Road, Kengunte Circle, Bengaluru, Karnataka. Pin-560056 (India)",0,2,0.0,0.0,green,#00CC66
8660145afffffff,21,30,12.9368199,77.4925458,"Kengeri Main Road, Nagadevanahalli, Bengaluru, Karnataka. Pin-560056 (India)",0,2,10.0,30.0,critical,#FF4B4B
8660145afffffff,21,30,12.9368199,77.4925458,"Kengeri Main Road, Nagadevanahalli, Bengaluru, Karnataka. Pin-560056 (India)",1,2,10.0,30.0,critical,#FF4B4B
8660145afffffff,21,30,12.9368199,77.4925458,"Kengeri Main Road, Nagadevanahalli, Bengaluru, Karnataka. Pin-560056 (India)",2,9,10.0,30.0,critical,#FF4B4B
8660145afffffff,21,30,12.9368199,77.4925458,"Kengeri Main Road, Nagadevanahalli, Bengaluru, Karnataka. Pin-560056 (India)",3,5,10.0,30.0,critical,#FF4B4B
8660145afffffff,21,30,12.9368199,77.4925458,"Kengeri Main Road, Nagadevanahalli, Bengaluru, Karnataka. Pin-560056 (India)",4,9,10.0,30.0,critical,#FF4B4B
8660145afffffff,21,30,12.9368199,77.4925458,"Kengeri Main Road, Nagadevanahalli, Bengaluru, Karnataka. Pin-560056 (India)",5,3,10.0,30.0,critical,#FF4B4B
8660145afffffff,22,42,12.914551,77.4813821,"Kommaghatta Road, Kengeri Satellite Town, Bengaluru, Karnataka. Pin-560060 (India)",0,8,10.0,42.0,critical,#FF4B4B
8660145afffffff,22,42,12.914551,77.4813821,"Kommaghatta Road, Kengeri Satellite Town, Bengaluru, Karnataka. Pin-560060 (India)",1,4,10.0,42.0,critical,#FF4B4B
8660145afffffff,22,42,12.914551,77.4813821,"Kommaghatta Road, Kengeri Satellite Town, Bengaluru, Karnataka. Pin-560060 (India)",2,13,10.0,42.0,critical,#FF4B4B
8660145afffffff,22,42,12.914551,77.4813821,"Kommaghatta Road, Kengeri Satellite Town, Bengaluru, Karnataka. Pin-560060 (India)",3,1,10.0,42.0,critical,#FF4B4B
8660145afffffff,22,42,12.914551,77.4813821,"Kommaghatta Road, Kengeri Satellite Town, Bengaluru, Karnataka. Pin-560060 (India)",4,9,10.0,42.0,critical,#FF4B4B
8660145afffffff,22,42,12.914551,77.4813821,"Kommaghatta Road, Kengeri Satellite Town, Bengaluru, Karnataka. Pin-560060 (India)",5,4,10.0,42.0,critical,#FF4B4B
8660145afffffff,22,42,12.914551,77.4813821,"Kommaghatta Road, Kengeri Satellite Town, Bengaluru, Karnataka. Pin-560060 (India)",6,3,10.0,42.0,critical,#FF4B4B
8660145afffffff,23,62,12.9141967,77.4813804,"Kengeri Main Road, Kengeri Satellite Town, Bengaluru, Karnataka. Pin-560060 (India)",0,6,10.0,62.0,critical,#FF4B4B
8660145afffffff,23,62,12.9141967,77.4813804,"Kengeri Main Road, Kengeri Satellite Town, Bengaluru, Karnataka. Pin-560060 (India)",1,7,10.0,62.0,critical,#FF4B4B
8660145afffffff,23,62,12.9141967,77.4813804,"Kengeri Main Road, Kengeri Satellite Town, Bengaluru, Karnataka. Pin-560060 (India)",2,25,10.0,62.0,critical,#FF4B4B
8660145afffffff,23,62,12.9141967,77.4813804,"Kengeri Main Road, Kengeri Satellite Town, Bengaluru, Karnataka. Pin-560060 (India)",3,4,10.0,62.0,critical,#FF4B4B
8660145afffffff,23,62,12.9141967,77.4813804,"Kengeri Main Road, Kengeri Satellite Town, Bengaluru, Karnataka. Pin-560060 (India)",4,2,10.0,62.0,critical,#FF4B4B
8660145afffffff,23,62,12.9141967,77.4813804,"Kengeri Main Road, Kengeri Satellite Town, Bengaluru, Karnataka. Pin-560060 (India)",5,16,10.0,62.0,critical,#FF4B4B
8660145afffffff,23,62,12.9141967,77.4813804,"Kengeri Main Road, Kengeri Satellite Town, Bengaluru, Karnataka. Pin-560060 (India)",6,2,10.0,62.0,critical,#FF4B4B
8660145b7ffffff,0,9233,12.9791741,77.5749722,"Subedar Chatram Road, AT Extension, Gandhi Nagar, Bengaluru, Karnataka. Pin-560009 (India)",0,989,10.0,9233.0,critical,#FF4B4B
8660145b7ffffff,0,9233,12.9791741,77.5749722,"Subedar Chatram Road, AT Extension, Gandhi Nagar, Bengaluru, Karnataka. Pin-560009 (India)",1,1382,10.0,9233.0,critical,#FF4B4B
8660145b7ffffff,0,9233,12.9791741,77.5749722,"Subedar Chatram Road, AT Extension, Gandhi Nagar, Bengaluru, Karnataka. Pin-560009 (India)",2,1258,10.0,9233.0,critical,#FF4B4B
8660145b7ffffff,0,9233,12.9791741,77.5749722,"Subedar Chatram Road, AT Extension, Gandhi Nagar, Bengaluru, Karnataka. Pin-560009 (India)",3,1274,10.0,9233.0,critical,#FF4B4B
8660145b7ffffff,0,9233,12.9791741,77.5749722,"Subedar Chatram Road, AT Extension, Gandhi Nagar, Bengaluru, Karnataka. Pin-560009 (India)",4,1372,10.0,9233.0,critical,#FF4B4B
8660145b7ffffff,0,9233,12.9791741,77.5749722,"Subedar Chatram Road, AT Extension, Gandhi Nagar, Bengaluru, Karnataka. Pin-560009 (India)",5,1414,10.0,9233.0,critical,#FF4B4B
8660145b7ffffff,0,9233,12.9791741,77.5749722,"Subedar Chatram Road, AT Extension, Gandhi Nagar, Bengaluru, Karnataka. Pin-560009 (India)",6,1544,10.0,9233.0,critical,#FF4B4B
8660145b7ffffff,1,7573,12.9762846,77.5757044,"Vajreshwari Road, Jakkarayana Kere, Gandhi Nagar, Bengaluru, Karnataka. Pin-560009 (India)",0,851,10.0,7573.0,critical,#FF4B4B
8660145b7ffffff,1,7573,12.9762846,77.5757044,"Vajreshwari Road, Jakkarayana Kere, Gandhi Nagar, Bengaluru, Karnataka. Pin-560009 (India)",1,1019,10.0,7573.0,critical,#FF4B4B
8660145b7ffffff,1,7573,12.9762846,77.5757044,"Vajreshwari Road, Jakkarayana Kere, Gandhi Nagar, Bengaluru, Karnataka. Pin-560009 (India)",2,1069,10.0,7573.0,critical,#FF4B4B
8660145b7ffffff,1,7573,12.9762846,77.5757044,"Vajreshwari Road, Jakkarayana Kere, Gandhi Nagar, Bengaluru, Karnataka. Pin-560009 (India)",3,1065,10.0,7573.0,critical,#FF4B4B
8660145b7ffffff,1,7573,12.9762846,77.5757044,"Vajreshwari Road, Jakkarayana Kere, Gandhi Nagar, Bengaluru, Karnataka. Pin-560009 (India)",4,1086,10.0,7573.0,critical,#FF4B4B
8660145b7ffffff,1,7573,12.9762846,77.5757044,"Vajreshwari Road, Jakkarayana Kere, Gandhi Nagar, Bengaluru, Karnataka. Pin-560009 (India)",5,1170,10.0,7573.0,critical,#FF4B4B
8660145b7ffffff,1,7573,12.9762846,77.5757044,"Vajreshwari Road, Jakkarayana Kere, Gandhi Nagar, Bengaluru, Karnataka. Pin-560009 (India)",6,1313,10.0,7573.0,critical,#FF4B4B
8660145b7ffffff,2,10985,13.0072643,77.5711894,"Sri Venkataranga Ayangar Road, Ranganathapura, Malleshwaram, Bengaluru, Karnataka. Pin-560003 (India)",0,1440,10.0,10985.0,critical,#FF4B4B
8660145b7ffffff,2,10985,13.0072643,77.5711894,"Sri Venkataranga Ayangar Road, Ranganathapura, Malleshwaram, Bengaluru, Karnataka. Pin-560003 (India)",1,1585,10.0,10985.0,critical,#FF4B4B
8660145b7ffffff,2,10985,13.0072643,77.5711894,"Sri Venkataranga Ayangar Road, Ranganathapura, Malleshwaram, Bengaluru, Karnataka. Pin-560003 (India)",2,1381,10.0,10985.0,critical,#FF4B4B
8660145b7ffffff,2,10985,13.0072643,77.5711894,"Sri Venkataranga Ayangar Road, Ranganathapura, Malleshwaram, Bengaluru, Karnataka. Pin-560003 (India)",3,1587,10.0,10985.0,critical,#FF4B4B
8660145b7ffffff,2,10985,13.0072643,77.5711894,"Sri Venkataranga Ayangar Road, Ranganathapura, Malleshwaram, Bengaluru, Karnataka. Pin-560003 (India)",4,1592,10.0,10985.0,critical,#FF4B4B
8660145b7ffffff,2,10985,13.0072643,77.5711894,"Sri Venkataranga Ayangar Road, Ranganathapura, Malleshwaram, Bengaluru, Karnataka. Pin-560003 (India)",5,1517,10.0,10985.0,critical,#FF4B4B
8660145b7ffffff,2,10985,13.0072643,77.5711894,"Sri Venkataranga Ayangar Road, Ranganathapura, Malleshwaram, Bengaluru, Karnataka. Pin-560003 (India)",6,1883,10.0,10985.0,critical,#FF4B4B
8660145b7ffffff,3,12346,12.9760117,77.5995401,"Sri ML Subbaraju Road, Mahatma Gandhi Circle, Shivaji Nagar, Bengaluru, Karnataka. Pin-560001 (India)",0,1410,10.0,12346.0,critical,#FF4B4B
8660145b7ffffff,3,12346,12.9760117,77.5995401,"Sri ML Subbaraju Road, Mahatma Gandhi Circle, Shivaji Nagar, Bengaluru, Karnataka. Pin-560001 (India)",1,1905,10.0,12346.0,critical,#FF4B4B
8660145b7ffffff,3,12346,12.9760117,77.5995401,"Sri ML Subbaraju Road, Mahatma Gandhi Circle, Shivaji Nagar, Bengaluru, Karnataka. Pin-560001 (India)",2,1678,10.0,12346.0,critical,#FF4B4B
8660145b7ffffff,3,12346,12.9760117,77.5995401,"Sri ML Subbaraju Road, Mahatma Gandhi Circle, Shivaji Nagar, Bengaluru, Karnataka. Pin-560001 (India)",3,1756,10.0,12346.0,critical,#FF4B4B
8660145b7ffffff,3,12346,12.9760117,77.5995401,"Sri ML Subbaraju Road, Mahatma Gandhi Circle, Shivaji Nagar, Bengaluru, Karnataka. Pin-560001 (India)",4,1573,10.0,12346.0,critical,#FF4B4B
8660145b7ffffff,3,12346,12.9760117,77.5995401,"Sri ML Subbaraju Road, Mahatma Gandhi Circle, Shivaji Nagar, Bengaluru, Karnataka. Pin-560001 (India)",5,1811,10.0,12346.0,critical,#FF4B4B
8660145b7ffffff,3,12346,12.9760117,77.5995401,"Sri ML Subbaraju Road, Mahatma Gandhi Circle, Shivaji Nagar, Bengaluru, Karnataka. Pin-560001 (India)",6,2213,10.0,12346.0,critical,#FF4B4B
8660145b7ffffff,4,12455,12.9777667,77.5805453,"Kalidasa Road, Gandhinagar, Nehru Nagar, Bengaluru Central City Corporation, Bengaluru, Bangalore North, Bengaluru Urban, Karnataka, 560009, India",0,1489,10.0,12455.0,critical,#FF4B4B
8660145b7ffffff,4,12455,12.9777667,77.5805453,"Kalidasa Road, Gandhinagar, Nehru Nagar, Bengaluru Central City Corporation, Bengaluru, Bangalore North, Bengaluru Urban, Karnataka, 560009, India",1,1974,10.0,12455.0,critical,#FF4B4B
8660145b7ffffff,4,12455,12.9777667,77.5805453,"Kalidasa Road, Gandhinagar, Nehru Nagar, Bengaluru Central City Corporation, Bengaluru, Bangalore North, Bengaluru Urban, Karnataka, 560009, India",2,1733,10.0,12455.0,critical,#FF4B4B
8660145b7ffffff,4,12455,12.9777667,77.5805453,"Kalidasa Road, Gandhinagar, Nehru Nagar, Bengaluru Central City Corporation, Bengaluru, Bangalore North, Bengaluru Urban, Karnataka, 560009, India",3,1573,10.0,12455.0,critical,#FF4B4B
8660145b7ffffff,4,12455,12.9777667,77.5805453,"Kalidasa Road, Gandhinagar, Nehru Nagar, Bengaluru Central City Corporation, Bengaluru, Bangalore North, Bengaluru Urban, Karnataka, 560009, India",4,1630,10.0,12455.0,critical,#FF4B4B
8660145b7ffffff,4,12455,12.9777667,77.5805453,"Kalidasa Road, Gandhinagar, Nehru Nagar, Bengaluru Central City Corporation, Bengaluru, Bangalore North, Bengaluru Urban, Karnataka, 560009, India",5,1633,10.0,12455.0,critical,#FF4B4B
8660145b7ffffff,4,12455,12.9777667,77.5805453,"Kalidasa Road, Gandhinagar, Nehru Nagar, Bengaluru Central City Corporation, Bengaluru, Bangalore North, Bengaluru Urban, Karnataka, 560009, India",6,2423,10.0,12455.0,critical,#FF4B4B
8660145b7ffffff,5,12189,12.9686076,77.5743864,"Ravi Thivari Road, Santhusapete, Chickpete, Bengaluru, Karnataka. Pin-560053 (India)",0,1364,10.0,12189.0,critical,#FF4B4B
8660145b7ffffff,5,12189,12.9686076,77.5743864,"Ravi Thivari Road, Santhusapete, Chickpete, Bengaluru, Karnataka. Pin-560053 (India)",1,1767,10.0,12189.0,critical,#FF4B4B
8660145b7ffffff,5,12189,12.9686076,77.5743864,"Ravi Thivari Road, Santhusapete, Chickpete, Bengaluru, Karnataka. Pin-560053 (India)",2,1602,10.0,12189.0,critical,#FF4B4B
8660145b7ffffff,5,12189,12.9686076,77.5743864,"Ravi Thivari Road, Santhusapete, Chickpete, Bengaluru, Karnataka. Pin-560053 (India)",3,1493,10.0,12189.0,critical,#FF4B4B
8660145b7ffffff,5,12189,12.9686076,77.5743864,"Ravi Thivari Road, Santhusapete, Chickpete, Bengaluru, Karnataka. Pin-560053 (India)",4,1654,10.0,12189.0,critical,#FF4B4B
8660145b7ffffff,5,12189,12.9686076,77.5743864,"Ravi Thivari Road, Santhusapete, Chickpete, Bengaluru, Karnataka. Pin-560053 (India)",5,1962,10.0,12189.0,critical,#FF4B4B
8660145b7ffffff,5,12189,12.9686076,77.5743864,"Ravi Thivari Road, Santhusapete, Chickpete, Bengaluru, Karnataka. Pin-560053 (India)",6,2347,10.0,12189.0,critical,#FF4B4B
8660145b7ffffff,6,8217,12.9977199,77.5444952,"Padmabhushan Dr MC Modi Road, Adarsha Layout, Basaveshwara Nagar, Bengaluru, Karnataka. Pin-560079 (India)",0,1272,10.0,8217.0,critical,#FF4B4B
8660145b7ffffff,6,8217,12.9977199,77.5444952,"Padmabhushan Dr MC Modi Road, Adarsha Layout, Basaveshwara Nagar, Bengaluru, Karnataka. Pin-560079 (India)",1,1148,10.0,8217.0,critical,#FF4B4B
8660145b7ffffff,6,8217,12.9977199,77.5444952,"Padmabhushan Dr MC Modi Road, Adarsha Layout, Basaveshwara Nagar, Bengaluru, Karnataka. Pin-560079 (India)",2,994,10.0,8217.0,critical,#FF4B4B
8660145b7ffffff,6,8217,12.9977199,77.5444952,"Padmabhushan Dr MC Modi Road, Adarsha Layout, Basaveshwara Nagar, Bengaluru, Karnataka. Pin-560079 (India)",3,1014,10.0,8217.0,critical,#FF4B4B
8660145b7ffffff,6,8217,12.9977199,77.5444952,"Padmabhushan Dr MC Modi Road, Adarsha Layout, Basaveshwara Nagar, Bengaluru, Karnataka. Pin-560079 (India)",4,1083,10.0,8217.0,critical,#FF4B4B
8660145b7ffffff,6,8217,12.9977199,77.5444952,"Padmabhushan Dr MC Modi Road, Adarsha Layout, Basaveshwara Nagar, Bengaluru, Karnataka. Pin-560079 (India)",5,1348,10.0,8217.0,critical,#FF4B4B
8660145b7ffffff,6,8217,12.9977199,77.5444952,"Padmabhushan Dr MC Modi Road, Adarsha Layout, Basaveshwara Nagar, Bengaluru, Karnataka. Pin-560079 (India)",6,1358,10.0,8217.0,critical,#FF4B4B
8660145b7ffffff,7,3458,13.0108454,77.5544053,"80 Feet Ring Road, Orion, Brigade Gateway, Malleshwaram West, Bengaluru, Karnataka. Pin-560055 (India)",0,502,10.0,3458.0,critical,#FF4B4B
8660145b7ffffff,7,3458,13.0108454,77.5544053,"80 Feet Ring Road, Orion, Brigade Gateway, Malleshwaram West, Bengaluru, Karnataka. Pin-560055 (India)",1,470,10.0,3458.0,critical,#FF4B4B
8660145b7ffffff,7,3458,13.0108454,77.5544053,"80 Feet Ring Road, Orion, Brigade Gateway, Malleshwaram West, Bengaluru, Karnataka. Pin-560055 (India)",2,420,10.0,3458.0,critical,#FF4B4B
8660145b7ffffff,7,3458,13.0108454,77.5544053,"80 Feet Ring Road, Orion, Brigade Gateway, Malleshwaram West, Bengaluru, Karnataka. Pin-560055 (India)",3,295,10.0,3458.0,critical,#FF4B4B
8660145b7ffffff,7,3458,13.0108454,77.5544053,"80 Feet Ring Road, Orion, Brigade Gateway, Malleshwaram West, Bengaluru, Karnataka. Pin-560055 (India)",4,528,10.0,3458.0,critical,#FF4B4B
8660145b7ffffff,7,3458,13.0108454,77.5544053,"80 Feet Ring Road, Orion, Brigade Gateway, Malleshwaram West, Bengaluru, Karnataka. Pin-560055 (India)",5,667,10.0,3458.0,critical,#FF4B4B
8660145b7ffffff,7,3458,13.0108454,77.5544053,"80 Feet Ring Road, Orion, Brigade Gateway, Malleshwaram West, Bengaluru, Karnataka. Pin-560055 (India)",6,576,10.0,3458.0,critical,#FF4B4B
8660145b7ffffff,8,1828,12.9769678,77.5778665,"Y Ramachandra Road, Sri Kanakadasa Circle, Gandhi Nagar, Bengaluru, Karnataka. Pin-560009 (India)",0,313,10.0,1828.0,critical,#FF4B4B
8660145b7ffffff,8,1828,12.9769678,77.5778665,"Y Ramachandra Road, Sri Kanakadasa Circle, Gandhi Nagar, Bengaluru, Karnataka. Pin-560009 (India)",1,225,10.0,1828.0,critical,#FF4B4B
8660145b7ffffff,8,1828,12.9769678,77.5778665,"Y Ramachandra Road, Sri Kanakadasa Circle, Gandhi Nagar, Bengaluru, Karnataka. Pin-560009 (India)",2,144,10.0,1828.0,critical,#FF4B4B
8660145b7ffffff,8,1828,12.9769678,77.5778665,"Y Ramachandra Road, Sri Kanakadasa Circle, Gandhi Nagar, Bengaluru, Karnataka. Pin-560009 (India)",3,172,10.0,1828.0,critical,#FF4B4B
8660145b7ffffff,8,1828,12.9769678,77.5778665,"Y Ramachandra Road, Sri Kanakadasa Circle, Gandhi Nagar, Bengaluru, Karnataka. Pin-560009 (India)",4,274,10.0,1828.0,critical,#FF4B4B
8660145b7ffffff,8,1828,12.9769678,77.5778665,"Y Ramachandra Road, Sri Kanakadasa Circle, Gandhi Nagar, Bengaluru, Karnataka. Pin-560009 (India)",5,305,10.0,1828.0,critical,#FF4B4B
8660145b7ffffff,8,1828,12.9769678,77.5778665,"Y Ramachandra Road, Sri Kanakadasa Circle, Gandhi Nagar, Bengaluru, Karnataka. Pin-560009 (India)",6,395,10.0,1828.0,critical,#FF4B4B
8660145b7ffffff,9,788,12.9975613,77.5497491,"Padmabhushan Dr MC Modi Road, Star Circle, Rajaji Nagar, Bengaluru, Karnataka. Pin-560010 (India)",0,135,10.0,788.0,critical,#FF4B4B
8660145b7ffffff,9,788,12.9975613,77.5497491,"Padmabhushan Dr MC Modi Road, Star Circle, Rajaji Nagar, Bengaluru, Karnataka. Pin-560010 (India)",1,106,10.0,788.0,critical,#FF4B4B
8660145b7ffffff,9,788,12.9975613,77.5497491,"Padmabhushan Dr MC Modi Road, Star Circle, Rajaji Nagar, Bengaluru, Karnataka. Pin-560010 (India)",2,72,10.0,788.0,critical,#FF4B4B
8660145b7ffffff,9,788,12.9975613,77.5497491,"Padmabhushan Dr MC Modi Road, Star Circle, Rajaji Nagar, Bengaluru, Karnataka. Pin-560010 (India)",3,73,10.0,788.0,critical,#FF4B4B
8660145b7ffffff,9,788,12.9975613,77.5497491,"Padmabhushan Dr MC Modi Road, Star Circle, Rajaji Nagar, Bengaluru, Karnataka. Pin-560010 (India)",4,120,10.0,788.0,critical,#FF4B4B
8660145b7ffffff,9,788,12.9975613,77.5497491,"Padmabhushan Dr MC Modi Road, Star Circle, Rajaji Nagar, Bengaluru, Karnataka. Pin-560010 (India)",5,110,10.0,788.0,critical,#FF4B4B
8660145b7ffffff,9,788,12.9975613,77.5497491,"Padmabhushan Dr MC Modi Road, Star Circle, Rajaji Nagar, Bengaluru, Karnataka. Pin-560010 (India)",6,172,10.0,788.0,critical,#FF4B4B
8660145b7ffffff,10,88,12.9839811,77.5777214,"Race Course Cross Road, C Ranga Swamy Circle, Gandhi Nagar, Bengaluru, Karnataka. Pin-560001 (India)",0,12,10.0,88.0,critical,#FF4B4B
8660145b7ffffff,10,88,12.9839811,77.5777214,"Race Course Cross Road, C Ranga Swamy Circle, Gandhi Nagar, Bengaluru, Karnataka. Pin-560001 (India)",1,2,10.0,88.0,critical,#FF4B4B
8660145b7ffffff,10,88,12.9839811,77.5777214,"Race Course Cross Road, C Ranga Swamy Circle, Gandhi Nagar, Bengaluru, Karnataka. Pin-560001 (India)",3,9,10.0,88.0,critical,#FF4B4B
8660145b7ffffff,10,88,12.9839811,77.5777214,"Race Course Cross Road, C Ranga Swamy Circle, Gandhi Nagar, Bengaluru, Karnataka. Pin-560001 (India)",4,5,10.0,88.0,critical,#FF4B4B
8660145b7ffffff,10,88,12.9839811,77.5777214,"Race Course Cross Road, C Ranga Swamy Circle, Gandhi Nagar, Bengaluru, Karnataka. Pin-560001 (India)",5,36,10.0,88.0,critical,#FF4B4B
8660145b7ffffff,10,88,12.9839811,77.5777214,"Race Course Cross Road, C Ranga Swamy Circle, Gandhi Nagar, Bengaluru, Karnataka. Pin-560001 (India)",6,24,10.0,88.0,critical,#FF4B4B
8660145b7ffffff,11,84,12.9778217,77.5740774,"Cubbon Road, Shivaji Nagar Intersection Junction, Shivaji Nagar, Bengaluru, Karnataka. Pin-560001 (India)",0,10,10.0,84.0,critical,#FF4B4B
8660145b7ffffff,11,84,12.9778217,77.5740774,"Cubbon Road, Shivaji Nagar Intersection Junction, Shivaji Nagar, Bengaluru, Karnataka. Pin-560001 (India)",2,1,10.0,84.0,critical,#FF4B4B
8660145b7ffffff,11,84,12.9778217,77.5740774,"Cubbon Road, Shivaji Nagar Intersection Junction, Shivaji Nagar, Bengaluru, Karnataka. Pin-560001 (India)",3,20,10.0,84.0,critical,#FF4B4B
8660145b7ffffff,11,84,12.9778217,77.5740774,"Cubbon Road, Shivaji Nagar Intersection Junction, Shivaji Nagar, Bengaluru, Karnataka. Pin-560001 (India)",4,12,10.0,84.0,critical,#FF4B4B
8660145b7ffffff,11,84,12.9778217,77.5740774,"Cubbon Road, Shivaji Nagar Intersection Junction, Shivaji Nagar, Bengaluru, Karnataka. Pin-560001 (India)",5,24,10.0,84.0,critical,#FF4B4B
8660145b7ffffff,11,84,12.9778217,77.5740774,"Cubbon Road, Shivaji Nagar Intersection Junction, Shivaji Nagar, Bengaluru, Karnataka. Pin-560001 (India)",6,17,10.0,84.0,critical,#FF4B4B
8660145b7ffffff,12,64,12.976887,77.574481,"Major T Ramachandrappa Road, RK Puram, Gandhi Nagar, Bengaluru, Karnataka. Pin-560009 (India)",0,38,6.84,43.78,critical,#FF4B4B
8660145b7ffffff,12,64,12.976887,77.574481,"Major T Ramachandrappa Road, RK Puram, Gandhi Nagar, Bengaluru, Karnataka. Pin-560009 (India)",1,1,10.0,64.0,critical,#FF4B4B
8660145b7ffffff,12,64,12.976887,77.574481,"Major T Ramachandrappa Road, RK Puram, Gandhi Nagar, Bengaluru, Karnataka. Pin-560009 (India)",3,10,10.0,64.0,critical,#FF4B4B
8660145b7ffffff,12,64,12.976887,77.574481,"Major T Ramachandrappa Road, RK Puram, Gandhi Nagar, Bengaluru, Karnataka. Pin-560009 (India)",5,6,10.0,64.0,critical,#FF4B4B
8660145b7ffffff,12,64,12.976887,77.574481,"Major T Ramachandrappa Road, RK Puram, Gandhi Nagar, Bengaluru, Karnataka. Pin-560009 (India)",6,9,10.0,64.0,critical,#FF4B4B
8660145b7ffffff,13,7,12.9639918,77.5771789,"Narasimha Raj Wadiyar Road, City Market Circle, Bengaluru, Karnataka. Pin-560002 (India)",1,4,7.5,5.25,monitor,#FFA500
8660145b7ffffff,13,7,12.9639918,77.5771789,"Narasimha Raj Wadiyar Road, City Market Circle, Bengaluru, Karnataka. Pin-560002 (India)",3,3,10.0,7.0,critical,#FF4B4B
8660145b7ffffff,14,4,12.9623309,77.5758646,"KR Main Road, City Market Circle, Bengaluru, Karnataka. Pin-560002 (India)",3,4,0.0,0.0,green,#00CC66
8660145b7ffffff,15,50,12.9636969,77.5773575,"Kalasipalyam Main Road, City Market Circle, Bengaluru, Karnataka. Pin-560002 (India)",1,11,10.0,50.0,critical,#FF4B4B
8660145b7ffffff,15,50,12.9636969,77.5773575,"Kalasipalyam Main Road, City Market Circle, Bengaluru, Karnataka. Pin-560002 (India)",2,22,10.0,50.0,critical,#FF4B4B
8660145b7ffffff,15,50,12.9636969,77.5773575,"Kalasipalyam Main Road, City Market Circle, Bengaluru, Karnataka. Pin-560002 (India)",3,12,10.0,50.0,critical,#FF4B4B
8660145b7ffffff,15,50,12.9636969,77.5773575,"Kalasipalyam Main Road, City Market Circle, Bengaluru, Karnataka. Pin-560002 (India)",4,2,10.0,50.0,critical,#FF4B4B
8660145b7ffffff,15,50,12.9636969,77.5773575,"Kalasipalyam Main Road, City Market Circle, Bengaluru, Karnataka. Pin-560002 (India)",5,1,10.0,50.0,critical,#FF4B4B
8660145b7ffffff,15,50,12.9636969,77.5773575,"Kalasipalyam Main Road, City Market Circle, Bengaluru, Karnataka. Pin-560002 (India)",6,2,10.0,50.0,critical,#FF4B4B
8660145b7ffffff,16,321,12.9635903,77.5766596,"KR Main Road, City Market Circle, Bengaluru, Karnataka. Pin-560002 (India)",0,31,10.0,321.0,critical,#FF4B4B
8660145b7ffffff,16,321,12.9635903,77.5766596,"KR Main Road, City Market Circle, Bengaluru, Karnataka. Pin-560002 (India)",1,56,10.0,321.0,critical,#FF4B4B
8660145b7ffffff,16,321,12.9635903,77.5766596,"KR Main Road, City Market Circle, Bengaluru, Karnataka. Pin-560002 (India)",2,76,10.0,321.0,critical,#FF4B4B
8660145b7ffffff,16,321,12.9635903,77.5766596,"KR Main Road, City Market Circle, Bengaluru, Karnataka. Pin-560002 (India)",3,39,10.0,321.0,critical,#FF4B4B
8660145b7ffffff,16,321,12.9635903,77.5766596,"KR Main Road, City Market Circle, Bengaluru, Karnataka. Pin-560002 (India)",4,50,10.0,321.0,critical,#FF4B4B
8660145b7ffffff,16,321,12.9635903,77.5766596,"KR Main Road, City Market Circle, Bengaluru, Karnataka. Pin-560002 (India)",5,42,10.0,321.0,critical,#FF4B4B
8660145b7ffffff,16,321,12.9635903,77.5766596,"KR Main Road, City Market Circle, Bengaluru, Karnataka. Pin-560002 (India)",6,27,10.0,321.0,critical,#FF4B4B
8660145b7ffffff,17,567,12.9636429,77.5766205,"KR Main Road, City Market Circle, Bengaluru, Karnataka. Pin-560002 (India)",0,80,10.0,567.0,critical,#FF4B4B
8660145b7ffffff,17,567,12.9636429,77.5766205,"KR Main Road, City Market Circle, Bengaluru, Karnataka. Pin-560002 (India)",1,124,10.0,567.0,critical,#FF4B4B
8660145b7ffffff,17,567,12.9636429,77.5766205,"KR Main Road, City Market Circle, Bengaluru, Karnataka. Pin-560002 (India)",2,81,10.0,567.0,critical,#FF4B4B
8660145b7ffffff,17,567,12.9636429,77.5766205,"KR Main Road, City Market Circle, Bengaluru, Karnataka. Pin-560002 (India)",3,44,10.0,567.0,critical,#FF4B4B
8660145b7ffffff,17,567,12.9636429,77.5766205,"KR Main Road, City Market Circle, Bengaluru, Karnataka. Pin-560002 (India)",4,82,10.0,567.0,critical,#FF4B4B
8660145b7ffffff,17,567,12.9636429,77.5766205,"KR Main Road, City Market Circle, Bengaluru, Karnataka. Pin-560002 (India)",5,96,10.0,567.0,critical,#FF4B4B
8660145b7ffffff,17,567,12.9636429,77.5766205,"KR Main Road, City Market Circle, Bengaluru, Karnataka. Pin-560002 (India)",6,60,10.0,567.0,critical,#FF4B4B
8660145b7ffffff,18,902,12.9641329,77.5767094,"Mysore Road, City Market Circle, Bengaluru, Karnataka. Pin-560002 (India)",0,70,10.0,902.0,critical,#FF4B4B
8660145b7ffffff,18,902,12.9641329,77.5767094,"Mysore Road, City Market Circle, Bengaluru, Karnataka. Pin-560002 (India)",1,195,10.0,902.0,critical,#FF4B4B
8660145b7ffffff,18,902,12.9641329,77.5767094,"Mysore Road, City Market Circle, Bengaluru, Karnataka. Pin-560002 (India)",2,183,10.0,902.0,critical,#FF4B4B
8660145b7ffffff,18,902,12.9641329,77.5767094,"Mysore Road, City Market Circle, Bengaluru, Karnataka. Pin-560002 (India)",3,70,10.0,902.0,critical,#FF4B4B
8660145b7ffffff,18,902,12.9641329,77.5767094,"Mysore Road, City Market Circle, Bengaluru, Karnataka. Pin-560002 (India)",4,37,10.0,902.0,critical,#FF4B4B
8660145b7ffffff,18,902,12.9641329,77.5767094,"Mysore Road, City Market Circle, Bengaluru, Karnataka. Pin-560002 (India)",5,136,10.0,902.0,critical,#FF4B4B
8660145b7ffffff,18,902,12.9641329,77.5767094,"Mysore Road, City Market Circle, Bengaluru, Karnataka. Pin-560002 (India)",6,211,10.0,902.0,critical,#FF4B4B
8660145b7ffffff,19,5874,12.9762399,77.5747242,"Major T Ramachandrappa Road, Elite Junction, Gandhi Nagar, Bengaluru, Karnataka. Pin-560009 (India)",0,884,10.0,5874.0,critical,#FF4B4B
8660145b7ffffff,19,5874,12.9762399,77.5747242,"Major T Ramachandrappa Road, Elite Junction, Gandhi Nagar, Bengaluru, Karnataka. Pin-560009 (India)",1,726,10.0,5874.0,critical,#FF4B4B
8660145b7ffffff,19,5874,12.9762399,77.5747242,"Major T Ramachandrappa Road, Elite Junction, Gandhi Nagar, Bengaluru, Karnataka. Pin-560009 (India)",2,998,10.0,5874.0,critical,#FF4B4B
8660145b7ffffff,19,5874,12.9762399,77.5747242,"Major T Ramachandrappa Road, Elite Junction, Gandhi Nagar, Bengaluru, Karnataka. Pin-560009 (India)",3,799,10.0,5874.0,critical,#FF4B4B
8660145b7ffffff,19,5874,12.9762399,77.5747242,"Major T Ramachandrappa Road, Elite Junction, Gandhi Nagar, Bengaluru, Karnataka. Pin-560009 (India)",4,698,10.0,5874.0,critical,#FF4B4B
8660145b7ffffff,19,5874,12.9762399,77.5747242,"Major T Ramachandrappa Road, Elite Junction, Gandhi Nagar, Bengaluru, Karnataka. Pin-560009 (India)",5,997,10.0,5874.0,critical,#FF4B4B
8660145b7ffffff,19,5874,12.9762399,77.5747242,"Major T Ramachandrappa Road, Elite Junction, Gandhi Nagar, Bengaluru, Karnataka. Pin-560009 (India)",6,772,10.0,5874.0,critical,#FF4B4B
8660145b7ffffff,20,4814,12.9646371,77.5748174,"BGS Flyover, Kalasipalyam, K.R Market, Bengaluru Central City Corporation, Bengaluru, Bangalore North, Bengaluru Urban, Karnataka, 560002, India",0,598,10.0,4814.0,critical,#FF4B4B
8660145b7ffffff,20,4814,12.9646371,77.5748174,"BGS Flyover, Kalasipalyam, K.R Market, Bengaluru Central City Corporation, Bengaluru, Bangalore North, Bengaluru Urban, Karnataka, 560002, India",1,784,10.0,4814.0,critical,#FF4B4B
8660145b7ffffff,20,4814,12.9646371,77.5748174,"BGS Flyover, Kalasipalyam, K.R Market, Bengaluru Central City Corporation, Bengaluru, Bangalore North, Bengaluru Urban, Karnataka, 560002, India",2,678,10.0,4814.0,critical,#FF4B4B
8660145b7ffffff,20,4814,12.9646371,77.5748174,"BGS Flyover, Kalasipalyam, K.R Market, Bengaluru Central City Corporation, Bengaluru, Bangalore North, Bengaluru Urban, Karnataka, 560002, India",3,666,10.0,4814.0,critical,#FF4B4B
8660145b7ffffff,20,4814,12.9646371,77.5748174,"BGS Flyover, Kalasipalyam, K.R Market, Bengaluru Central City Corporation, Bengaluru, Bangalore North, Bengaluru Urban, Karnataka, 560002, India",4,669,10.0,4814.0,critical,#FF4B4B
8660145b7ffffff,20,4814,12.9646371,77.5748174,"BGS Flyover, Kalasipalyam, K.R Market, Bengaluru Central City Corporation, Bengaluru, Bangalore North, Bengaluru Urban, Karnataka, 560002, India",5,758,10.0,4814.0,critical,#FF4B4B
8660145b7ffffff,20,4814,12.9646371,77.5748174,"BGS Flyover, Kalasipalyam, K.R Market, Bengaluru Central City Corporation, Bengaluru, Bangalore North, Bengaluru Urban, Karnataka, 560002, India",6,661,10.0,4814.0,critical,#FF4B4B
8660145b7ffffff,21,6604,12.9940425,77.5891127,"Palace Road, Kumar Park, Vasant Nagar, Bengaluru, Karnataka. Pin-560001 (India)",0,788,10.0,6604.0,critical,#FF4B4B
8660145b7ffffff,21,6604,12.9940425,77.5891127,"Palace Road, Kumar Park, Vasant Nagar, Bengaluru, Karnataka. Pin-560001 (India)",1,1081,10.0,6604.0,critical,#FF4B4B
8660145b7ffffff,21,6604,12.9940425,77.5891127,"Palace Road, Kumar Park, Vasant Nagar, Bengaluru, Karnataka. Pin-560001 (India)",2,1077,10.0,6604.0,critical,#FF4B4B
8660145b7ffffff,21,6604,12.9940425,77.5891127,"Palace Road, Kumar Park, Vasant Nagar, Bengaluru, Karnataka. Pin-560001 (India)",3,866,10.0,6604.0,critical,#FF4B4B
8660145b7ffffff,21,6604,12.9940425,77.5891127,"Palace Road, Kumar Park, Vasant Nagar, Bengaluru, Karnataka. Pin-560001 (India)",4,1032,10.0,6604.0,critical,#FF4B4B
8660145b7ffffff,21,6604,12.9940425,77.5891127,"Palace Road, Kumar Park, Vasant Nagar, Bengaluru, Karnataka. Pin-560001 (India)",5,955,10.0,6604.0,critical,#FF4B4B
8660145b7ffffff,21,6604,12.9940425,77.5891127,"Palace Road, Kumar Park, Vasant Nagar, Bengaluru, Karnataka. Pin-560001 (India)",6,805,10.0,6604.0,critical,#FF4B4B
8660145b7ffffff,22,7380,12.989134,77.5925278,"Millers Road, BKM Gowda Circle, Vasant Nagar, Bengaluru, Karnataka. Pin-560001 (India)",0,912,10.0,7380.0,critical,#FF4B4B
8660145b7ffffff,22,7380,12.989134,77.5925278,"Millers Road, BKM Gowda Circle, Vasant Nagar, Bengaluru, Karnataka. Pin-560001 (India)",1,1142,10.0,7380.0,critical,#FF4B4B
8660145b7ffffff,22,7380,12.989134,77.5925278,"Millers Road, BKM Gowda Circle, Vasant Nagar, Bengaluru, Karnataka. Pin-560001 (India)",2,1155,10.0,7380.0,critical,#FF4B4B
8660145b7ffffff,22,7380,12.989134,77.5925278,"Millers Road, BKM Gowda Circle, Vasant Nagar, Bengaluru, Karnataka. Pin-560001 (India)",3,1015,10.0,7380.0,critical,#FF4B4B
8660145b7ffffff,22,7380,12.989134,77.5925278,"Millers Road, BKM Gowda Circle, Vasant Nagar, Bengaluru, Karnataka. Pin-560001 (India)",4,1209,10.0,7380.0,critical,#FF4B4B
8660145b7ffffff,22,7380,12.989134,77.5925278,"Millers Road, BKM Gowda Circle, Vasant Nagar, Bengaluru, Karnataka. Pin-560001 (India)",5,1052,10.0,7380.0,critical,#FF4B4B
8660145b7ffffff,22,7380,12.989134,77.5925278,"Millers Road, BKM Gowda Circle, Vasant Nagar, Bengaluru, Karnataka. Pin-560001 (India)",6,895,10.0,7380.0,critical,#FF4B4B
8660145b7ffffff,23,8217,12.9994274,77.5496108,"10th Cross Road, Block 1, Rajaji Nagar, Bengaluru, Karnataka. Pin-560010 (India)",0,1192,10.0,8217.0,critical,#FF4B4B
8660145b7ffffff,23,8217,12.9994274,77.5496108,"10th Cross Road, Block 1, Rajaji Nagar, Bengaluru, Karnataka. Pin-560010 (India)",1,1226,10.0,8217.0,critical,#FF4B4B
8660145b7ffffff,23,8217,12.9994274,77.5496108,"10th Cross Road, Block 1, Rajaji Nagar, Bengaluru, Karnataka. Pin-560010 (India)",2,1240,10.0,8217.0,critical,#FF4B4B
8660145b7ffffff,23,8217,12.9994274,77.5496108,"10th Cross Road, Block 1, Rajaji Nagar, Bengaluru, Karnataka. Pin-560010 (India)",3,1182,10.0,8217.0,critical,#FF4B4B
8660145b7ffffff,23,8217,12.9994274,77.5496108,"10th Cross Road, Block 1, Rajaji Nagar, Bengaluru, Karnataka. Pin-560010 (India)",4,1356,10.0,8217.0,critical,#FF4B4B
8660145b7ffffff,23,8217,12.9994274,77.5496108,"10th Cross Road, Block 1, Rajaji Nagar, Bengaluru, Karnataka. Pin-560010 (India)",5,1080,10.0,8217.0,critical,#FF4B4B
8660145b7ffffff,23,8217,12.9994274,77.5496108,"10th Cross Road, Block 1, Rajaji Nagar, Bengaluru, Karnataka. Pin-560010 (India)",6,941,10.0,8217.0,critical,#FF4B4B
86601680fffffff,6,1,13.293684372967755,77.53250753446538,"Unnamed Road, Darga Joghally, Dodballapur, Karnataka. Pin-561203 (India)",3,1,0.0,0.0,green,#00CC66
866016907ffffff,0,351,13.1832334,77.6837192,"Unnamed Road, Chikkanahalli North Taluka, Bengaluru, Karnataka. Pin-562149 (India)",0,14,10.0,351.0,critical,#FF4B4B
866016907ffffff,0,351,13.1832334,77.6837192,"Unnamed Road, Chikkanahalli North Taluka, Bengaluru, Karnataka. Pin-562149 (India)",1,43,10.0,351.0,critical,#FF4B4B
866016907ffffff,0,351,13.1832334,77.6837192,"Unnamed Road, Chikkanahalli North Taluka, Bengaluru, Karnataka. Pin-562149 (India)",2,33,10.0,351.0,critical,#FF4B4B
866016907ffffff,0,351,13.1832334,77.6837192,"Unnamed Road, Chikkanahalli North Taluka, Bengaluru, Karnataka. Pin-562149 (India)",3,64,10.0,351.0,critical,#FF4B4B
866016907ffffff,0,351,13.1832334,77.6837192,"Unnamed Road, Chikkanahalli North Taluka, Bengaluru, Karnataka. Pin-562149 (India)",4,76,10.0,351.0,critical,#FF4B4B
866016907ffffff,0,351,13.1832334,77.6837192,"Unnamed Road, Chikkanahalli North Taluka, Bengaluru, Karnataka. Pin-562149 (India)",5,55,10.0,351.0,critical,#FF4B4B
866016907ffffff,0,351,13.1832334,77.6837192,"Unnamed Road, Chikkanahalli North Taluka, Bengaluru, Karnataka. Pin-562149 (India)",6,66,10.0,351.0,critical,#FF4B4B
866016907ffffff,1,99,13.1837817,77.67956,"Unnamed Road, Begur Chikkanahalli, Bengaluru, Karnataka. Pin-562149 (India)",0,4,10.0,99.0,critical,#FF4B4B
866016907ffffff,1,99,13.1837817,77.67956,"Unnamed Road, Begur Chikkanahalli, Bengaluru, Karnataka. Pin-562149 (India)",1,35,10.0,99.0,critical,#FF4B4B
866016907ffffff,1,99,13.1837817,77.67956,"Unnamed Road, Begur Chikkanahalli, Bengaluru, Karnataka. Pin-562149 (India)",2,19,10.0,99.0,critical,#FF4B4B
866016907ffffff,1,99,13.1837817,77.67956,"Unnamed Road, Begur Chikkanahalli, Bengaluru, Karnataka. Pin-562149 (India)",3,3,10.0,99.0,critical,#FF4B4B
866016907ffffff,1,99,13.1837817,77.67956,"Unnamed Road, Begur Chikkanahalli, Bengaluru, Karnataka. Pin-562149 (India)",4,16,10.0,99.0,critical,#FF4B4B
866016907ffffff,1,99,13.1837817,77.67956,"Unnamed Road, Begur Chikkanahalli, Bengaluru, Karnataka. Pin-562149 (India)",5,15,10.0,99.0,critical,#FF4B4B
866016907ffffff,1,99,13.1837817,77.67956,"Unnamed Road, Begur Chikkanahalli, Bengaluru, Karnataka. Pin-562149 (India)",6,7,10.0,99.0,critical,#FF4B4B
866016907ffffff,2,251,13.1840875,77.6797636,"Unnamed Road, Begur Chikkanahalli, Bengaluru, Karnataka. Pin-562149 (India)",0,49,10.0,251.0,critical,#FF4B4B
866016907ffffff,2,251,13.1840875,77.6797636,"Unnamed Road, Begur Chikkanahalli, Bengaluru, Karnataka. Pin-562149 (India)",1,3,10.0,251.0,critical,#FF4B4B
866016907ffffff,2,251,13.1840875,77.6797636,"Unnamed Road, Begur Chikkanahalli, Bengaluru, Karnataka. Pin-562149 (India)",2,10,10.0,251.0,critical,#FF4B4B
866016907ffffff,2,251,13.1840875,77.6797636,"Unnamed Road, Begur Chikkanahalli, Bengaluru, Karnataka. Pin-562149 (India)",3,59,10.0,251.0,critical,#FF4B4B
866016907ffffff,2,251,13.1840875,77.6797636,"Unnamed Road, Begur Chikkanahalli, Bengaluru, Karnataka. Pin-562149 (India)",4,70,10.0,251.0,critical,#FF4B4B
866016907ffffff,2,251,13.1840875,77.6797636,"Unnamed Road, Begur Chikkanahalli, Bengaluru, Karnataka. Pin-562149 (India)",5,39,10.0,251.0,critical,#FF4B4B
866016907ffffff,2,251,13.1840875,77.6797636,"Unnamed Road, Begur Chikkanahalli, Bengaluru, Karnataka. Pin-562149 (India)",6,21,10.0,251.0,critical,#FF4B4B
866016907ffffff,3,234,13.1846454,77.6797763,"Unnamed Road, Begur Chikkanahalli, Bengaluru, Karnataka. Pin-562149 (India)",0,18,10.0,234.0,critical,#FF4B4B
866016907ffffff,3,234,13.1846454,77.6797763,"Unnamed Road, Begur Chikkanahalli, Bengaluru, Karnataka. Pin-562149 (India)",1,23,10.0,234.0,critical,#FF4B4B
866016907ffffff,3,234,13.1846454,77.6797763,"Unnamed Road, Begur Chikkanahalli, Bengaluru, Karnataka. Pin-562149 (India)",2,23,10.0,234.0,critical,#FF4B4B
866016907ffffff,3,234,13.1846454,77.6797763,"Unnamed Road, Begur Chikkanahalli, Bengaluru, Karnataka. Pin-562149 (India)",3,13,10.0,234.0,critical,#FF4B4B
866016907ffffff,3,234,13.1846454,77.6797763,"Unnamed Road, Begur Chikkanahalli, Bengaluru, Karnataka. Pin-562149 (India)",4,78,10.0,234.0,critical,#FF4B4B
866016907ffffff,3,234,13.1846454,77.6797763,"Unnamed Road, Begur Chikkanahalli, Bengaluru, Karnataka. Pin-562149 (India)",5,33,10.0,234.0,critical,#FF4B4B
866016907ffffff,3,234,13.1846454,77.6797763,"Unnamed Road, Begur Chikkanahalli, Bengaluru, Karnataka. Pin-562149 (India)",6,46,10.0,234.0,critical,#FF4B4B
866016907ffffff,4,159,13.1873941,77.6802735,"Unnamed Road, Begur Chikkanahalli, Bengaluru, Karnataka. Pin-562149 (India)",0,12,10.0,159.0,critical,#FF4B4B
866016907ffffff,4,159,13.1873941,77.6802735,"Unnamed Road, Begur Chikkanahalli, Bengaluru, Karnataka. Pin-562149 (India)",1,30,10.0,159.0,critical,#FF4B4B
866016907ffffff,4,159,13.1873941,77.6802735,"Unnamed Road, Begur Chikkanahalli, Bengaluru, Karnataka. Pin-562149 (India)",2,20,10.0,159.0,critical,#FF4B4B
866016907ffffff,4,159,13.1873941,77.6802735,"Unnamed Road, Begur Chikkanahalli, Bengaluru, Karnataka. Pin-562149 (India)",3,16,10.0,159.0,critical,#FF4B4B
866016907ffffff,4,159,13.1873941,77.6802735,"Unnamed Road, Begur Chikkanahalli, Bengaluru, Karnataka. Pin-562149 (India)",4,11,10.0,159.0,critical,#FF4B4B
866016907ffffff,4,159,13.1873941,77.6802735,"Unnamed Road, Begur Chikkanahalli, Bengaluru, Karnataka. Pin-562149 (India)",5,25,10.0,159.0,critical,#FF4B4B
866016907ffffff,4,159,13.1873941,77.6802735,"Unnamed Road, Begur Chikkanahalli, Bengaluru, Karnataka. Pin-562149 (India)",6,45,10.0,159.0,critical,#FF4B4B
866016907ffffff,5,367,13.1843383,77.6797917,"Unnamed Road, Begur Chikkanahalli, Bengaluru, Karnataka. Pin-562149 (India)",0,71,10.0,367.0,critical,#FF4B4B
866016907ffffff,5,367,13.1843383,77.6797917,"Unnamed Road, Begur Chikkanahalli, Bengaluru, Karnataka. Pin-562149 (India)",1,36,10.0,367.0,critical,#FF4B4B
866016907ffffff,5,367,13.1843383,77.6797917,"Unnamed Road, Begur Chikkanahalli, Bengaluru, Karnataka. Pin-562149 (India)",2,84,10.0,367.0,critical,#FF4B4B
866016907ffffff,5,367,13.1843383,77.6797917,"Unnamed Road, Begur Chikkanahalli, Bengaluru, Karnataka. Pin-562149 (India)",3,23,10.0,367.0,critical,#FF4B4B
866016907ffffff,5,367,13.1843383,77.6797917,"Unnamed Road, Begur Chikkanahalli, Bengaluru, Karnataka. Pin-562149 (India)",4,37,10.0,367.0,critical,#FF4B4B
866016907ffffff,5,367,13.1843383,77.6797917,"Unnamed Road, Begur Chikkanahalli, Bengaluru, Karnataka. Pin-562149 (India)",5,64,10.0,367.0,critical,#FF4B4B
866016907ffffff,5,367,13.1843383,77.6797917,"Unnamed Road, Begur Chikkanahalli, Bengaluru, Karnataka. Pin-562149 (India)",6,52,10.0,367.0,critical,#FF4B4B
866016907ffffff,6,425,13.1838749,77.6795049,"Unnamed Road, Begur Chikkanahalli, Bengaluru, Karnataka. Pin-562149 (India)",0,36,10.0,425.0,critical,#FF4B4B
866016907ffffff,6,425,13.1838749,77.6795049,"Unnamed Road, Begur Chikkanahalli, Bengaluru, Karnataka. Pin-562149 (India)",1,50,10.0,425.0,critical,#FF4B4B
866016907ffffff,6,425,13.1838749,77.6795049,"Unnamed Road, Begur Chikkanahalli, Bengaluru, Karnataka. Pin-562149 (India)",2,35,10.0,425.0,critical,#FF4B4B
866016907ffffff,6,425,13.1838749,77.6795049,"Unnamed Road, Begur Chikkanahalli, Bengaluru, Karnataka. Pin-562149 (India)",3,80,10.0,425.0,critical,#FF4B4B
866016907ffffff,6,425,13.1838749,77.6795049,"Unnamed Road, Begur Chikkanahalli, Bengaluru, Karnataka. Pin-562149 (India)",4,70,10.0,425.0,critical,#FF4B4B
866016907ffffff,6,425,13.1838749,77.6795049,"Unnamed Road, Begur Chikkanahalli, Bengaluru, Karnataka. Pin-562149 (India)",5,80,10.0,425.0,critical,#FF4B4B
866016907ffffff,6,425,13.1838749,77.6795049,"Unnamed Road, Begur Chikkanahalli, Bengaluru, Karnataka. Pin-562149 (India)",6,74,10.0,425.0,critical,#FF4B4B
866016907ffffff,7,400,13.1835289,77.6796526,"Unnamed Road, Jagajothi Nagar, Muthugada Halli, Bengaluru, Karnataka. Pin-562157 (India)",0,64,10.0,400.0,critical,#FF4B4B
866016907ffffff,7,400,13.1835289,77.6796526,"Unnamed Road, Jagajothi Nagar, Muthugada Halli, Bengaluru, Karnataka. Pin-562157 (India)",1,61,10.0,400.0,critical,#FF4B4B
866016907ffffff,7,400,13.1835289,77.6796526,"Unnamed Road, Jagajothi Nagar, Muthugada Halli, Bengaluru, Karnataka. Pin-562157 (India)",2,66,10.0,400.0,critical,#FF4B4B
866016907ffffff,7,400,13.1835289,77.6796526,"Unnamed Road, Jagajothi Nagar, Muthugada Halli, Bengaluru, Karnataka. Pin-562157 (India)",3,53,10.0,400.0,critical,#FF4B4B
866016907ffffff,7,400,13.1835289,77.6796526,"Unnamed Road, Jagajothi Nagar, Muthugada Halli, Bengaluru, Karnataka. Pin-562157 (India)",4,43,10.0,400.0,critical,#FF4B4B
866016907ffffff,7,400,13.1835289,77.6796526,"Unnamed Road, Jagajothi Nagar, Muthugada Halli, Bengaluru, Karnataka. Pin-562157 (India)",5,44,10.0,400.0,critical,#FF4B4B
866016907ffffff,7,400,13.1835289,77.6796526,"Unnamed Road, Jagajothi Nagar, Muthugada Halli, Bengaluru, Karnataka. Pin-562157 (India)",6,69,10.0,400.0,critical,#FF4B4B
866016907ffffff,8,270,13.1874013,77.6802276,"Unnamed Road, Begur Chikkanahalli, Bengaluru, Karnataka. Pin-562149 (India)",0,38,10.0,270.0,critical,#FF4B4B
866016907ffffff,8,270,13.1874013,77.6802276,"Unnamed Road, Begur Chikkanahalli, Bengaluru, Karnataka. Pin-562149 (India)",1,38,10.0,270.0,critical,#FF4B4B
866016907ffffff,8,270,13.1874013,77.6802276,"Unnamed Road, Begur Chikkanahalli, Bengaluru, Karnataka. Pin-562149 (India)",2,33,10.0,270.0,critical,#FF4B4B
866016907ffffff,8,270,13.1874013,77.6802276,"Unnamed Road, Begur Chikkanahalli, Bengaluru, Karnataka. Pin-562149 (India)",3,27,10.0,270.0,critical,#FF4B4B
866016907ffffff,8,270,13.1874013,77.6802276,"Unnamed Road, Begur Chikkanahalli, Bengaluru, Karnataka. Pin-562149 (India)",4,54,10.0,270.0,critical,#FF4B4B
866016907ffffff,8,270,13.1874013,77.6802276,"Unnamed Road, Begur Chikkanahalli, Bengaluru, Karnataka. Pin-562149 (India)",5,23,10.0,270.0,critical,#FF4B4B
866016907ffffff,8,270,13.1874013,77.6802276,"Unnamed Road, Begur Chikkanahalli, Bengaluru, Karnataka. Pin-562149 (India)",6,57,10.0,270.0,critical,#FF4B4B
866016907ffffff,9,139,13.1855911,77.679813,"Unnamed Road, Begur Chikkanahalli, Bengaluru, Karnataka. Pin-562149 (India)",0,17,10.0,139.0,critical,#FF4B4B
866016907ffffff,9,139,13.1855911,77.679813,"Unnamed Road, Begur Chikkanahalli, Bengaluru, Karnataka. Pin-562149 (India)",1,8,10.0,139.0,critical,#FF4B4B
866016907ffffff,9,139,13.1855911,77.679813,"Unnamed Road, Begur Chikkanahalli, Bengaluru, Karnataka. Pin-562149 (India)",2,42,10.0,139.0,critical,#FF4B4B
866016907ffffff,9,139,13.1855911,77.679813,"Unnamed Road, Begur Chikkanahalli, Bengaluru, Karnataka. Pin-562149 (India)",3,14,10.0,139.0,critical,#FF4B4B
866016907ffffff,9,139,13.1855911,77.679813,"Unnamed Road, Begur Chikkanahalli, Bengaluru, Karnataka. Pin-562149 (India)",4,34,10.0,139.0,critical,#FF4B4B
866016907ffffff,9,139,13.1855911,77.679813,"Unnamed Road, Begur Chikkanahalli, Bengaluru, Karnataka. Pin-562149 (India)",5,8,10.0,139.0,critical,#FF4B4B
866016907ffffff,9,139,13.1855911,77.679813,"Unnamed Road, Begur Chikkanahalli, Bengaluru, Karnataka. Pin-562149 (India)",6,16,10.0,139.0,critical,#FF4B4B
866016907ffffff,10,28,13.1877329,77.6804418,"Unnamed Road, Begur Chikkanahalli, Bengaluru, Karnataka. Pin-562149 (India)",0,3,10.0,28.0,critical,#FF4B4B
866016907ffffff,10,28,13.1877329,77.6804418,"Unnamed Road, Begur Chikkanahalli, Bengaluru, Karnataka. Pin-562149 (India)",1,1,10.0,28.0,critical,#FF4B4B
866016907ffffff,10,28,13.1877329,77.6804418,"Unnamed Road, Begur Chikkanahalli, Bengaluru, Karnataka. Pin-562149 (India)",2,5,10.0,28.0,critical,#FF4B4B
866016907ffffff,10,28,13.1877329,77.6804418,"Unnamed Road, Begur Chikkanahalli, Bengaluru, Karnataka. Pin-562149 (India)",4,3,10.0,28.0,critical,#FF4B4B
866016907ffffff,10,28,13.1877329,77.6804418,"Unnamed Road, Begur Chikkanahalli, Bengaluru, Karnataka. Pin-562149 (India)",5,16,7.5,21.0,critical,#FF4B4B
866016907ffffff,11,23,13.1839179,77.6794876,"Unnamed Road, Begur Chikkanahalli, Bengaluru, Karnataka. Pin-562149 (India)",1,2,10.0,23.0,critical,#FF4B4B
866016907ffffff,11,23,13.1839179,77.6794876,"Unnamed Road, Begur Chikkanahalli, Bengaluru, Karnataka. Pin-562149 (India)",2,2,10.0,23.0,critical,#FF4B4B
866016907ffffff,11,23,13.1839179,77.6794876,"Unnamed Road, Begur Chikkanahalli, Bengaluru, Karnataka. Pin-562149 (India)",3,3,10.0,23.0,critical,#FF4B4B
866016907ffffff,11,23,13.1839179,77.6794876,"Unnamed Road, Begur Chikkanahalli, Bengaluru, Karnataka. Pin-562149 (India)",4,7,10.0,23.0,critical,#FF4B4B
866016907ffffff,11,23,13.1839179,77.6794876,"Unnamed Road, Begur Chikkanahalli, Bengaluru, Karnataka. Pin-562149 (India)",5,4,10.0,23.0,critical,#FF4B4B
866016907ffffff,11,23,13.1839179,77.6794876,"Unnamed Road, Begur Chikkanahalli, Bengaluru, Karnataka. Pin-562149 (India)",6,5,10.0,23.0,critical,#FF4B4B
866016907ffffff,12,3,13.1861709,77.6799374,"Unnamed Road, Begur Chikkanahalli, Bengaluru, Karnataka. Pin-562149 (India)",0,1,10.0,3.0,green,#00CC66
866016907ffffff,12,3,13.1861709,77.6799374,"Unnamed Road, Begur Chikkanahalli, Bengaluru, Karnataka. Pin-562149 (India)",4,2,5.0,1.5,green,#00CC66
866016907ffffff,18,18,13.1867736,77.6806214,"Unnamed Road, Begur Chikkanahalli, Bengaluru, Karnataka. Pin-562149 (India)",5,18,0.0,0.0,green,#00CC66
866016907ffffff,19,492,13.1839119,77.679535,"Unnamed Road, Begur Chikkanahalli, Bengaluru, Karnataka. Pin-562149 (India)",0,48,10.0,492.0,critical,#FF4B4B
866016907ffffff,19,492,13.1839119,77.679535,"Unnamed Road, Begur Chikkanahalli, Bengaluru, Karnataka. Pin-562149 (India)",1,25,10.0,492.0,critical,#FF4B4B
866016907ffffff,19,492,13.1839119,77.679535,"Unnamed Road, Begur Chikkanahalli, Bengaluru, Karnataka. Pin-562149 (India)",2,140,10.0,492.0,critical,#FF4B4B
866016907ffffff,19,492,13.1839119,77.679535,"Unnamed Road, Begur Chikkanahalli, Bengaluru, Karnataka. Pin-562149 (India)",3,57,10.0,492.0,critical,#FF4B4B
866016907ffffff,19,492,13.1839119,77.679535,"Unnamed Road, Begur Chikkanahalli, Bengaluru, Karnataka. Pin-562149 (India)",4,110,10.0,492.0,critical,#FF4B4B
866016907ffffff,19,492,13.1839119,77.679535,"Unnamed Road, Begur Chikkanahalli, Bengaluru, Karnataka. Pin-562149 (India)",5,70,10.0,492.0,critical,#FF4B4B
866016907ffffff,19,492,13.1839119,77.679535,"Unnamed Road, Begur Chikkanahalli, Bengaluru, Karnataka. Pin-562149 (India)",6,42,10.0,492.0,critical,#FF4B4B
866016907ffffff,20,280,13.1834518,77.6794133,"Unnamed Road, Jagajothi Nagar, Muthugada Halli, Bengaluru, Karnataka. Pin-562157 (India)",0,64,10.0,280.0,critical,#FF4B4B
866016907ffffff,20,280,13.1834518,77.6794133,"Unnamed Road, Jagajothi Nagar, Muthugada Halli, Bengaluru, Karnataka. Pin-562157 (India)",1,48,10.0,280.0,critical,#FF4B4B
866016907ffffff,20,280,13.1834518,77.6794133,"Unnamed Road, Jagajothi Nagar, Muthugada Halli, Bengaluru, Karnataka. Pin-562157 (India)",2,44,10.0,280.0,critical,#FF4B4B
866016907ffffff,20,280,13.1834518,77.6794133,"Unnamed Road, Jagajothi Nagar, Muthugada Halli, Bengaluru, Karnataka. Pin-562157 (India)",3,15,10.0,280.0,critical,#FF4B4B
866016907ffffff,20,280,13.1834518,77.6794133,"Unnamed Road, Jagajothi Nagar, Muthugada Halli, Bengaluru, Karnataka. Pin-562157 (India)",4,30,10.0,280.0,critical,#FF4B4B
866016907ffffff,20,280,13.1834518,77.6794133,"Unnamed Road, Jagajothi Nagar, Muthugada Halli, Bengaluru, Karnataka. Pin-562157 (India)",5,48,10.0,280.0,critical,#FF4B4B
866016907ffffff,20,280,13.1834518,77.6794133,"Unnamed Road, Jagajothi Nagar, Muthugada Halli, Bengaluru, Karnataka. Pin-562157 (India)",6,31,10.0,280.0,critical,#FF4B4B
866016907ffffff,21,342,13.1835812,77.679736,"Unnamed Road, Jagajothi Nagar, Muthugada Halli, Bengaluru, Karnataka. Pin-562157 (India)",0,65,10.0,342.0,critical,#FF4B4B
866016907ffffff,21,342,13.1835812,77.679736,"Unnamed Road, Jagajothi Nagar, Muthugada Halli, Bengaluru, Karnataka. Pin-562157 (India)",1,73,10.0,342.0,critical,#FF4B4B
866016907ffffff,21,342,13.1835812,77.679736,"Unnamed Road, Jagajothi Nagar, Muthugada Halli, Bengaluru, Karnataka. Pin-562157 (India)",2,70,10.0,342.0,critical,#FF4B4B
866016907ffffff,21,342,13.1835812,77.679736,"Unnamed Road, Jagajothi Nagar, Muthugada Halli, Bengaluru, Karnataka. Pin-562157 (India)",3,38,10.0,342.0,critical,#FF4B4B
866016907ffffff,21,342,13.1835812,77.679736,"Unnamed Road, Jagajothi Nagar, Muthugada Halli, Bengaluru, Karnataka. Pin-562157 (India)",4,37,10.0,342.0,critical,#FF4B4B
866016907ffffff,21,342,13.1835812,77.679736,"Unnamed Road, Jagajothi Nagar, Muthugada Halli, Bengaluru, Karnataka. Pin-562157 (India)",5,51,10.0,342.0,critical,#FF4B4B
866016907ffffff,21,342,13.1835812,77.679736,"Unnamed Road, Jagajothi Nagar, Muthugada Halli, Bengaluru, Karnataka. Pin-562157 (India)",6,8,10.0,342.0,critical,#FF4B4B
866016907ffffff,22,566,13.1840836,77.6797742,"Unnamed Road, Begur Chikkanahalli, Bengaluru, Karnataka. Pin-562149 (India)",0,51,10.0,566.0,critical,#FF4B4B
866016907ffffff,22,566,13.1840836,77.6797742,"Unnamed Road, Begur Chikkanahalli, Bengaluru, Karnataka. Pin-562149 (India)",1,85,10.0,566.0,critical,#FF4B4B
866016907ffffff,22,566,13.1840836,77.6797742,"Unnamed Road, Begur Chikkanahalli, Bengaluru, Karnataka. Pin-562149 (India)",2,94,10.0,566.0,critical,#FF4B4B
866016907ffffff,22,566,13.1840836,77.6797742,"Unnamed Road, Begur Chikkanahalli, Bengaluru, Karnataka. Pin-562149 (India)",3,158,10.0,566.0,critical,#FF4B4B
866016907ffffff,22,566,13.1840836,77.6797742,"Unnamed Road, Begur Chikkanahalli, Bengaluru, Karnataka. Pin-562149 (India)",4,65,10.0,566.0,critical,#FF4B4B
866016907ffffff,22,566,13.1840836,77.6797742,"Unnamed Road, Begur Chikkanahalli, Bengaluru, Karnataka. Pin-562149 (India)",5,59,10.0,566.0,critical,#FF4B4B
866016907ffffff,22,566,13.1840836,77.6797742,"Unnamed Road, Begur Chikkanahalli, Bengaluru, Karnataka. Pin-562149 (India)",6,54,10.0,566.0,critical,#FF4B4B
866016907ffffff,23,833,13.18429,77.679765,"Unnamed Road, Begur Chikkanahalli, Bengaluru, Karnataka. Pin-562149 (India)",0,149,10.0,833.0,critical,#FF4B4B
866016907ffffff,23,833,13.18429,77.679765,"Unnamed Road, Begur Chikkanahalli, Bengaluru, Karnataka. Pin-562149 (India)",1,134,10.0,833.0,critical,#FF4B4B
866016907ffffff,23,833,13.18429,77.679765,"Unnamed Road, Begur Chikkanahalli, Bengaluru, Karnataka. Pin-562149 (India)",2,176,10.0,833.0,critical,#FF4B4B
866016907ffffff,23,833,13.18429,77.679765,"Unnamed Road, Begur Chikkanahalli, Bengaluru, Karnataka. Pin-562149 (India)",3,122,10.0,833.0,critical,#FF4B4B
866016907ffffff,23,833,13.18429,77.679765,"Unnamed Road, Begur Chikkanahalli, Bengaluru, Karnataka. Pin-562149 (India)",4,104,10.0,833.0,critical,#FF4B4B
866016907ffffff,23,833,13.18429,77.679765,"Unnamed Road, Begur Chikkanahalli, Bengaluru, Karnataka. Pin-562149 (India)",5,68,10.0,833.0,critical,#FF4B4B
866016907ffffff,23,833,13.18429,77.679765,"Unnamed Road, Begur Chikkanahalli, Bengaluru, Karnataka. Pin-562149 (India)",6,80,10.0,833.0,critical,#FF4B4B
86601690fffffff,0,27,13.1908182,77.6457846,"Bengaluru Bellary Road, Sadahalli Gate Junction, Navarathna Agrahara, Bengaluru, Karnataka. Pin-562157 (India)",0,4,10.0,27.0,critical,#FF4B4B
86601690fffffff,0,27,13.1908182,77.6457846,"Bengaluru Bellary Road, Sadahalli Gate Junction, Navarathna Agrahara, Bengaluru, Karnataka. Pin-562157 (India)",1,7,10.0,27.0,critical,#FF4B4B
86601690fffffff,0,27,13.1908182,77.6457846,"Bengaluru Bellary Road, Sadahalli Gate Junction, Navarathna Agrahara, Bengaluru, Karnataka. Pin-562157 (India)",3,5,10.0,27.0,critical,#FF4B4B
86601690fffffff,0,27,13.1908182,77.6457846,"Bengaluru Bellary Road, Sadahalli Gate Junction, Navarathna Agrahara, Bengaluru, Karnataka. Pin-562157 (India)",4,3,10.0,27.0,critical,#FF4B4B
86601690fffffff,0,27,13.1908182,77.6457846,"Bengaluru Bellary Road, Sadahalli Gate Junction, Navarathna Agrahara, Bengaluru, Karnataka. Pin-562157 (India)",5,7,10.0,27.0,critical,#FF4B4B
86601690fffffff,0,27,13.1908182,77.6457846,"Bengaluru Bellary Road, Sadahalli Gate Junction, Navarathna Agrahara, Bengaluru, Karnataka. Pin-562157 (India)",6,1,10.0,27.0,critical,#FF4B4B
86601690fffffff,1,42,13.1908563,77.6459074,"Ronald Colaco Road, Sadahalli Gate Junction, Navarathna Agrahara, Bengaluru, Karnataka. Pin-562157 (India)",1,6,10.0,42.0,critical,#FF4B4B
86601690fffffff,1,42,13.1908563,77.6459074,"Ronald Colaco Road, Sadahalli Gate Junction, Navarathna Agrahara, Bengaluru, Karnataka. Pin-562157 (India)",2,4,10.0,42.0,critical,#FF4B4B
86601690fffffff,1,42,13.1908563,77.6459074,"Ronald Colaco Road, Sadahalli Gate Junction, Navarathna Agrahara, Bengaluru, Karnataka. Pin-562157 (India)",3,5,10.0,42.0,critical,#FF4B4B
86601690fffffff,1,42,13.1908563,77.6459074,"Ronald Colaco Road, Sadahalli Gate Junction, Navarathna Agrahara, Bengaluru, Karnataka. Pin-562157 (India)",5,19,10.0,42.0,critical,#FF4B4B
86601690fffffff,1,42,13.1908563,77.6459074,"Ronald Colaco Road, Sadahalli Gate Junction, Navarathna Agrahara, Bengaluru, Karnataka. Pin-562157 (India)",6,8,10.0,42.0,critical,#FF4B4B
86601690fffffff,2,70,13.1909096,77.6458494,"Ronald Colaco Road, Sadahalli Gate Junction, Navarathna Agrahara, Bengaluru, Karnataka. Pin-562157 (India)",1,28,10.0,70.0,critical,#FF4B4B
86601690fffffff,2,70,13.1909096,77.6458494,"Ronald Colaco Road, Sadahalli Gate Junction, Navarathna Agrahara, Bengaluru, Karnataka. Pin-562157 (India)",2,3,10.0,70.0,critical,#FF4B4B
86601690fffffff,2,70,13.1909096,77.6458494,"Ronald Colaco Road, Sadahalli Gate Junction, Navarathna Agrahara, Bengaluru, Karnataka. Pin-562157 (India)",3,10,10.0,70.0,critical,#FF4B4B
86601690fffffff,2,70,13.1909096,77.6458494,"Ronald Colaco Road, Sadahalli Gate Junction, Navarathna Agrahara, Bengaluru, Karnataka. Pin-562157 (India)",4,9,10.0,70.0,critical,#FF4B4B
86601690fffffff,2,70,13.1909096,77.6458494,"Ronald Colaco Road, Sadahalli Gate Junction, Navarathna Agrahara, Bengaluru, Karnataka. Pin-562157 (India)",5,13,10.0,70.0,critical,#FF4B4B
86601690fffffff,2,70,13.1909096,77.6458494,"Ronald Colaco Road, Sadahalli Gate Junction, Navarathna Agrahara, Bengaluru, Karnataka. Pin-562157 (India)",6,7,10.0,70.0,critical,#FF4B4B
86601690fffffff,3,50,13.1913925,77.6463018,"Bengaluru Bellary Road, Sadahalli Gate Junction, Navarathna Agrahara, Bengaluru, Karnataka. Pin-562157 (India)",0,15,10.0,50.0,critical,#FF4B4B
86601690fffffff,3,50,13.1913925,77.6463018,"Bengaluru Bellary Road, Sadahalli Gate Junction, Navarathna Agrahara, Bengaluru, Karnataka. Pin-562157 (India)",1,22,10.0,50.0,critical,#FF4B4B
86601690fffffff,3,50,13.1913925,77.6463018,"Bengaluru Bellary Road, Sadahalli Gate Junction, Navarathna Agrahara, Bengaluru, Karnataka. Pin-562157 (India)",2,1,10.0,50.0,critical,#FF4B4B
86601690fffffff,3,50,13.1913925,77.6463018,"Bengaluru Bellary Road, Sadahalli Gate Junction, Navarathna Agrahara, Bengaluru, Karnataka. Pin-562157 (India)",3,1,10.0,50.0,critical,#FF4B4B
86601690fffffff,3,50,13.1913925,77.6463018,"Bengaluru Bellary Road, Sadahalli Gate Junction, Navarathna Agrahara, Bengaluru, Karnataka. Pin-562157 (India)",4,10,10.0,50.0,critical,#FF4B4B
86601690fffffff,3,50,13.1913925,77.6463018,"Bengaluru Bellary Road, Sadahalli Gate Junction, Navarathna Agrahara, Bengaluru, Karnataka. Pin-562157 (India)",6,1,10.0,50.0,critical,#FF4B4B
86601690fffffff,4,98,13.1923372,77.646816,"Bengaluru Bellary Road, Sadahalli Gate Junction, Navarathna Agrahara, Bengaluru, Karnataka. Pin-562157 (India)",0,23,10.0,98.0,critical,#FF4B4B
86601690fffffff,4,98,13.1923372,77.646816,"Bengaluru Bellary Road, Sadahalli Gate Junction, Navarathna Agrahara, Bengaluru, Karnataka. Pin-562157 (India)",1,15,10.0,98.0,critical,#FF4B4B
86601690fffffff,4,98,13.1923372,77.646816,"Bengaluru Bellary Road, Sadahalli Gate Junction, Navarathna Agrahara, Bengaluru, Karnataka. Pin-562157 (India)",2,16,10.0,98.0,critical,#FF4B4B
86601690fffffff,4,98,13.1923372,77.646816,"Bengaluru Bellary Road, Sadahalli Gate Junction, Navarathna Agrahara, Bengaluru, Karnataka. Pin-562157 (India)",3,8,10.0,98.0,critical,#FF4B4B
86601690fffffff,4,98,13.1923372,77.646816,"Bengaluru Bellary Road, Sadahalli Gate Junction, Navarathna Agrahara, Bengaluru, Karnataka. Pin-562157 (India)",4,16,10.0,98.0,critical,#FF4B4B
86601690fffffff,4,98,13.1923372,77.646816,"Bengaluru Bellary Road, Sadahalli Gate Junction, Navarathna Agrahara, Bengaluru, Karnataka. Pin-562157 (India)",5,2,10.0,98.0,critical,#FF4B4B
86601690fffffff,4,98,13.1923372,77.646816,"Bengaluru Bellary Road, Sadahalli Gate Junction, Navarathna Agrahara, Bengaluru, Karnataka. Pin-562157 (India)",6,18,10.0,98.0,critical,#FF4B4B
86601690fffffff,5,62,13.1755609,77.6354917,"Drive Thru Road, Chikkjala Junction, Chikkajala, Bengaluru, Karnataka. Pin-562157 (India)",0,13,10.0,62.0,critical,#FF4B4B
86601690fffffff,5,62,13.1755609,77.6354917,"Drive Thru Road, Chikkjala Junction, Chikkajala, Bengaluru, Karnataka. Pin-562157 (India)",1,13,10.0,62.0,critical,#FF4B4B
86601690fffffff,5,62,13.1755609,77.6354917,"Drive Thru Road, Chikkjala Junction, Chikkajala, Bengaluru, Karnataka. Pin-562157 (India)",2,7,10.0,62.0,critical,#FF4B4B
86601690fffffff,5,62,13.1755609,77.6354917,"Drive Thru Road, Chikkjala Junction, Chikkajala, Bengaluru, Karnataka. Pin-562157 (India)",4,22,10.0,62.0,critical,#FF4B4B
86601690fffffff,5,62,13.1755609,77.6354917,"Drive Thru Road, Chikkjala Junction, Chikkajala, Bengaluru, Karnataka. Pin-562157 (India)",5,6,10.0,62.0,critical,#FF4B4B
86601690fffffff,5,62,13.1755609,77.6354917,"Drive Thru Road, Chikkjala Junction, Chikkajala, Bengaluru, Karnataka. Pin-562157 (India)",6,1,10.0,62.0,critical,#FF4B4B
86601690fffffff,6,117,13.1906117,77.6456191,"Ronald Colaco Road, Sadahalli Gate Junction, Navarathna Agrahara, Bengaluru, Karnataka. Pin-562157 (India)",0,35,10.0,117.0,critical,#FF4B4B
86601690fffffff,6,117,13.1906117,77.6456191,"Ronald Colaco Road, Sadahalli Gate Junction, Navarathna Agrahara, Bengaluru, Karnataka. Pin-562157 (India)",1,3,10.0,117.0,critical,#FF4B4B
86601690fffffff,6,117,13.1906117,77.6456191,"Ronald Colaco Road, Sadahalli Gate Junction, Navarathna Agrahara, Bengaluru, Karnataka. Pin-562157 (India)",2,6,10.0,117.0,critical,#FF4B4B
86601690fffffff,6,117,13.1906117,77.6456191,"Ronald Colaco Road, Sadahalli Gate Junction, Navarathna Agrahara, Bengaluru, Karnataka. Pin-562157 (India)",3,11,10.0,117.0,critical,#FF4B4B
86601690fffffff,6,117,13.1906117,77.6456191,"Ronald Colaco Road, Sadahalli Gate Junction, Navarathna Agrahara, Bengaluru, Karnataka. Pin-562157 (India)",4,30,10.0,117.0,critical,#FF4B4B
86601690fffffff,6,117,13.1906117,77.6456191,"Ronald Colaco Road, Sadahalli Gate Junction, Navarathna Agrahara, Bengaluru, Karnataka. Pin-562157 (India)",5,15,10.0,117.0,critical,#FF4B4B
86601690fffffff,6,117,13.1906117,77.6456191,"Ronald Colaco Road, Sadahalli Gate Junction, Navarathna Agrahara, Bengaluru, Karnataka. Pin-562157 (India)",6,17,10.0,117.0,critical,#FF4B4B
86601690fffffff,7,67,13.1914304,77.6464924,"Bengaluru Bellary Road, Sadahalli Gate Junction, Navarathna Agrahara, Bengaluru, Karnataka. Pin-562157 (India)",0,15,10.0,67.0,critical,#FF4B4B
86601690fffffff,7,67,13.1914304,77.6464924,"Bengaluru Bellary Road, Sadahalli Gate Junction, Navarathna Agrahara, Bengaluru, Karnataka. Pin-562157 (India)",1,20,10.0,67.0,critical,#FF4B4B
86601690fffffff,7,67,13.1914304,77.6464924,"Bengaluru Bellary Road, Sadahalli Gate Junction, Navarathna Agrahara, Bengaluru, Karnataka. Pin-562157 (India)",2,1,10.0,67.0,critical,#FF4B4B
86601690fffffff,7,67,13.1914304,77.6464924,"Bengaluru Bellary Road, Sadahalli Gate Junction, Navarathna Agrahara, Bengaluru, Karnataka. Pin-562157 (India)",4,6,10.0,67.0,critical,#FF4B4B
86601690fffffff,7,67,13.1914304,77.6464924,"Bengaluru Bellary Road, Sadahalli Gate Junction, Navarathna Agrahara, Bengaluru, Karnataka. Pin-562157 (India)",6,25,10.0,67.0,critical,#FF4B4B
86601690fffffff,8,57,13.1909488,77.646094,"Ronald Colaco Road, Sadahalli Gate Junction, Navarathna Agrahara, Bengaluru, Karnataka. Pin-562157 (India)",0,14,10.0,57.0,critical,#FF4B4B
86601690fffffff,8,57,13.1909488,77.646094,"Ronald Colaco Road, Sadahalli Gate Junction, Navarathna Agrahara, Bengaluru, Karnataka. Pin-562157 (India)",1,23,10.0,57.0,critical,#FF4B4B
86601690fffffff,8,57,13.1909488,77.646094,"Ronald Colaco Road, Sadahalli Gate Junction, Navarathna Agrahara, Bengaluru, Karnataka. Pin-562157 (India)",4,15,10.0,57.0,critical,#FF4B4B
86601690fffffff,8,57,13.1909488,77.646094,"Ronald Colaco Road, Sadahalli Gate Junction, Navarathna Agrahara, Bengaluru, Karnataka. Pin-562157 (India)",6,5,10.0,57.0,critical,#FF4B4B
86601690fffffff,9,12,13.1913843,77.6463894,"Bengaluru Bellary Road, Sadahalli Gate Junction, Navarathna Agrahara, Bengaluru, Karnataka. Pin-562157 (India)",1,5,10.0,12.0,critical,#FF4B4B
86601690fffffff,9,12,13.1913843,77.6463894,"Bengaluru Bellary Road, Sadahalli Gate Junction, Navarathna Agrahara, Bengaluru, Karnataka. Pin-562157 (India)",5,1,10.0,12.0,critical,#FF4B4B
86601690fffffff,9,12,13.1913843,77.6463894,"Bengaluru Bellary Road, Sadahalli Gate Junction, Navarathna Agrahara, Bengaluru, Karnataka. Pin-562157 (India)",6,6,10.0,12.0,critical,#FF4B4B
86601690fffffff,18,2,13.1906084,77.6455994,"Bengaluru Bellary Road, Sadahalli Gate Junction, Navarathna Agrahara, Bengaluru, Karnataka. Pin-562157 (India)",0,2,0.0,0.0,green,#00CC66
86601690fffffff,19,101,13.1916482,77.6467056,"Bengaluru Bellary Road, Sadahalli Gate Junction, Navarathna Agrahara, Bengaluru, Karnataka. Pin-562157 (India)",1,4,10.0,101.0,critical,#FF4B4B
86601690fffffff,19,101,13.1916482,77.6467056,"Bengaluru Bellary Road, Sadahalli Gate Junction, Navarathna Agrahara, Bengaluru, Karnataka. Pin-562157 (India)",2,2,10.0,101.0,critical,#FF4B4B
86601690fffffff,19,101,13.1916482,77.6467056,"Bengaluru Bellary Road, Sadahalli Gate Junction, Navarathna Agrahara, Bengaluru, Karnataka. Pin-562157 (India)",3,13,10.0,101.0,critical,#FF4B4B
86601690fffffff,19,101,13.1916482,77.6467056,"Bengaluru Bellary Road, Sadahalli Gate Junction, Navarathna Agrahara, Bengaluru, Karnataka. Pin-562157 (India)",4,8,10.0,101.0,critical,#FF4B4B
86601690fffffff,19,101,13.1916482,77.6467056,"Bengaluru Bellary Road, Sadahalli Gate Junction, Navarathna Agrahara, Bengaluru, Karnataka. Pin-562157 (India)",5,18,10.0,101.0,critical,#FF4B4B
86601690fffffff,19,101,13.1916482,77.6467056,"Bengaluru Bellary Road, Sadahalli Gate Junction, Navarathna Agrahara, Bengaluru, Karnataka. Pin-562157 (India)",6,56,8.04,81.2,critical,#FF4B4B
86601690fffffff,20,136,13.1912445,77.6462811,"Bengaluru Bellary Road, Sadahalli Gate Junction, Navarathna Agrahara, Bengaluru, Karnataka. Pin-562157 (India)",0,23,10.0,136.0,critical,#FF4B4B
86601690fffffff,20,136,13.1912445,77.6462811,"Bengaluru Bellary Road, Sadahalli Gate Junction, Navarathna Agrahara, Bengaluru, Karnataka. Pin-562157 (India)",1,5,10.0,136.0,critical,#FF4B4B
86601690fffffff,20,136,13.1912445,77.6462811,"Bengaluru Bellary Road, Sadahalli Gate Junction, Navarathna Agrahara, Bengaluru, Karnataka. Pin-562157 (India)",2,4,10.0,136.0,critical,#FF4B4B
86601690fffffff,20,136,13.1912445,77.6462811,"Bengaluru Bellary Road, Sadahalli Gate Junction, Navarathna Agrahara, Bengaluru, Karnataka. Pin-562157 (India)",3,19,10.0,136.0,critical,#FF4B4B
86601690fffffff,20,136,13.1912445,77.6462811,"Bengaluru Bellary Road, Sadahalli Gate Junction, Navarathna Agrahara, Bengaluru, Karnataka. Pin-562157 (India)",4,23,10.0,136.0,critical,#FF4B4B
86601690fffffff,20,136,13.1912445,77.6462811,"Bengaluru Bellary Road, Sadahalli Gate Junction, Navarathna Agrahara, Bengaluru, Karnataka. Pin-562157 (India)",5,23,10.0,136.0,critical,#FF4B4B
86601690fffffff,20,136,13.1912445,77.6462811,"Bengaluru Bellary Road, Sadahalli Gate Junction, Navarathna Agrahara, Bengaluru, Karnataka. Pin-562157 (India)",6,39,10.0,136.0,critical,#FF4B4B
86601690fffffff,21,53,13.2011244,77.6615324,"Bengaluru Bellary Road, Godrej MSR City, Akkalenahalli Mallena Halli, Bengaluru, Karnataka. Pin-562157 (India)",0,2,10.0,53.0,critical,#FF4B4B
86601690fffffff,21,53,13.2011244,77.6615324,"Bengaluru Bellary Road, Godrej MSR City, Akkalenahalli Mallena Halli, Bengaluru, Karnataka. Pin-562157 (India)",1,4,10.0,53.0,critical,#FF4B4B
86601690fffffff,21,53,13.2011244,77.6615324,"Bengaluru Bellary Road, Godrej MSR City, Akkalenahalli Mallena Halli, Bengaluru, Karnataka. Pin-562157 (India)",2,10,10.0,53.0,critical,#FF4B4B
86601690fffffff,21,53,13.2011244,77.6615324,"Bengaluru Bellary Road, Godrej MSR City, Akkalenahalli Mallena Halli, Bengaluru, Karnataka. Pin-562157 (India)",3,3,10.0,53.0,critical,#FF4B4B
86601690fffffff,21,53,13.2011244,77.6615324,"Bengaluru Bellary Road, Godrej MSR City, Akkalenahalli Mallena Halli, Bengaluru, Karnataka. Pin-562157 (India)",4,8,10.0,53.0,critical,#FF4B4B
86601690fffffff,21,53,13.2011244,77.6615324,"Bengaluru Bellary Road, Godrej MSR City, Akkalenahalli Mallena Halli, Bengaluru, Karnataka. Pin-562157 (India)",5,4,10.0,53.0,critical,#FF4B4B
86601690fffffff,21,53,13.2011244,77.6615324,"Bengaluru Bellary Road, Godrej MSR City, Akkalenahalli Mallena Halli, Bengaluru, Karnataka. Pin-562157 (India)",6,22,10.0,53.0,critical,#FF4B4B
86601690fffffff,22,47,13.1909608,77.6457999,"Ronald Colaco Road, Sadahalli Gate Junction, Navarathna Agrahara, Bengaluru, Karnataka. Pin-562157 (India)",0,3,10.0,47.0,critical,#FF4B4B
86601690fffffff,22,47,13.1909608,77.6457999,"Ronald Colaco Road, Sadahalli Gate Junction, Navarathna Agrahara, Bengaluru, Karnataka. Pin-562157 (India)",1,9,10.0,47.0,critical,#FF4B4B
86601690fffffff,22,47,13.1909608,77.6457999,"Ronald Colaco Road, Sadahalli Gate Junction, Navarathna Agrahara, Bengaluru, Karnataka. Pin-562157 (India)",2,1,10.0,47.0,critical,#FF4B4B
86601690fffffff,22,47,13.1909608,77.6457999,"Ronald Colaco Road, Sadahalli Gate Junction, Navarathna Agrahara, Bengaluru, Karnataka. Pin-562157 (India)",3,2,10.0,47.0,critical,#FF4B4B
86601690fffffff,22,47,13.1909608,77.6457999,"Ronald Colaco Road, Sadahalli Gate Junction, Navarathna Agrahara, Bengaluru, Karnataka. Pin-562157 (India)",4,16,10.0,47.0,critical,#FF4B4B
86601690fffffff,22,47,13.1909608,77.6457999,"Ronald Colaco Road, Sadahalli Gate Junction, Navarathna Agrahara, Bengaluru, Karnataka. Pin-562157 (India)",5,5,10.0,47.0,critical,#FF4B4B
86601690fffffff,22,47,13.1909608,77.6457999,"Ronald Colaco Road, Sadahalli Gate Junction, Navarathna Agrahara, Bengaluru, Karnataka. Pin-562157 (India)",6,11,10.0,47.0,critical,#FF4B4B
86601690fffffff,23,53,13.1912987,77.6463107,"Bengaluru Bellary Road, Sadahalli Gate Junction, Navarathna Agrahara, Bengaluru, Karnataka. Pin-562157 (India)",1,14,10.0,53.0,critical,#FF4B4B
86601690fffffff,23,53,13.1912987,77.6463107,"Bengaluru Bellary Road, Sadahalli Gate Junction, Navarathna Agrahara, Bengaluru, Karnataka. Pin-562157 (India)",2,11,10.0,53.0,critical,#FF4B4B
86601690fffffff,23,53,13.1912987,77.6463107,"Bengaluru Bellary Road, Sadahalli Gate Junction, Navarathna Agrahara, Bengaluru, Karnataka. Pin-562157 (India)",3,9,10.0,53.0,critical,#FF4B4B
86601690fffffff,23,53,13.1912987,77.6463107,"Bengaluru Bellary Road, Sadahalli Gate Junction, Navarathna Agrahara, Bengaluru, Karnataka. Pin-562157 (India)",5,5,10.0,53.0,critical,#FF4B4B
86601690fffffff,23,53,13.1912987,77.6463107,"Bengaluru Bellary Road, Sadahalli Gate Junction, Navarathna Agrahara, Bengaluru, Karnataka. Pin-562157 (India)",6,14,10.0,53.0,critical,#FF4B4B
866016917ffffff,0,12,13.2451526,77.7128528,"Sulibele Road, Dr MD Nanjundaswamy Circle, Devanahalli, Karnataka. Pin-562110 (India)",0,3,10.0,12.0,critical,#FF4B4B
866016917ffffff,0,12,13.2451526,77.7128528,"Sulibele Road, Dr MD Nanjundaswamy Circle, Devanahalli, Karnataka. Pin-562110 (India)",1,1,10.0,12.0,critical,#FF4B4B
866016917ffffff,0,12,13.2451526,77.7128528,"Sulibele Road, Dr MD Nanjundaswamy Circle, Devanahalli, Karnataka. Pin-562110 (India)",2,4,10.0,12.0,critical,#FF4B4B
866016917ffffff,0,12,13.2451526,77.7128528,"Sulibele Road, Dr MD Nanjundaswamy Circle, Devanahalli, Karnataka. Pin-562110 (India)",3,3,10.0,12.0,critical,#FF4B4B
866016917ffffff,0,12,13.2451526,77.7128528,"Sulibele Road, Dr MD Nanjundaswamy Circle, Devanahalli, Karnataka. Pin-562110 (India)",5,1,10.0,12.0,critical,#FF4B4B
866016917ffffff,1,11,13.2452037,77.7127886,"Dabaspete - Hosur Highway, Devanahalli, Devanahalli taluku, Bengaluru North, Karnataka, 562110, India",0,3,10.0,11.0,critical,#FF4B4B
866016917ffffff,1,11,13.2452037,77.7127886,"Dabaspete - Hosur Highway, Devanahalli, Devanahalli taluku, Bengaluru North, Karnataka, 562110, India",1,2,10.0,11.0,critical,#FF4B4B
866016917ffffff,1,11,13.2452037,77.7127886,"Dabaspete - Hosur Highway, Devanahalli, Devanahalli taluku, Bengaluru North, Karnataka, 562110, India",4,4,10.0,11.0,critical,#FF4B4B
866016917ffffff,1,11,13.2452037,77.7127886,"Dabaspete - Hosur Highway, Devanahalli, Devanahalli taluku, Bengaluru North, Karnataka, 562110, India",5,2,10.0,11.0,critical,#FF4B4B
866016917ffffff,2,14,13.2575746,77.717395,"Bangalore Bellary Road, Dr Sri Shivakumara Swamiji Circle, Devanahalli, Karnataka. Pin-562110 (India)",3,2,10.0,14.0,critical,#FF4B4B
866016917ffffff,2,14,13.2575746,77.717395,"Bangalore Bellary Road, Dr Sri Shivakumara Swamiji Circle, Devanahalli, Karnataka. Pin-562110 (India)",4,10,4.0,5.6,monitor,#FFA500
866016917ffffff,2,14,13.2575746,77.717395,"Bangalore Bellary Road, Dr Sri Shivakumara Swamiji Circle, Devanahalli, Karnataka. Pin-562110 (India)",6,2,10.0,14.0,critical,#FF4B4B
866016917ffffff,3,7,13.2585901,77.7176535,"Bangalore Bellary Road, Aashish Villa, Devanahalli, Karnataka. Pin-562110 (India)",3,2,10.0,7.0,critical,#FF4B4B
866016917ffffff,3,7,13.2585901,77.7176535,"Bangalore Bellary Road, Aashish Villa, Devanahalli, Karnataka. Pin-562110 (India)",4,3,10.0,7.0,critical,#FF4B4B
866016917ffffff,3,7,13.2585901,77.7176535,"Bangalore Bellary Road, Aashish Villa, Devanahalli, Karnataka. Pin-562110 (India)",6,2,10.0,7.0,critical,#FF4B4B
866016917ffffff,4,20,13.2451387,77.7127074,"Bangalore Bellary Road, Dr MD Nanjundaswamy Circle, Devanahalli, Karnataka. Pin-562110 (India)",2,3,10.0,20.0,critical,#FF4B4B
866016917ffffff,4,20,13.2451387,77.7127074,"Bangalore Bellary Road, Dr MD Nanjundaswamy Circle, Devanahalli, Karnataka. Pin-562110 (India)",4,15,3.33,6.66,critical,#FF4B4B
866016917ffffff,4,20,13.2451387,77.7127074,"Bangalore Bellary Road, Dr MD Nanjundaswamy Circle, Devanahalli, Karnataka. Pin-562110 (India)",6,2,10.0,20.0,critical,#FF4B4B
866016917ffffff,5,9,13.24507,77.7129199,"Sulibele Road, Dr MD Nanjundaswamy Circle, Devanahalli, Karnataka. Pin-562110 (India)",2,1,10.0,9.0,critical,#FF4B4B
866016917ffffff,5,9,13.24507,77.7129199,"Sulibele Road, Dr MD Nanjundaswamy Circle, Devanahalli, Karnataka. Pin-562110 (India)",4,4,10.0,9.0,critical,#FF4B4B
866016917ffffff,5,9,13.24507,77.7129199,"Sulibele Road, Dr MD Nanjundaswamy Circle, Devanahalli, Karnataka. Pin-562110 (India)",5,3,10.0,9.0,critical,#FF4B4B
866016917ffffff,5,9,13.24507,77.7129199,"Sulibele Road, Dr MD Nanjundaswamy Circle, Devanahalli, Karnataka. Pin-562110 (India)",6,1,10.0,9.0,critical,#FF4B4B
866016917ffffff,6,6,13.2433331,77.7132844,"Bommanahalli Road, Shubodaya Layout, Devanahalli, Karnataka. Pin-562110 (India)",0,1,10.0,6.0,monitor,#FFA500
866016917ffffff,6,6,13.2433331,77.7132844,"Bommanahalli Road, Shubodaya Layout, Devanahalli, Karnataka. Pin-562110 (India)",2,1,10.0,6.0,monitor,#FFA500
866016917ffffff,6,6,13.2433331,77.7132844,"Bommanahalli Road, Shubodaya Layout, Devanahalli, Karnataka. Pin-562110 (India)",3,1,10.0,6.0,monitor,#FFA500
866016917ffffff,6,6,13.2433331,77.7132844,"Bommanahalli Road, Shubodaya Layout, Devanahalli, Karnataka. Pin-562110 (India)",4,1,10.0,6.0,monitor,#FFA500
866016917ffffff,6,6,13.2433331,77.7132844,"Bommanahalli Road, Shubodaya Layout, Devanahalli, Karnataka. Pin-562110 (India)",6,2,10.0,6.0,monitor,#FFA500
866016917ffffff,9,2,13.2573073,77.712281,"Devanahalli, Devanahalli taluku, Bengaluru North, Karnataka, 562110, India",6,2,0.0,0.0,green,#00CC66
866016917ffffff,20,3,13.2486334,77.7153838,"Bazar Road, Puttappana Gudi Bidi, Devanahalli, Karnataka. Pin-562110 (India)",1,2,5.0,1.5,green,#00CC66
866016917ffffff,20,3,13.2486334,77.7153838,"Bazar Road, Puttappana Gudi Bidi, Devanahalli, Karnataka. Pin-562110 (India)",6,1,10.0,3.0,green,#00CC66
866016917ffffff,21,2,13.2490694,77.7157164,"Bangalore Bellary Road, Puttappana Gudi Bidi, Devanahalli, Karnataka. Pin-562110 (India)",6,2,0.0,0.0,green,#00CC66
866016917ffffff,22,25,13.2447388,77.7132116,"Sulibele Road, Giriyamma Circle, Devanahalli, Karnataka. Pin-562110 (India)",1,5,10.0,25.0,critical,#FF4B4B
866016917ffffff,22,25,13.2447388,77.7132116,"Sulibele Road, Giriyamma Circle, Devanahalli, Karnataka. Pin-562110 (India)",2,11,10.0,25.0,critical,#FF4B4B
866016917ffffff,22,25,13.2447388,77.7132116,"Sulibele Road, Giriyamma Circle, Devanahalli, Karnataka. Pin-562110 (India)",3,4,10.0,25.0,critical,#FF4B4B
866016917ffffff,22,25,13.2447388,77.7132116,"Sulibele Road, Giriyamma Circle, Devanahalli, Karnataka. Pin-562110 (India)",4,2,10.0,25.0,critical,#FF4B4B
866016917ffffff,22,25,13.2447388,77.7132116,"Sulibele Road, Giriyamma Circle, Devanahalli, Karnataka. Pin-562110 (India)",5,1,10.0,25.0,critical,#FF4B4B
866016917ffffff,22,25,13.2447388,77.7132116,"Sulibele Road, Giriyamma Circle, Devanahalli, Karnataka. Pin-562110 (India)",6,2,10.0,25.0,critical,#FF4B4B
866016917ffffff,23,18,13.2474841,77.715371,"NH 44, Puttappana Gudi Bidi, Devanahalli, Karnataka. Pin-562110 (India)",0,1,10.0,18.0,critical,#FF4B4B
866016917ffffff,23,18,13.2474841,77.715371,"NH 44, Puttappana Gudi Bidi, Devanahalli, Karnataka. Pin-562110 (India)",1,2,10.0,18.0,critical,#FF4B4B
866016917ffffff,23,18,13.2474841,77.715371,"NH 44, Puttappana Gudi Bidi, Devanahalli, Karnataka. Pin-562110 (India)",2,2,10.0,18.0,critical,#FF4B4B
866016917ffffff,23,18,13.2474841,77.715371,"NH 44, Puttappana Gudi Bidi, Devanahalli, Karnataka. Pin-562110 (India)",4,5,10.0,18.0,critical,#FF4B4B
866016917ffffff,23,18,13.2474841,77.715371,"NH 44, Puttappana Gudi Bidi, Devanahalli, Karnataka. Pin-562110 (India)",5,3,10.0,18.0,critical,#FF4B4B
866016917ffffff,23,18,13.2474841,77.715371,"NH 44, Puttappana Gudi Bidi, Devanahalli, Karnataka. Pin-562110 (India)",6,5,10.0,18.0,critical,#FF4B4B
866016927ffffff,1,3,13.166005,77.7086083,"Road Number 1, Bengaluru IT Park, Arebinnamangala, Bengaluru, Karnataka. Pin-562149 (India)",2,2,5.0,1.5,green,#00CC66
866016927ffffff,1,3,13.166005,77.7086083,"Road Number 1, Bengaluru IT Park, Arebinnamangala, Bengaluru, Karnataka. Pin-562149 (India)",4,1,10.0,3.0,green,#00CC66
86601692fffffff,3,1,13.1628009,77.6448425,"Ananda Rising Clouds Road, Classmate Castle, Huttanahalli, Bengaluru, Karnataka. Pin-562157 (India)",0,1,0.0,0.0,green,#00CC66
866016947ffffff,5,1,13.1341042,77.5700802,"Doddaballapur Main Road, Sai Springs, Nagenahalli, Bengaluru, Karnataka. Pin-560119 (India)",0,1,0.0,0.0,green,#00CC66
866016967ffffff,0,311,13.07157,77.5881117,"Sahakar Nagar Road, Fortuna Acacia, Byatarayanapura, Bengaluru, Karnataka. Pin-560092 (India)",0,25,10.0,311.0,critical,#FF4B4B
866016967ffffff,0,311,13.07157,77.5881117,"Sahakar Nagar Road, Fortuna Acacia, Byatarayanapura, Bengaluru, Karnataka. Pin-560092 (India)",1,40,10.0,311.0,critical,#FF4B4B
866016967ffffff,0,311,13.07157,77.5881117,"Sahakar Nagar Road, Fortuna Acacia, Byatarayanapura, Bengaluru, Karnataka. Pin-560092 (India)",2,84,10.0,311.0,critical,#FF4B4B
866016967ffffff,0,311,13.07157,77.5881117,"Sahakar Nagar Road, Fortuna Acacia, Byatarayanapura, Bengaluru, Karnataka. Pin-560092 (India)",3,55,10.0,311.0,critical,#FF4B4B
866016967ffffff,0,311,13.07157,77.5881117,"Sahakar Nagar Road, Fortuna Acacia, Byatarayanapura, Bengaluru, Karnataka. Pin-560092 (India)",4,48,10.0,311.0,critical,#FF4B4B
866016967ffffff,0,311,13.07157,77.5881117,"Sahakar Nagar Road, Fortuna Acacia, Byatarayanapura, Bengaluru, Karnataka. Pin-560092 (India)",5,28,10.0,311.0,critical,#FF4B4B
866016967ffffff,0,311,13.07157,77.5881117,"Sahakar Nagar Road, Fortuna Acacia, Byatarayanapura, Bengaluru, Karnataka. Pin-560092 (India)",6,31,10.0,311.0,critical,#FF4B4B
866016967ffffff,1,185,13.0998399,77.5887535,"3rd A Cross Road, East Colony, Yelahanka, Bengaluru, Karnataka. Pin-560064 (India)",0,32,10.0,185.0,critical,#FF4B4B
866016967ffffff,1,185,13.0998399,77.5887535,"3rd A Cross Road, East Colony, Yelahanka, Bengaluru, Karnataka. Pin-560064 (India)",1,25,10.0,185.0,critical,#FF4B4B
866016967ffffff,1,185,13.0998399,77.5887535,"3rd A Cross Road, East Colony, Yelahanka, Bengaluru, Karnataka. Pin-560064 (India)",2,23,10.0,185.0,critical,#FF4B4B
866016967ffffff,1,185,13.0998399,77.5887535,"3rd A Cross Road, East Colony, Yelahanka, Bengaluru, Karnataka. Pin-560064 (India)",3,15,10.0,185.0,critical,#FF4B4B
866016967ffffff,1,185,13.0998399,77.5887535,"3rd A Cross Road, East Colony, Yelahanka, Bengaluru, Karnataka. Pin-560064 (India)",4,7,10.0,185.0,critical,#FF4B4B
866016967ffffff,1,185,13.0998399,77.5887535,"3rd A Cross Road, East Colony, Yelahanka, Bengaluru, Karnataka. Pin-560064 (India)",5,40,10.0,185.0,critical,#FF4B4B
866016967ffffff,1,185,13.0998399,77.5887535,"3rd A Cross Road, East Colony, Yelahanka, Bengaluru, Karnataka. Pin-560064 (India)",6,43,10.0,185.0,critical,#FF4B4B
866016967ffffff,2,262,13.0716267,77.58825,"Sahakar Nagar Road, Olivia, Raintree Boulevard, Byatarayanapura, Bengaluru, Karnataka. Pin-560092 (India)",0,76,10.0,262.0,critical,#FF4B4B
866016967ffffff,2,262,13.0716267,77.58825,"Sahakar Nagar Road, Olivia, Raintree Boulevard, Byatarayanapura, Bengaluru, Karnataka. Pin-560092 (India)",1,1,10.0,262.0,critical,#FF4B4B
866016967ffffff,2,262,13.0716267,77.58825,"Sahakar Nagar Road, Olivia, Raintree Boulevard, Byatarayanapura, Bengaluru, Karnataka. Pin-560092 (India)",2,3,10.0,262.0,critical,#FF4B4B
866016967ffffff,2,262,13.0716267,77.58825,"Sahakar Nagar Road, Olivia, Raintree Boulevard, Byatarayanapura, Bengaluru, Karnataka. Pin-560092 (India)",3,69,10.0,262.0,critical,#FF4B4B
866016967ffffff,2,262,13.0716267,77.58825,"Sahakar Nagar Road, Olivia, Raintree Boulevard, Byatarayanapura, Bengaluru, Karnataka. Pin-560092 (India)",4,4,10.0,262.0,critical,#FF4B4B
866016967ffffff,2,262,13.0716267,77.58825,"Sahakar Nagar Road, Olivia, Raintree Boulevard, Byatarayanapura, Bengaluru, Karnataka. Pin-560092 (India)",5,41,10.0,262.0,critical,#FF4B4B
866016967ffffff,2,262,13.0716267,77.58825,"Sahakar Nagar Road, Olivia, Raintree Boulevard, Byatarayanapura, Bengaluru, Karnataka. Pin-560092 (India)",6,68,10.0,262.0,critical,#FF4B4B
866016967ffffff,3,423,13.0991887,77.5770716,"Yelahanka New Town Main Road, 1st Stage, Yelahanka New Town, Bengaluru, Karnataka. Pin-560064 (India)",0,119,10.0,423.0,critical,#FF4B4B
866016967ffffff,3,423,13.0991887,77.5770716,"Yelahanka New Town Main Road, 1st Stage, Yelahanka New Town, Bengaluru, Karnataka. Pin-560064 (India)",1,21,10.0,423.0,critical,#FF4B4B
866016967ffffff,3,423,13.0991887,77.5770716,"Yelahanka New Town Main Road, 1st Stage, Yelahanka New Town, Bengaluru, Karnataka. Pin-560064 (India)",2,31,10.0,423.0,critical,#FF4B4B
866016967ffffff,3,423,13.0991887,77.5770716,"Yelahanka New Town Main Road, 1st Stage, Yelahanka New Town, Bengaluru, Karnataka. Pin-560064 (India)",3,20,10.0,423.0,critical,#FF4B4B
866016967ffffff,3,423,13.0991887,77.5770716,"Yelahanka New Town Main Road, 1st Stage, Yelahanka New Town, Bengaluru, Karnataka. Pin-560064 (India)",4,48,10.0,423.0,critical,#FF4B4B
866016967ffffff,3,423,13.0991887,77.5770716,"Yelahanka New Town Main Road, 1st Stage, Yelahanka New Town, Bengaluru, Karnataka. Pin-560064 (India)",5,37,10.0,423.0,critical,#FF4B4B
866016967ffffff,3,423,13.0991887,77.5770716,"Yelahanka New Town Main Road, 1st Stage, Yelahanka New Town, Bengaluru, Karnataka. Pin-560064 (India)",6,147,10.0,423.0,critical,#FF4B4B
866016967ffffff,4,539,13.0714214,77.5881064,"Sahakar Nagar Road, Fortune Acacia, Byatarayanapura, Bengaluru, Karnataka. Pin-560092 (India)",0,87,10.0,539.0,critical,#FF4B4B
866016967ffffff,4,539,13.0714214,77.5881064,"Sahakar Nagar Road, Fortune Acacia, Byatarayanapura, Bengaluru, Karnataka. Pin-560092 (India)",1,48,10.0,539.0,critical,#FF4B4B
866016967ffffff,4,539,13.0714214,77.5881064,"Sahakar Nagar Road, Fortune Acacia, Byatarayanapura, Bengaluru, Karnataka. Pin-560092 (India)",2,68,10.0,539.0,critical,#FF4B4B
866016967ffffff,4,539,13.0714214,77.5881064,"Sahakar Nagar Road, Fortune Acacia, Byatarayanapura, Bengaluru, Karnataka. Pin-560092 (India)",3,51,10.0,539.0,critical,#FF4B4B
866016967ffffff,4,539,13.0714214,77.5881064,"Sahakar Nagar Road, Fortune Acacia, Byatarayanapura, Bengaluru, Karnataka. Pin-560092 (India)",4,57,10.0,539.0,critical,#FF4B4B
866016967ffffff,4,539,13.0714214,77.5881064,"Sahakar Nagar Road, Fortune Acacia, Byatarayanapura, Bengaluru, Karnataka. Pin-560092 (India)",5,110,10.0,539.0,critical,#FF4B4B
866016967ffffff,4,539,13.0714214,77.5881064,"Sahakar Nagar Road, Fortune Acacia, Byatarayanapura, Bengaluru, Karnataka. Pin-560092 (India)",6,118,10.0,539.0,critical,#FF4B4B
866016967ffffff,5,1083,13.0665088,77.5702131,"Kodigehalli Road, Virupakshapura, Bengaluru, Karnataka. Pin-560097 (India)",0,183,10.0,1083.0,critical,#FF4B4B
866016967ffffff,5,1083,13.0665088,77.5702131,"Kodigehalli Road, Virupakshapura, Bengaluru, Karnataka. Pin-560097 (India)",1,102,10.0,1083.0,critical,#FF4B4B
866016967ffffff,5,1083,13.0665088,77.5702131,"Kodigehalli Road, Virupakshapura, Bengaluru, Karnataka. Pin-560097 (India)",2,235,10.0,1083.0,critical,#FF4B4B
866016967ffffff,5,1083,13.0665088,77.5702131,"Kodigehalli Road, Virupakshapura, Bengaluru, Karnataka. Pin-560097 (India)",3,127,10.0,1083.0,critical,#FF4B4B
866016967ffffff,5,1083,13.0665088,77.5702131,"Kodigehalli Road, Virupakshapura, Bengaluru, Karnataka. Pin-560097 (India)",4,170,10.0,1083.0,critical,#FF4B4B
866016967ffffff,5,1083,13.0665088,77.5702131,"Kodigehalli Road, Virupakshapura, Bengaluru, Karnataka. Pin-560097 (India)",5,92,10.0,1083.0,critical,#FF4B4B
866016967ffffff,5,1083,13.0665088,77.5702131,"Kodigehalli Road, Virupakshapura, Bengaluru, Karnataka. Pin-560097 (India)",6,174,10.0,1083.0,critical,#FF4B4B
866016967ffffff,6,1092,13.0938783,77.5942267,"Allalasandra Main Road, Taralabalu Enclave, Yelahanka, Bengaluru, Karnataka. Pin-560064 (India)",0,176,10.0,1092.0,critical,#FF4B4B
866016967ffffff,6,1092,13.0938783,77.5942267,"Allalasandra Main Road, Taralabalu Enclave, Yelahanka, Bengaluru, Karnataka. Pin-560064 (India)",1,67,10.0,1092.0,critical,#FF4B4B
866016967ffffff,6,1092,13.0938783,77.5942267,"Allalasandra Main Road, Taralabalu Enclave, Yelahanka, Bengaluru, Karnataka. Pin-560064 (India)",2,139,10.0,1092.0,critical,#FF4B4B
866016967ffffff,6,1092,13.0938783,77.5942267,"Allalasandra Main Road, Taralabalu Enclave, Yelahanka, Bengaluru, Karnataka. Pin-560064 (India)",3,155,10.0,1092.0,critical,#FF4B4B
866016967ffffff,6,1092,13.0938783,77.5942267,"Allalasandra Main Road, Taralabalu Enclave, Yelahanka, Bengaluru, Karnataka. Pin-560064 (India)",4,187,10.0,1092.0,critical,#FF4B4B
866016967ffffff,6,1092,13.0938783,77.5942267,"Allalasandra Main Road, Taralabalu Enclave, Yelahanka, Bengaluru, Karnataka. Pin-560064 (India)",5,235,10.0,1092.0,critical,#FF4B4B
866016967ffffff,6,1092,13.0938783,77.5942267,"Allalasandra Main Road, Taralabalu Enclave, Yelahanka, Bengaluru, Karnataka. Pin-560064 (India)",6,133,10.0,1092.0,critical,#FF4B4B
866016967ffffff,7,397,13.0780677,77.5589615,"2nd Cross Road, HMT Layout, Vidyaranyapura, Bengaluru, Karnataka. Pin-560097 (India)",0,115,10.0,397.0,critical,#FF4B4B
866016967ffffff,7,397,13.0780677,77.5589615,"2nd Cross Road, HMT Layout, Vidyaranyapura, Bengaluru, Karnataka. Pin-560097 (India)",1,46,10.0,397.0,critical,#FF4B4B
866016967ffffff,7,397,13.0780677,77.5589615,"2nd Cross Road, HMT Layout, Vidyaranyapura, Bengaluru, Karnataka. Pin-560097 (India)",2,39,10.0,397.0,critical,#FF4B4B
866016967ffffff,7,397,13.0780677,77.5589615,"2nd Cross Road, HMT Layout, Vidyaranyapura, Bengaluru, Karnataka. Pin-560097 (India)",3,52,10.0,397.0,critical,#FF4B4B
866016967ffffff,7,397,13.0780677,77.5589615,"2nd Cross Road, HMT Layout, Vidyaranyapura, Bengaluru, Karnataka. Pin-560097 (India)",4,51,10.0,397.0,critical,#FF4B4B
866016967ffffff,7,397,13.0780677,77.5589615,"2nd Cross Road, HMT Layout, Vidyaranyapura, Bengaluru, Karnataka. Pin-560097 (India)",5,65,10.0,397.0,critical,#FF4B4B
866016967ffffff,7,397,13.0780677,77.5589615,"2nd Cross Road, HMT Layout, Vidyaranyapura, Bengaluru, Karnataka. Pin-560097 (India)",6,29,10.0,397.0,critical,#FF4B4B
866016967ffffff,8,170,13.0712133,77.5878867,"Sahakar Nagar Road, Fortune Acacia, Byatarayanapura, Bengaluru, Karnataka. Pin-560092 (India)",0,25,10.0,170.0,critical,#FF4B4B
866016967ffffff,8,170,13.0712133,77.5878867,"Sahakar Nagar Road, Fortune Acacia, Byatarayanapura, Bengaluru, Karnataka. Pin-560092 (India)",1,29,10.0,170.0,critical,#FF4B4B
866016967ffffff,8,170,13.0712133,77.5878867,"Sahakar Nagar Road, Fortune Acacia, Byatarayanapura, Bengaluru, Karnataka. Pin-560092 (India)",2,10,10.0,170.0,critical,#FF4B4B
866016967ffffff,8,170,13.0712133,77.5878867,"Sahakar Nagar Road, Fortune Acacia, Byatarayanapura, Bengaluru, Karnataka. Pin-560092 (India)",4,29,10.0,170.0,critical,#FF4B4B
866016967ffffff,8,170,13.0712133,77.5878867,"Sahakar Nagar Road, Fortune Acacia, Byatarayanapura, Bengaluru, Karnataka. Pin-560092 (India)",5,45,10.0,170.0,critical,#FF4B4B
866016967ffffff,8,170,13.0712133,77.5878867,"Sahakar Nagar Road, Fortune Acacia, Byatarayanapura, Bengaluru, Karnataka. Pin-560092 (India)",6,32,10.0,170.0,critical,#FF4B4B
866016967ffffff,9,39,13.0804084,77.558415,"16th Cross Road, Block 5, HMT Layout, Vidyaranyapura, Bengaluru, Karnataka. Pin-560097 (India)",0,31,2.58,10.06,critical,#FF4B4B
866016967ffffff,9,39,13.0804084,77.558415,"16th Cross Road, Block 5, HMT Layout, Vidyaranyapura, Bengaluru, Karnataka. Pin-560097 (India)",1,3,10.0,39.0,critical,#FF4B4B
866016967ffffff,9,39,13.0804084,77.558415,"16th Cross Road, Block 5, HMT Layout, Vidyaranyapura, Bengaluru, Karnataka. Pin-560097 (India)",4,1,10.0,39.0,critical,#FF4B4B
866016967ffffff,9,39,13.0804084,77.558415,"16th Cross Road, Block 5, HMT Layout, Vidyaranyapura, Bengaluru, Karnataka. Pin-560097 (India)",5,2,10.0,39.0,critical,#FF4B4B
866016967ffffff,9,39,13.0804084,77.558415,"16th Cross Road, Block 5, HMT Layout, Vidyaranyapura, Bengaluru, Karnataka. Pin-560097 (India)",6,2,10.0,39.0,critical,#FF4B4B
866016967ffffff,11,3,13.071745,77.5881683,"Sahakar Nagar Road, Fortuna Acacia, Byatarayanapura, Bengaluru, Karnataka. Pin-560092 (India)",0,3,0.0,0.0,green,#00CC66
866016967ffffff,18,7,13.0977661,77.5991005,"Jakkur Main Road, Raitarasanthe, Nehru Nagar, Bengaluru, Karnataka. Pin-560064 (India)",1,2,10.0,7.0,critical,#FF4B4B
866016967ffffff,18,7,13.0977661,77.5991005,"Jakkur Main Road, Raitarasanthe, Nehru Nagar, Bengaluru, Karnataka. Pin-560064 (India)",2,1,10.0,7.0,critical,#FF4B4B
866016967ffffff,18,7,13.0977661,77.5991005,"Jakkur Main Road, Raitarasanthe, Nehru Nagar, Bengaluru, Karnataka. Pin-560064 (India)",4,1,10.0,7.0,critical,#FF4B4B
866016967ffffff,18,7,13.0977661,77.5991005,"Jakkur Main Road, Raitarasanthe, Nehru Nagar, Bengaluru, Karnataka. Pin-560064 (India)",6,3,10.0,7.0,critical,#FF4B4B
866016967ffffff,19,188,13.09605,77.6002584,"Jakkur Main Road, Century Breeze, Nehru Nagar, Bengaluru, Karnataka. Pin-560064 (India)",1,47,10.0,188.0,critical,#FF4B4B
866016967ffffff,19,188,13.09605,77.6002584,"Jakkur Main Road, Century Breeze, Nehru Nagar, Bengaluru, Karnataka. Pin-560064 (India)",2,43,10.0,188.0,critical,#FF4B4B
866016967ffffff,19,188,13.09605,77.6002584,"Jakkur Main Road, Century Breeze, Nehru Nagar, Bengaluru, Karnataka. Pin-560064 (India)",3,33,10.0,188.0,critical,#FF4B4B
866016967ffffff,19,188,13.09605,77.6002584,"Jakkur Main Road, Century Breeze, Nehru Nagar, Bengaluru, Karnataka. Pin-560064 (India)",4,16,10.0,188.0,critical,#FF4B4B
866016967ffffff,19,188,13.09605,77.6002584,"Jakkur Main Road, Century Breeze, Nehru Nagar, Bengaluru, Karnataka. Pin-560064 (India)",5,16,10.0,188.0,critical,#FF4B4B
866016967ffffff,19,188,13.09605,77.6002584,"Jakkur Main Road, Century Breeze, Nehru Nagar, Bengaluru, Karnataka. Pin-560064 (India)",6,33,10.0,188.0,critical,#FF4B4B
866016967ffffff,20,287,13.0971097,77.5988941,"Bellary Road, Raitarasanthe, Nehru Nagar, Bengaluru, Karnataka. Pin-560064 (India)",0,24,10.0,287.0,critical,#FF4B4B
866016967ffffff,20,287,13.0971097,77.5988941,"Bellary Road, Raitarasanthe, Nehru Nagar, Bengaluru, Karnataka. Pin-560064 (India)",1,124,10.0,287.0,critical,#FF4B4B
866016967ffffff,20,287,13.0971097,77.5988941,"Bellary Road, Raitarasanthe, Nehru Nagar, Bengaluru, Karnataka. Pin-560064 (India)",2,38,10.0,287.0,critical,#FF4B4B
866016967ffffff,20,287,13.0971097,77.5988941,"Bellary Road, Raitarasanthe, Nehru Nagar, Bengaluru, Karnataka. Pin-560064 (India)",3,24,10.0,287.0,critical,#FF4B4B
866016967ffffff,20,287,13.0971097,77.5988941,"Bellary Road, Raitarasanthe, Nehru Nagar, Bengaluru, Karnataka. Pin-560064 (India)",4,18,10.0,287.0,critical,#FF4B4B
866016967ffffff,20,287,13.0971097,77.5988941,"Bellary Road, Raitarasanthe, Nehru Nagar, Bengaluru, Karnataka. Pin-560064 (India)",5,24,10.0,287.0,critical,#FF4B4B
866016967ffffff,20,287,13.0971097,77.5988941,"Bellary Road, Raitarasanthe, Nehru Nagar, Bengaluru, Karnataka. Pin-560064 (India)",6,35,10.0,287.0,critical,#FF4B4B
866016967ffffff,21,363,13.0970187,77.5996457,"Jakkur Main Road, Raitarasanthe, Nehru Nagar, Bengaluru, Karnataka. Pin-560064 (India)",0,31,10.0,363.0,critical,#FF4B4B
866016967ffffff,21,363,13.0970187,77.5996457,"Jakkur Main Road, Raitarasanthe, Nehru Nagar, Bengaluru, Karnataka. Pin-560064 (India)",1,38,10.0,363.0,critical,#FF4B4B
866016967ffffff,21,363,13.0970187,77.5996457,"Jakkur Main Road, Raitarasanthe, Nehru Nagar, Bengaluru, Karnataka. Pin-560064 (India)",2,64,10.0,363.0,critical,#FF4B4B
866016967ffffff,21,363,13.0970187,77.5996457,"Jakkur Main Road, Raitarasanthe, Nehru Nagar, Bengaluru, Karnataka. Pin-560064 (India)",3,67,10.0,363.0,critical,#FF4B4B
866016967ffffff,21,363,13.0970187,77.5996457,"Jakkur Main Road, Raitarasanthe, Nehru Nagar, Bengaluru, Karnataka. Pin-560064 (India)",4,62,10.0,363.0,critical,#FF4B4B
866016967ffffff,21,363,13.0970187,77.5996457,"Jakkur Main Road, Raitarasanthe, Nehru Nagar, Bengaluru, Karnataka. Pin-560064 (India)",5,60,10.0,363.0,critical,#FF4B4B
866016967ffffff,21,363,13.0970187,77.5996457,"Jakkur Main Road, Raitarasanthe, Nehru Nagar, Bengaluru, Karnataka. Pin-560064 (India)",6,41,10.0,363.0,critical,#FF4B4B
866016967ffffff,22,254,13.097112,77.5989188,"Bellary Road, Raitarasanthe, Nehru Nagar, Bengaluru, Karnataka. Pin-560064 (India)",0,20,10.0,254.0,critical,#FF4B4B
866016967ffffff,22,254,13.097112,77.5989188,"Bellary Road, Raitarasanthe, Nehru Nagar, Bengaluru, Karnataka. Pin-560064 (India)",1,19,10.0,254.0,critical,#FF4B4B
866016967ffffff,22,254,13.097112,77.5989188,"Bellary Road, Raitarasanthe, Nehru Nagar, Bengaluru, Karnataka. Pin-560064 (India)",2,57,10.0,254.0,critical,#FF4B4B
866016967ffffff,22,254,13.097112,77.5989188,"Bellary Road, Raitarasanthe, Nehru Nagar, Bengaluru, Karnataka. Pin-560064 (India)",3,49,10.0,254.0,critical,#FF4B4B
866016967ffffff,22,254,13.097112,77.5989188,"Bellary Road, Raitarasanthe, Nehru Nagar, Bengaluru, Karnataka. Pin-560064 (India)",4,38,10.0,254.0,critical,#FF4B4B
866016967ffffff,22,254,13.097112,77.5989188,"Bellary Road, Raitarasanthe, Nehru Nagar, Bengaluru, Karnataka. Pin-560064 (India)",5,44,10.0,254.0,critical,#FF4B4B
866016967ffffff,22,254,13.097112,77.5989188,"Bellary Road, Raitarasanthe, Nehru Nagar, Bengaluru, Karnataka. Pin-560064 (India)",6,27,10.0,254.0,critical,#FF4B4B
866016967ffffff,23,282,13.0709864,77.5876766,"Sahakar Nagar Road, Fortuna Acacia, Byatarayanapura, Bengaluru, Karnataka. Pin-560092 (India)",0,61,10.0,282.0,critical,#FF4B4B
866016967ffffff,23,282,13.0709864,77.5876766,"Sahakar Nagar Road, Fortuna Acacia, Byatarayanapura, Bengaluru, Karnataka. Pin-560092 (India)",1,15,10.0,282.0,critical,#FF4B4B
866016967ffffff,23,282,13.0709864,77.5876766,"Sahakar Nagar Road, Fortuna Acacia, Byatarayanapura, Bengaluru, Karnataka. Pin-560092 (India)",2,50,10.0,282.0,critical,#FF4B4B
866016967ffffff,23,282,13.0709864,77.5876766,"Sahakar Nagar Road, Fortuna Acacia, Byatarayanapura, Bengaluru, Karnataka. Pin-560092 (India)",3,42,10.0,282.0,critical,#FF4B4B
866016967ffffff,23,282,13.0709864,77.5876766,"Sahakar Nagar Road, Fortuna Acacia, Byatarayanapura, Bengaluru, Karnataka. Pin-560092 (India)",4,40,10.0,282.0,critical,#FF4B4B
866016967ffffff,23,282,13.0709864,77.5876766,"Sahakar Nagar Road, Fortuna Acacia, Byatarayanapura, Bengaluru, Karnataka. Pin-560092 (India)",5,17,10.0,282.0,critical,#FF4B4B
866016967ffffff,23,282,13.0709864,77.5876766,"Sahakar Nagar Road, Fortuna Acacia, Byatarayanapura, Bengaluru, Karnataka. Pin-560092 (India)",6,57,10.0,282.0,critical,#FF4B4B
86601696fffffff,0,6,13.07247,77.5032292,"Hesaraghatta Main Road, Janapriya Nivas, Chikkasandra, Bengaluru, Karnataka. Pin-560090 (India)",3,6,0.0,0.0,green,#00CC66
86601696fffffff,6,2,13.0882399,77.494954,"Hesaraghatta Main Road, Sri Nandi Nagar, Chikkabanavara, Bengaluru, Karnataka. Pin-560090 (India)",2,1,10.0,2.0,green,#00CC66
86601696fffffff,6,2,13.0882399,77.494954,"Hesaraghatta Main Road, Sri Nandi Nagar, Chikkabanavara, Bengaluru, Karnataka. Pin-560090 (India)",4,1,10.0,2.0,green,#00CC66
86601696fffffff,7,4,13.0709088,77.5039242,"Hesaraghatta Main Road, Marison Layout, Chikkasandra, Bengaluru, Karnataka. Pin-560090 (India)",0,2,10.0,4.0,monitor,#FFA500
86601696fffffff,7,4,13.0709088,77.5039242,"Hesaraghatta Main Road, Marison Layout, Chikkasandra, Bengaluru, Karnataka. Pin-560090 (India)",1,1,10.0,4.0,monitor,#FFA500
86601696fffffff,7,4,13.0709088,77.5039242,"Hesaraghatta Main Road, Marison Layout, Chikkasandra, Bengaluru, Karnataka. Pin-560090 (India)",5,1,10.0,4.0,monitor,#FFA500
86601696fffffff,20,2,13.0797575,77.5021421,"Hesaraghatta Main Road, Sri M Vishveshwaraiah Layout, Chikkabanavara, Bengaluru, Karnataka. Pin-560090 (India)",3,2,0.0,0.0,green,#00CC66
86601696fffffff,21,4,13.0797,77.5033583,"1st Cross Road, Chikkabanavara, Bengaluru, Karnataka. Pin-560090 (India)",0,1,10.0,4.0,monitor,#FFA500
86601696fffffff,21,4,13.0797,77.5033583,"1st Cross Road, Chikkabanavara, Bengaluru, Karnataka. Pin-560090 (India)",2,1,10.0,4.0,monitor,#FFA500
86601696fffffff,21,4,13.0797,77.5033583,"1st Cross Road, Chikkabanavara, Bengaluru, Karnataka. Pin-560090 (India)",3,1,10.0,4.0,monitor,#FFA500
86601696fffffff,21,4,13.0797,77.5033583,"1st Cross Road, Chikkabanavara, Bengaluru, Karnataka. Pin-560090 (India)",6,1,10.0,4.0,monitor,#FFA500
86601696fffffff,23,6,13.0724886,77.5031964,"Hesaraghatta Main Road, Janapriya Nivas, Chikkasandra, Bengaluru, Karnataka. Pin-560090 (India)",5,6,0.0,0.0,green,#00CC66
866016977ffffff,0,1,13.1505784,77.6197366,"Bengaluru Bellary Road, Hunsemarrenhalli Junction, Hunasamaranahalli, Bengaluru, Karnataka. Pin-562157 (India)",1,1,0.0,0.0,green,#00CC66
866016977ffffff,1,2,13.1222033,77.6105967,"Bellary Road, Bagalur Cross Junction, Kattigenahalli, Bengaluru, Karnataka. Pin-560063 (India)",2,2,0.0,0.0,green,#00CC66
866016977ffffff,2,38,13.1606247,77.5955997,"Telecom Layout Road, Phase 2A, After The Rain, Bettahalasur, Bengaluru, Karnataka. Pin-562157 (India)",0,1,10.0,38.0,critical,#FF4B4B
866016977ffffff,2,38,13.1606247,77.5955997,"Telecom Layout Road, Phase 2A, After The Rain, Bettahalasur, Bengaluru, Karnataka. Pin-562157 (India)",1,27,4.07,15.47,critical,#FF4B4B
866016977ffffff,2,38,13.1606247,77.5955997,"Telecom Layout Road, Phase 2A, After The Rain, Bettahalasur, Bengaluru, Karnataka. Pin-562157 (India)",2,2,10.0,38.0,critical,#FF4B4B
866016977ffffff,2,38,13.1606247,77.5955997,"Telecom Layout Road, Phase 2A, After The Rain, Bettahalasur, Bengaluru, Karnataka. Pin-562157 (India)",3,1,10.0,38.0,critical,#FF4B4B
866016977ffffff,2,38,13.1606247,77.5955997,"Telecom Layout Road, Phase 2A, After The Rain, Bettahalasur, Bengaluru, Karnataka. Pin-562157 (India)",4,2,10.0,38.0,critical,#FF4B4B
866016977ffffff,2,38,13.1606247,77.5955997,"Telecom Layout Road, Phase 2A, After The Rain, Bettahalasur, Bengaluru, Karnataka. Pin-562157 (India)",5,4,10.0,38.0,critical,#FF4B4B
866016977ffffff,2,38,13.1606247,77.5955997,"Telecom Layout Road, Phase 2A, After The Rain, Bettahalasur, Bengaluru, Karnataka. Pin-562157 (India)",6,1,10.0,38.0,critical,#FF4B4B
866016977ffffff,3,6,13.1221445,77.611146,"Bellary Road, Bagalur Cross Junction, Kattigenahalli, Bengaluru, Karnataka. Pin-560063 (India)",2,1,10.0,6.0,monitor,#FFA500
866016977ffffff,3,6,13.1221445,77.611146,"Bellary Road, Bagalur Cross Junction, Kattigenahalli, Bengaluru, Karnataka. Pin-560063 (India)",3,1,10.0,6.0,monitor,#FFA500
866016977ffffff,3,6,13.1221445,77.611146,"Bellary Road, Bagalur Cross Junction, Kattigenahalli, Bengaluru, Karnataka. Pin-560063 (India)",5,3,10.0,6.0,monitor,#FFA500
866016977ffffff,3,6,13.1221445,77.611146,"Bellary Road, Bagalur Cross Junction, Kattigenahalli, Bengaluru, Karnataka. Pin-560063 (India)",6,1,10.0,6.0,monitor,#FFA500
866016977ffffff,4,7,13.1608697,77.5956738,"Bettahalasuru, Kuduregere, Yelahanka taluku, Bengaluru Urban, Karnataka, 562157, India",0,1,10.0,7.0,critical,#FF4B4B
866016977ffffff,4,7,13.1608697,77.5956738,"Bettahalasuru, Kuduregere, Yelahanka taluku, Bengaluru Urban, Karnataka, 562157, India",1,1,10.0,7.0,critical,#FF4B4B
866016977ffffff,4,7,13.1608697,77.5956738,"Bettahalasuru, Kuduregere, Yelahanka taluku, Bengaluru Urban, Karnataka, 562157, India",2,1,10.0,7.0,critical,#FF4B4B
866016977ffffff,4,7,13.1608697,77.5956738,"Bettahalasuru, Kuduregere, Yelahanka taluku, Bengaluru Urban, Karnataka, 562157, India",3,4,7.5,5.25,monitor,#FFA500
866016977ffffff,5,27,13.1605142,77.5956763,"Sir MVIT College Road, Phase 2A, After The Rain, Bettahalasur, Bengaluru, Karnataka. Pin-562157 (India)",2,4,10.0,27.0,critical,#FF4B4B
866016977ffffff,5,27,13.1605142,77.5956763,"Sir MVIT College Road, Phase 2A, After The Rain, Bettahalasur, Bengaluru, Karnataka. Pin-562157 (India)",3,5,10.0,27.0,critical,#FF4B4B
866016977ffffff,5,27,13.1605142,77.5956763,"Sir MVIT College Road, Phase 2A, After The Rain, Bettahalasur, Bengaluru, Karnataka. Pin-562157 (India)",4,1,10.0,27.0,critical,#FF4B4B
866016977ffffff,5,27,13.1605142,77.5956763,"Sir MVIT College Road, Phase 2A, After The Rain, Bettahalasur, Bengaluru, Karnataka. Pin-562157 (India)",5,17,5.88,15.88,critical,#FF4B4B
866016977ffffff,6,16,13.1219646,77.6106349,"Bellary Road, Bagalur Cross Junction, Kattigenahalli, Bengaluru, Karnataka. Pin-560063 (India)",0,1,10.0,16.0,critical,#FF4B4B
866016977ffffff,6,16,13.1219646,77.6106349,"Bellary Road, Bagalur Cross Junction, Kattigenahalli, Bengaluru, Karnataka. Pin-560063 (India)",1,2,10.0,16.0,critical,#FF4B4B
866016977ffffff,6,16,13.1219646,77.6106349,"Bellary Road, Bagalur Cross Junction, Kattigenahalli, Bengaluru, Karnataka. Pin-560063 (India)",2,8,10.0,16.0,critical,#FF4B4B
866016977ffffff,6,16,13.1219646,77.6106349,"Bellary Road, Bagalur Cross Junction, Kattigenahalli, Bengaluru, Karnataka. Pin-560063 (India)",3,1,10.0,16.0,critical,#FF4B4B
866016977ffffff,6,16,13.1219646,77.6106349,"Bellary Road, Bagalur Cross Junction, Kattigenahalli, Bengaluru, Karnataka. Pin-560063 (India)",5,3,10.0,16.0,critical,#FF4B4B
866016977ffffff,6,16,13.1219646,77.6106349,"Bellary Road, Bagalur Cross Junction, Kattigenahalli, Bengaluru, Karnataka. Pin-560063 (India)",6,1,10.0,16.0,critical,#FF4B4B
866016977ffffff,7,30,13.1443291,77.6178535,"Hosahalli Main Road, Hunasamaranahalli, Bengaluru, Karnataka. Pin-562157 (India)",1,12,10.0,30.0,critical,#FF4B4B
866016977ffffff,7,30,13.1443291,77.6178535,"Hosahalli Main Road, Hunasamaranahalli, Bengaluru, Karnataka. Pin-562157 (India)",2,8,10.0,30.0,critical,#FF4B4B
866016977ffffff,7,30,13.1443291,77.6178535,"Hosahalli Main Road, Hunasamaranahalli, Bengaluru, Karnataka. Pin-562157 (India)",3,4,10.0,30.0,critical,#FF4B4B
866016977ffffff,7,30,13.1443291,77.6178535,"Hosahalli Main Road, Hunasamaranahalli, Bengaluru, Karnataka. Pin-562157 (India)",4,4,10.0,30.0,critical,#FF4B4B
866016977ffffff,7,30,13.1443291,77.6178535,"Hosahalli Main Road, Hunasamaranahalli, Bengaluru, Karnataka. Pin-562157 (India)",5,1,10.0,30.0,critical,#FF4B4B
866016977ffffff,7,30,13.1443291,77.6178535,"Hosahalli Main Road, Hunasamaranahalli, Bengaluru, Karnataka. Pin-562157 (India)",6,1,10.0,30.0,critical,#FF4B4B
866016977ffffff,8,14,13.13860532,77.6214106,"Unnamed Road, Bharthi Nagar, Hunasamaranahalli, Bengaluru, Karnataka. Pin-562157 (India)",1,6,10.0,14.0,critical,#FF4B4B
866016977ffffff,8,14,13.13860532,77.6214106,"Unnamed Road, Bharthi Nagar, Hunasamaranahalli, Bengaluru, Karnataka. Pin-562157 (India)",2,5,10.0,14.0,critical,#FF4B4B
866016977ffffff,8,14,13.13860532,77.6214106,"Unnamed Road, Bharthi Nagar, Hunasamaranahalli, Bengaluru, Karnataka. Pin-562157 (India)",4,2,10.0,14.0,critical,#FF4B4B
866016977ffffff,8,14,13.13860532,77.6214106,"Unnamed Road, Bharthi Nagar, Hunasamaranahalli, Bengaluru, Karnataka. Pin-562157 (India)",6,1,10.0,14.0,critical,#FF4B4B
866016977ffffff,9,10,13.1399469,77.6177242,"Bengaluru Bellary Road, Bharthi Nagar, Hunasamaranahalli, Bengaluru, Karnataka. Pin-562157 (India)",1,1,10.0,10.0,critical,#FF4B4B
866016977ffffff,9,10,13.1399469,77.6177242,"Bengaluru Bellary Road, Bharthi Nagar, Hunasamaranahalli, Bengaluru, Karnataka. Pin-562157 (India)",2,1,10.0,10.0,critical,#FF4B4B
866016977ffffff,9,10,13.1399469,77.6177242,"Bengaluru Bellary Road, Bharthi Nagar, Hunasamaranahalli, Bengaluru, Karnataka. Pin-562157 (India)",4,8,2.5,2.5,green,#00CC66
866016977ffffff,10,2,13.1698367,77.6023667,"Ramagiri Cross Road, RK Silicon Valley, Bettahalasur, Bengaluru, Karnataka. Pin-562157 (India)",6,2,0.0,0.0,green,#00CC66
866016977ffffff,19,46,13.1407541,77.6177425,"Bengaluru Bellary Road, Hunasamaranahalli, Bengaluru, Karnataka. Pin-562157 (India)",0,1,10.0,46.0,critical,#FF4B4B
866016977ffffff,19,46,13.1407541,77.6177425,"Bengaluru Bellary Road, Hunasamaranahalli, Bengaluru, Karnataka. Pin-562157 (India)",1,15,10.0,46.0,critical,#FF4B4B
866016977ffffff,19,46,13.1407541,77.6177425,"Bengaluru Bellary Road, Hunasamaranahalli, Bengaluru, Karnataka. Pin-562157 (India)",4,16,10.0,46.0,critical,#FF4B4B
866016977ffffff,19,46,13.1407541,77.6177425,"Bengaluru Bellary Road, Hunasamaranahalli, Bengaluru, Karnataka. Pin-562157 (India)",6,14,10.0,46.0,critical,#FF4B4B
866016977ffffff,20,31,13.1503963,77.6184533,"Bengaluru Bellary Road, Mahaveer Celesse, Hunasamaranahalli, Bengaluru, Karnataka. Pin-562157 (India)",0,8,10.0,31.0,critical,#FF4B4B
866016977ffffff,20,31,13.1503963,77.6184533,"Bengaluru Bellary Road, Mahaveer Celesse, Hunasamaranahalli, Bengaluru, Karnataka. Pin-562157 (India)",1,18,7.22,22.38,critical,#FF4B4B
866016977ffffff,20,31,13.1503963,77.6184533,"Bengaluru Bellary Road, Mahaveer Celesse, Hunasamaranahalli, Bengaluru, Karnataka. Pin-562157 (India)",2,3,10.0,31.0,critical,#FF4B4B
866016977ffffff,20,31,13.1503963,77.6184533,"Bengaluru Bellary Road, Mahaveer Celesse, Hunasamaranahalli, Bengaluru, Karnataka. Pin-562157 (India)",4,2,10.0,31.0,critical,#FF4B4B
866016977ffffff,21,62,13.1608466,77.5956993,"Telecom Layout Road, Phase 2A, After The Rain, Bettahalasur, Bengaluru, Karnataka. Pin-562157 (India)",0,8,10.0,62.0,critical,#FF4B4B
866016977ffffff,21,62,13.1608466,77.5956993,"Telecom Layout Road, Phase 2A, After The Rain, Bettahalasur, Bengaluru, Karnataka. Pin-562157 (India)",1,1,10.0,62.0,critical,#FF4B4B
866016977ffffff,21,62,13.1608466,77.5956993,"Telecom Layout Road, Phase 2A, After The Rain, Bettahalasur, Bengaluru, Karnataka. Pin-562157 (India)",2,30,10.0,62.0,critical,#FF4B4B
866016977ffffff,21,62,13.1608466,77.5956993,"Telecom Layout Road, Phase 2A, After The Rain, Bettahalasur, Bengaluru, Karnataka. Pin-562157 (India)",3,4,10.0,62.0,critical,#FF4B4B
866016977ffffff,21,62,13.1608466,77.5956993,"Telecom Layout Road, Phase 2A, After The Rain, Bettahalasur, Bengaluru, Karnataka. Pin-562157 (India)",4,12,10.0,62.0,critical,#FF4B4B
866016977ffffff,21,62,13.1608466,77.5956993,"Telecom Layout Road, Phase 2A, After The Rain, Bettahalasur, Bengaluru, Karnataka. Pin-562157 (India)",5,5,10.0,62.0,critical,#FF4B4B
866016977ffffff,21,62,13.1608466,77.5956993,"Telecom Layout Road, Phase 2A, After The Rain, Bettahalasur, Bengaluru, Karnataka. Pin-562157 (India)",6,2,10.0,62.0,critical,#FF4B4B
866016977ffffff,22,57,13.1217831,77.6112543,"Bagaluru Main Road, Bagalur Cross Junction, Kattigenahalli, Bengaluru, Karnataka. Pin-560063 (India)",1,10,10.0,57.0,critical,#FF4B4B
866016977ffffff,22,57,13.1217831,77.6112543,"Bagaluru Main Road, Bagalur Cross Junction, Kattigenahalli, Bengaluru, Karnataka. Pin-560063 (India)",2,1,10.0,57.0,critical,#FF4B4B
866016977ffffff,22,57,13.1217831,77.6112543,"Bagaluru Main Road, Bagalur Cross Junction, Kattigenahalli, Bengaluru, Karnataka. Pin-560063 (India)",4,33,7.27,41.44,critical,#FF4B4B
866016977ffffff,22,57,13.1217831,77.6112543,"Bagaluru Main Road, Bagalur Cross Junction, Kattigenahalli, Bengaluru, Karnataka. Pin-560063 (India)",5,12,10.0,57.0,critical,#FF4B4B
866016977ffffff,22,57,13.1217831,77.6112543,"Bagaluru Main Road, Bagalur Cross Junction, Kattigenahalli, Bengaluru, Karnataka. Pin-560063 (India)",6,1,10.0,57.0,critical,#FF4B4B
866016977ffffff,23,8,13.1442022,77.6178055,"Hosahalli Main Road, Hunasamaranahalli, Bengaluru, Karnataka. Pin-562157 (India)",0,1,10.0,8.0,critical,#FF4B4B
866016977ffffff,23,8,13.1442022,77.6178055,"Hosahalli Main Road, Hunasamaranahalli, Bengaluru, Karnataka. Pin-562157 (India)",1,3,10.0,8.0,critical,#FF4B4B
866016977ffffff,23,8,13.1442022,77.6178055,"Hosahalli Main Road, Hunasamaranahalli, Bengaluru, Karnataka. Pin-562157 (India)",5,4,10.0,8.0,critical,#FF4B4B
866189207ffffff,6,1,12.9431836,77.7506787,"Muthsandra Main Road, Surahunape, Varthur Marattahalli, Bengaluru, Karnataka. Pin-560087 (India)",4,1,0.0,0.0,green,#00CC66
866189207ffffff,21,1,12.9445675,77.7532548,"Government School Sorahunase, Mutsandra Main Road, Varthur, Bengaluru East City Corporation, Bengaluru, Bangalore East, Bengaluru Urban, Karnataka, 560087, India",1,1,0.0,0.0,green,#00CC66
86618920fffffff,0,1730,12.9377356,77.7007943,"Panathur Main Road, High Cliff, Kadubisanahalli, Bengaluru, Karnataka. Pin-560103 (India)",0,51,10.0,1730.0,critical,#FF4B4B
86618920fffffff,0,1730,12.9377356,77.7007943,"Panathur Main Road, High Cliff, Kadubisanahalli, Bengaluru, Karnataka. Pin-560103 (India)",1,276,10.0,1730.0,critical,#FF4B4B
86618920fffffff,0,1730,12.9377356,77.7007943,"Panathur Main Road, High Cliff, Kadubisanahalli, Bengaluru, Karnataka. Pin-560103 (India)",2,253,10.0,1730.0,critical,#FF4B4B
86618920fffffff,0,1730,12.9377356,77.7007943,"Panathur Main Road, High Cliff, Kadubisanahalli, Bengaluru, Karnataka. Pin-560103 (India)",3,225,10.0,1730.0,critical,#FF4B4B
86618920fffffff,0,1730,12.9377356,77.7007943,"Panathur Main Road, High Cliff, Kadubisanahalli, Bengaluru, Karnataka. Pin-560103 (India)",4,439,10.0,1730.0,critical,#FF4B4B
86618920fffffff,0,1730,12.9377356,77.7007943,"Panathur Main Road, High Cliff, Kadubisanahalli, Bengaluru, Karnataka. Pin-560103 (India)",5,381,10.0,1730.0,critical,#FF4B4B
86618920fffffff,0,1730,12.9377356,77.7007943,"Panathur Main Road, High Cliff, Kadubisanahalli, Bengaluru, Karnataka. Pin-560103 (India)",6,105,10.0,1730.0,critical,#FF4B4B
86618920fffffff,1,1136,12.9397103,77.6954773,"Kadubeesanahalli Underpass, Kadubisanahalli Junction, Kadubisanahalli, Bengaluru, Karnataka. Pin-560103 (India)",0,104,10.0,1136.0,critical,#FF4B4B
86618920fffffff,1,1136,12.9397103,77.6954773,"Kadubeesanahalli Underpass, Kadubisanahalli Junction, Kadubisanahalli, Bengaluru, Karnataka. Pin-560103 (India)",1,248,10.0,1136.0,critical,#FF4B4B
86618920fffffff,1,1136,12.9397103,77.6954773,"Kadubeesanahalli Underpass, Kadubisanahalli Junction, Kadubisanahalli, Bengaluru, Karnataka. Pin-560103 (India)",2,244,10.0,1136.0,critical,#FF4B4B
86618920fffffff,1,1136,12.9397103,77.6954773,"Kadubeesanahalli Underpass, Kadubisanahalli Junction, Kadubisanahalli, Bengaluru, Karnataka. Pin-560103 (India)",3,235,10.0,1136.0,critical,#FF4B4B
86618920fffffff,1,1136,12.9397103,77.6954773,"Kadubeesanahalli Underpass, Kadubisanahalli Junction, Kadubisanahalli, Bengaluru, Karnataka. Pin-560103 (India)",4,110,10.0,1136.0,critical,#FF4B4B
86618920fffffff,1,1136,12.9397103,77.6954773,"Kadubeesanahalli Underpass, Kadubisanahalli Junction, Kadubisanahalli, Bengaluru, Karnataka. Pin-560103 (India)",5,137,10.0,1136.0,critical,#FF4B4B
86618920fffffff,1,1136,12.9397103,77.6954773,"Kadubeesanahalli Underpass, Kadubisanahalli Junction, Kadubisanahalli, Bengaluru, Karnataka. Pin-560103 (India)",6,58,10.0,1136.0,critical,#FF4B4B
86618920fffffff,2,1678,12.9363525,77.6924106,"Outer Ring Road, Rajiv Nagar, Kadubisanahalli, Bengaluru, Karnataka. Pin-560103 (India)",0,242,10.0,1678.0,critical,#FF4B4B
86618920fffffff,2,1678,12.9363525,77.6924106,"Outer Ring Road, Rajiv Nagar, Kadubisanahalli, Bengaluru, Karnataka. Pin-560103 (India)",1,230,10.0,1678.0,critical,#FF4B4B
86618920fffffff,2,1678,12.9363525,77.6924106,"Outer Ring Road, Rajiv Nagar, Kadubisanahalli, Bengaluru, Karnataka. Pin-560103 (India)",2,303,10.0,1678.0,critical,#FF4B4B
86618920fffffff,2,1678,12.9363525,77.6924106,"Outer Ring Road, Rajiv Nagar, Kadubisanahalli, Bengaluru, Karnataka. Pin-560103 (India)",3,291,10.0,1678.0,critical,#FF4B4B
86618920fffffff,2,1678,12.9363525,77.6924106,"Outer Ring Road, Rajiv Nagar, Kadubisanahalli, Bengaluru, Karnataka. Pin-560103 (India)",4,203,10.0,1678.0,critical,#FF4B4B
86618920fffffff,2,1678,12.9363525,77.6924106,"Outer Ring Road, Rajiv Nagar, Kadubisanahalli, Bengaluru, Karnataka. Pin-560103 (India)",5,302,10.0,1678.0,critical,#FF4B4B
86618920fffffff,2,1678,12.9363525,77.6924106,"Outer Ring Road, Rajiv Nagar, Kadubisanahalli, Bengaluru, Karnataka. Pin-560103 (India)",6,107,10.0,1678.0,critical,#FF4B4B
86618920fffffff,3,1709,12.9337428,77.6908206,"New Horizon College Road, New Horizon College of Engineering, Kadubisanahalli, Bengaluru, Karnataka. Pin-560103 (India)",0,131,10.0,1709.0,critical,#FF4B4B
86618920fffffff,3,1709,12.9337428,77.6908206,"New Horizon College Road, New Horizon College of Engineering, Kadubisanahalli, Bengaluru, Karnataka. Pin-560103 (India)",1,457,10.0,1709.0,critical,#FF4B4B
86618920fffffff,3,1709,12.9337428,77.6908206,"New Horizon College Road, New Horizon College of Engineering, Kadubisanahalli, Bengaluru, Karnataka. Pin-560103 (India)",2,207,10.0,1709.0,critical,#FF4B4B
86618920fffffff,3,1709,12.9337428,77.6908206,"New Horizon College Road, New Horizon College of Engineering, Kadubisanahalli, Bengaluru, Karnataka. Pin-560103 (India)",3,421,10.0,1709.0,critical,#FF4B4B
86618920fffffff,3,1709,12.9337428,77.6908206,"New Horizon College Road, New Horizon College of Engineering, Kadubisanahalli, Bengaluru, Karnataka. Pin-560103 (India)",4,146,10.0,1709.0,critical,#FF4B4B
86618920fffffff,3,1709,12.9337428,77.6908206,"New Horizon College Road, New Horizon College of Engineering, Kadubisanahalli, Bengaluru, Karnataka. Pin-560103 (India)",5,289,10.0,1709.0,critical,#FF4B4B
86618920fffffff,3,1709,12.9337428,77.6908206,"New Horizon College Road, New Horizon College of Engineering, Kadubisanahalli, Bengaluru, Karnataka. Pin-560103 (India)",6,58,10.0,1709.0,critical,#FF4B4B
86618920fffffff,4,1544,12.956939,77.7027116,"HAL Airport Road, MS Reddy Nagar, Marathahalli, Bengaluru, Karnataka. Pin-560037 (India)",0,112,10.0,1544.0,critical,#FF4B4B
86618920fffffff,4,1544,12.956939,77.7027116,"HAL Airport Road, MS Reddy Nagar, Marathahalli, Bengaluru, Karnataka. Pin-560037 (India)",1,371,10.0,1544.0,critical,#FF4B4B
86618920fffffff,4,1544,12.956939,77.7027116,"HAL Airport Road, MS Reddy Nagar, Marathahalli, Bengaluru, Karnataka. Pin-560037 (India)",2,293,10.0,1544.0,critical,#FF4B4B
86618920fffffff,4,1544,12.956939,77.7027116,"HAL Airport Road, MS Reddy Nagar, Marathahalli, Bengaluru, Karnataka. Pin-560037 (India)",3,301,10.0,1544.0,critical,#FF4B4B
86618920fffffff,4,1544,12.956939,77.7027116,"HAL Airport Road, MS Reddy Nagar, Marathahalli, Bengaluru, Karnataka. Pin-560037 (India)",4,257,10.0,1544.0,critical,#FF4B4B
86618920fffffff,4,1544,12.956939,77.7027116,"HAL Airport Road, MS Reddy Nagar, Marathahalli, Bengaluru, Karnataka. Pin-560037 (India)",5,120,10.0,1544.0,critical,#FF4B4B
86618920fffffff,4,1544,12.956939,77.7027116,"HAL Airport Road, MS Reddy Nagar, Marathahalli, Bengaluru, Karnataka. Pin-560037 (India)",6,90,10.0,1544.0,critical,#FF4B4B
86618920fffffff,5,1176,12.9397242,77.6944134,"Yemalur Road, LGCL United Towers, Kadubisanahalli, Bengaluru, Karnataka. Pin-560103 (India)",0,123,10.0,1176.0,critical,#FF4B4B
86618920fffffff,5,1176,12.9397242,77.6944134,"Yemalur Road, LGCL United Towers, Kadubisanahalli, Bengaluru, Karnataka. Pin-560103 (India)",1,153,10.0,1176.0,critical,#FF4B4B
86618920fffffff,5,1176,12.9397242,77.6944134,"Yemalur Road, LGCL United Towers, Kadubisanahalli, Bengaluru, Karnataka. Pin-560103 (India)",2,191,10.0,1176.0,critical,#FF4B4B
86618920fffffff,5,1176,12.9397242,77.6944134,"Yemalur Road, LGCL United Towers, Kadubisanahalli, Bengaluru, Karnataka. Pin-560103 (India)",3,252,10.0,1176.0,critical,#FF4B4B
86618920fffffff,5,1176,12.9397242,77.6944134,"Yemalur Road, LGCL United Towers, Kadubisanahalli, Bengaluru, Karnataka. Pin-560103 (India)",4,110,10.0,1176.0,critical,#FF4B4B
86618920fffffff,5,1176,12.9397242,77.6944134,"Yemalur Road, LGCL United Towers, Kadubisanahalli, Bengaluru, Karnataka. Pin-560103 (India)",5,224,10.0,1176.0,critical,#FF4B4B
86618920fffffff,5,1176,12.9397242,77.6944134,"Yemalur Road, LGCL United Towers, Kadubisanahalli, Bengaluru, Karnataka. Pin-560103 (India)",6,123,10.0,1176.0,critical,#FF4B4B
86618920fffffff,6,663,12.9413868,77.696639,"Service Road, Kaadubeesanahalli, Panathur, Bengaluru East City Corporation, Bengaluru, Bangalore East, Bengaluru Urban, Karnataka, 560103, India",0,80,10.0,663.0,critical,#FF4B4B
86618920fffffff,6,663,12.9413868,77.696639,"Service Road, Kaadubeesanahalli, Panathur, Bengaluru East City Corporation, Bengaluru, Bangalore East, Bengaluru Urban, Karnataka, 560103, India",1,157,10.0,663.0,critical,#FF4B4B
86618920fffffff,6,663,12.9413868,77.696639,"Service Road, Kaadubeesanahalli, Panathur, Bengaluru East City Corporation, Bengaluru, Bangalore East, Bengaluru Urban, Karnataka, 560103, India",2,101,10.0,663.0,critical,#FF4B4B
86618920fffffff,6,663,12.9413868,77.696639,"Service Road, Kaadubeesanahalli, Panathur, Bengaluru East City Corporation, Bengaluru, Bangalore East, Bengaluru Urban, Karnataka, 560103, India",3,112,10.0,663.0,critical,#FF4B4B
86618920fffffff,6,663,12.9413868,77.696639,"Service Road, Kaadubeesanahalli, Panathur, Bengaluru East City Corporation, Bengaluru, Bangalore East, Bengaluru Urban, Karnataka, 560103, India",4,76,10.0,663.0,critical,#FF4B4B
86618920fffffff,6,663,12.9413868,77.696639,"Service Road, Kaadubeesanahalli, Panathur, Bengaluru East City Corporation, Bengaluru, Bangalore East, Bengaluru Urban, Karnataka, 560103, India",5,83,10.0,663.0,critical,#FF4B4B
86618920fffffff,6,663,12.9413868,77.696639,"Service Road, Kaadubeesanahalli, Panathur, Bengaluru East City Corporation, Bengaluru, Bangalore East, Bengaluru Urban, Karnataka, 560103, India",6,54,10.0,663.0,critical,#FF4B4B
86618920fffffff,7,262,12.9433618,77.7498973,"Muthsandra Main Road, BCM Layout, Varthur Marattahalli, Bengaluru, Karnataka. Pin-560087 (India)",0,42,10.0,262.0,critical,#FF4B4B
86618920fffffff,7,262,12.9433618,77.7498973,"Muthsandra Main Road, BCM Layout, Varthur Marattahalli, Bengaluru, Karnataka. Pin-560087 (India)",1,23,10.0,262.0,critical,#FF4B4B
86618920fffffff,7,262,12.9433618,77.7498973,"Muthsandra Main Road, BCM Layout, Varthur Marattahalli, Bengaluru, Karnataka. Pin-560087 (India)",2,19,10.0,262.0,critical,#FF4B4B
86618920fffffff,7,262,12.9433618,77.7498973,"Muthsandra Main Road, BCM Layout, Varthur Marattahalli, Bengaluru, Karnataka. Pin-560087 (India)",3,52,10.0,262.0,critical,#FF4B4B
86618920fffffff,7,262,12.9433618,77.7498973,"Muthsandra Main Road, BCM Layout, Varthur Marattahalli, Bengaluru, Karnataka. Pin-560087 (India)",4,39,10.0,262.0,critical,#FF4B4B
86618920fffffff,7,262,12.9433618,77.7498973,"Muthsandra Main Road, BCM Layout, Varthur Marattahalli, Bengaluru, Karnataka. Pin-560087 (India)",5,51,10.0,262.0,critical,#FF4B4B
86618920fffffff,7,262,12.9433618,77.7498973,"Muthsandra Main Road, BCM Layout, Varthur Marattahalli, Bengaluru, Karnataka. Pin-560087 (India)",6,36,10.0,262.0,critical,#FF4B4B
86618920fffffff,8,245,12.933281,77.6911289,"New Horizon College Road, Embassy Tech Village, Devara Beesana Halli, Bengaluru, Karnataka. Pin-560103 (India)",0,67,10.0,245.0,critical,#FF4B4B
86618920fffffff,8,245,12.933281,77.6911289,"New Horizon College Road, Embassy Tech Village, Devara Beesana Halli, Bengaluru, Karnataka. Pin-560103 (India)",1,29,10.0,245.0,critical,#FF4B4B
86618920fffffff,8,245,12.933281,77.6911289,"New Horizon College Road, Embassy Tech Village, Devara Beesana Halli, Bengaluru, Karnataka. Pin-560103 (India)",2,23,10.0,245.0,critical,#FF4B4B
86618920fffffff,8,245,12.933281,77.6911289,"New Horizon College Road, Embassy Tech Village, Devara Beesana Halli, Bengaluru, Karnataka. Pin-560103 (India)",3,25,10.0,245.0,critical,#FF4B4B
86618920fffffff,8,245,12.933281,77.6911289,"New Horizon College Road, Embassy Tech Village, Devara Beesana Halli, Bengaluru, Karnataka. Pin-560103 (India)",4,34,10.0,245.0,critical,#FF4B4B
86618920fffffff,8,245,12.933281,77.6911289,"New Horizon College Road, Embassy Tech Village, Devara Beesana Halli, Bengaluru, Karnataka. Pin-560103 (India)",5,48,10.0,245.0,critical,#FF4B4B
86618920fffffff,8,245,12.933281,77.6911289,"New Horizon College Road, Embassy Tech Village, Devara Beesana Halli, Bengaluru, Karnataka. Pin-560103 (India)",6,19,10.0,245.0,critical,#FF4B4B
86618920fffffff,9,74,12.9382206,77.6985386,"Panathur Main Road, Mariyappa Layout, Kadubisanahalli, Bengaluru, Karnataka. Pin-560103 (India)",0,2,10.0,74.0,critical,#FF4B4B
86618920fffffff,9,74,12.9382206,77.6985386,"Panathur Main Road, Mariyappa Layout, Kadubisanahalli, Bengaluru, Karnataka. Pin-560103 (India)",1,6,10.0,74.0,critical,#FF4B4B
86618920fffffff,9,74,12.9382206,77.6985386,"Panathur Main Road, Mariyappa Layout, Kadubisanahalli, Bengaluru, Karnataka. Pin-560103 (India)",2,4,10.0,74.0,critical,#FF4B4B
86618920fffffff,9,74,12.9382206,77.6985386,"Panathur Main Road, Mariyappa Layout, Kadubisanahalli, Bengaluru, Karnataka. Pin-560103 (India)",3,12,10.0,74.0,critical,#FF4B4B
86618920fffffff,9,74,12.9382206,77.6985386,"Panathur Main Road, Mariyappa Layout, Kadubisanahalli, Bengaluru, Karnataka. Pin-560103 (India)",4,4,10.0,74.0,critical,#FF4B4B
86618920fffffff,9,74,12.9382206,77.6985386,"Panathur Main Road, Mariyappa Layout, Kadubisanahalli, Bengaluru, Karnataka. Pin-560103 (India)",5,40,8.5,62.9,critical,#FF4B4B
86618920fffffff,9,74,12.9382206,77.6985386,"Panathur Main Road, Mariyappa Layout, Kadubisanahalli, Bengaluru, Karnataka. Pin-560103 (India)",6,6,10.0,74.0,critical,#FF4B4B
86618920fffffff,10,5,12.9435633,77.7469133,"Varthur Government High School, Vahanikula Kshatraya Street, Gandhi Circle, Varthur, Bengaluru East City Corporation, Bengaluru, Bangalore East, Bengaluru Urban, Karnataka, 560087, India",0,2,10.0,5.0,monitor,#FFA500
86618920fffffff,10,5,12.9435633,77.7469133,"Varthur Government High School, Vahanikula Kshatraya Street, Gandhi Circle, Varthur, Bengaluru East City Corporation, Bengaluru, Bangalore East, Bengaluru Urban, Karnataka, 560087, India",3,2,10.0,5.0,monitor,#FFA500
86618920fffffff,10,5,12.9435633,77.7469133,"Varthur Government High School, Vahanikula Kshatraya Street, Gandhi Circle, Varthur, Bengaluru East City Corporation, Bengaluru, Bangalore East, Bengaluru Urban, Karnataka, 560087, India",4,1,10.0,5.0,monitor,#FFA500
86618920fffffff,11,10,12.9517043,77.7174543,"Vibgyor High School Road, Samhita Rainbow MTB Apartment, Green Garden Layout, Munnekolala, Bengaluru, Karnataka. Pin-560037 (India)",0,1,10.0,10.0,critical,#FF4B4B
86618920fffffff,11,10,12.9517043,77.7174543,"Vibgyor High School Road, Samhita Rainbow MTB Apartment, Green Garden Layout, Munnekolala, Bengaluru, Karnataka. Pin-560037 (India)",2,2,10.0,10.0,critical,#FF4B4B
86618920fffffff,11,10,12.9517043,77.7174543,"Vibgyor High School Road, Samhita Rainbow MTB Apartment, Green Garden Layout, Munnekolala, Bengaluru, Karnataka. Pin-560037 (India)",3,1,10.0,10.0,critical,#FF4B4B
86618920fffffff,11,10,12.9517043,77.7174543,"Vibgyor High School Road, Samhita Rainbow MTB Apartment, Green Garden Layout, Munnekolala, Bengaluru, Karnataka. Pin-560037 (India)",5,6,6.67,6.67,critical,#FF4B4B
86618920fffffff,12,5,12.9570041,77.7021595,"HAL Airport Road, Ashwath Nagar, Marathahalli, Bengaluru, Karnataka. Pin-560037 (India)",3,2,10.0,5.0,monitor,#FFA500
86618920fffffff,12,5,12.9570041,77.7021595,"HAL Airport Road, Ashwath Nagar, Marathahalli, Bengaluru, Karnataka. Pin-560037 (India)",4,3,6.67,3.34,monitor,#FFA500
86618920fffffff,14,1,12.956858,77.7008283,"HAL Airport Road, Marathahalli, Bengaluru, Karnataka. Pin-560037 (India)",0,1,0.0,0.0,green,#00CC66
86618920fffffff,16,6,12.9576153,77.7009878,"Marathahalli Underpass, Marathahalli, Bengaluru, Karnataka. Pin-560037 (India)",1,6,0.0,0.0,green,#00CC66
86618920fffffff,18,7,12.9518017,77.71762,"Vibgyor High School Road, Samhita Rainbow MTB Apartment, Green Garden Layout, Munnekolala, Bengaluru, Karnataka. Pin-560037 (India)",3,6,1.67,1.17,green,#00CC66
86618920fffffff,18,7,12.9518017,77.71762,"Vibgyor High School Road, Samhita Rainbow MTB Apartment, Green Garden Layout, Munnekolala, Bengaluru, Karnataka. Pin-560037 (India)",4,1,10.0,7.0,critical,#FF4B4B
86618920fffffff,19,245,12.955979,77.7149363,"ITPL Main Road, Kundanahalli Gate Junction, Kundalhalli, Bengaluru, Karnataka. Pin-560037 (India)",0,50,10.0,245.0,critical,#FF4B4B
86618920fffffff,19,245,12.955979,77.7149363,"ITPL Main Road, Kundanahalli Gate Junction, Kundalhalli, Bengaluru, Karnataka. Pin-560037 (India)",1,42,10.0,245.0,critical,#FF4B4B
86618920fffffff,19,245,12.955979,77.7149363,"ITPL Main Road, Kundanahalli Gate Junction, Kundalhalli, Bengaluru, Karnataka. Pin-560037 (India)",2,47,10.0,245.0,critical,#FF4B4B
86618920fffffff,19,245,12.955979,77.7149363,"ITPL Main Road, Kundanahalli Gate Junction, Kundalhalli, Bengaluru, Karnataka. Pin-560037 (India)",3,58,10.0,245.0,critical,#FF4B4B
86618920fffffff,19,245,12.955979,77.7149363,"ITPL Main Road, Kundanahalli Gate Junction, Kundalhalli, Bengaluru, Karnataka. Pin-560037 (India)",4,23,10.0,245.0,critical,#FF4B4B
86618920fffffff,19,245,12.955979,77.7149363,"ITPL Main Road, Kundanahalli Gate Junction, Kundalhalli, Bengaluru, Karnataka. Pin-560037 (India)",5,3,10.0,245.0,critical,#FF4B4B
86618920fffffff,19,245,12.955979,77.7149363,"ITPL Main Road, Kundanahalli Gate Junction, Kundalhalli, Bengaluru, Karnataka. Pin-560037 (India)",6,22,10.0,245.0,critical,#FF4B4B
86618920fffffff,20,502,12.9515422,77.7001141,"1st Cross Road, Sharadamma Layout, Munnekolala, Bengaluru, Karnataka. Pin-560037 (India)",0,61,10.0,502.0,critical,#FF4B4B
86618920fffffff,20,502,12.9515422,77.7001141,"1st Cross Road, Sharadamma Layout, Munnekolala, Bengaluru, Karnataka. Pin-560037 (India)",1,88,10.0,502.0,critical,#FF4B4B
86618920fffffff,20,502,12.9515422,77.7001141,"1st Cross Road, Sharadamma Layout, Munnekolala, Bengaluru, Karnataka. Pin-560037 (India)",2,117,10.0,502.0,critical,#FF4B4B
86618920fffffff,20,502,12.9515422,77.7001141,"1st Cross Road, Sharadamma Layout, Munnekolala, Bengaluru, Karnataka. Pin-560037 (India)",3,100,10.0,502.0,critical,#FF4B4B
86618920fffffff,20,502,12.9515422,77.7001141,"1st Cross Road, Sharadamma Layout, Munnekolala, Bengaluru, Karnataka. Pin-560037 (India)",4,90,10.0,502.0,critical,#FF4B4B
86618920fffffff,20,502,12.9515422,77.7001141,"1st Cross Road, Sharadamma Layout, Munnekolala, Bengaluru, Karnataka. Pin-560037 (India)",5,33,10.0,502.0,critical,#FF4B4B
86618920fffffff,20,502,12.9515422,77.7001141,"1st Cross Road, Sharadamma Layout, Munnekolala, Bengaluru, Karnataka. Pin-560037 (India)",6,13,10.0,502.0,critical,#FF4B4B
86618920fffffff,21,1318,12.956646,77.7032144,"HAL Airport Road, MS Reddy Nagar, Marathahalli, Bengaluru, Karnataka. Pin-560037 (India)",0,313,10.0,1318.0,critical,#FF4B4B
86618920fffffff,21,1318,12.956646,77.7032144,"HAL Airport Road, MS Reddy Nagar, Marathahalli, Bengaluru, Karnataka. Pin-560037 (India)",1,219,10.0,1318.0,critical,#FF4B4B
86618920fffffff,21,1318,12.956646,77.7032144,"HAL Airport Road, MS Reddy Nagar, Marathahalli, Bengaluru, Karnataka. Pin-560037 (India)",2,246,10.0,1318.0,critical,#FF4B4B
86618920fffffff,21,1318,12.956646,77.7032144,"HAL Airport Road, MS Reddy Nagar, Marathahalli, Bengaluru, Karnataka. Pin-560037 (India)",3,208,10.0,1318.0,critical,#FF4B4B
86618920fffffff,21,1318,12.956646,77.7032144,"HAL Airport Road, MS Reddy Nagar, Marathahalli, Bengaluru, Karnataka. Pin-560037 (India)",4,205,10.0,1318.0,critical,#FF4B4B
86618920fffffff,21,1318,12.956646,77.7032144,"HAL Airport Road, MS Reddy Nagar, Marathahalli, Bengaluru, Karnataka. Pin-560037 (India)",5,91,10.0,1318.0,critical,#FF4B4B
86618920fffffff,21,1318,12.956646,77.7032144,"HAL Airport Road, MS Reddy Nagar, Marathahalli, Bengaluru, Karnataka. Pin-560037 (India)",6,36,10.0,1318.0,critical,#FF4B4B
86618920fffffff,22,2085,12.9568794,77.7037169,"HAL Airport Road, SJR Spencer, Ashwath Nagar, Marathahalli, Bengaluru, Karnataka. Pin-560037 (India)",0,468,10.0,2085.0,critical,#FF4B4B
86618920fffffff,22,2085,12.9568794,77.7037169,"HAL Airport Road, SJR Spencer, Ashwath Nagar, Marathahalli, Bengaluru, Karnataka. Pin-560037 (India)",1,301,10.0,2085.0,critical,#FF4B4B
86618920fffffff,22,2085,12.9568794,77.7037169,"HAL Airport Road, SJR Spencer, Ashwath Nagar, Marathahalli, Bengaluru, Karnataka. Pin-560037 (India)",2,423,10.0,2085.0,critical,#FF4B4B
86618920fffffff,22,2085,12.9568794,77.7037169,"HAL Airport Road, SJR Spencer, Ashwath Nagar, Marathahalli, Bengaluru, Karnataka. Pin-560037 (India)",3,347,10.0,2085.0,critical,#FF4B4B
86618920fffffff,22,2085,12.9568794,77.7037169,"HAL Airport Road, SJR Spencer, Ashwath Nagar, Marathahalli, Bengaluru, Karnataka. Pin-560037 (India)",4,356,10.0,2085.0,critical,#FF4B4B
86618920fffffff,22,2085,12.9568794,77.7037169,"HAL Airport Road, SJR Spencer, Ashwath Nagar, Marathahalli, Bengaluru, Karnataka. Pin-560037 (India)",5,85,10.0,2085.0,critical,#FF4B4B
86618920fffffff,22,2085,12.9568794,77.7037169,"HAL Airport Road, SJR Spencer, Ashwath Nagar, Marathahalli, Bengaluru, Karnataka. Pin-560037 (India)",6,105,10.0,2085.0,critical,#FF4B4B
86618920fffffff,23,2337,12.9579733,77.7010601,"Marathahalli Underpass, Ashwath Nagar, Marathahalli, Bengaluru, Karnataka. Pin-560037 (India)",0,493,10.0,2337.0,critical,#FF4B4B
86618920fffffff,23,2337,12.9579733,77.7010601,"Marathahalli Underpass, Ashwath Nagar, Marathahalli, Bengaluru, Karnataka. Pin-560037 (India)",1,535,10.0,2337.0,critical,#FF4B4B
86618920fffffff,23,2337,12.9579733,77.7010601,"Marathahalli Underpass, Ashwath Nagar, Marathahalli, Bengaluru, Karnataka. Pin-560037 (India)",2,439,10.0,2337.0,critical,#FF4B4B
86618920fffffff,23,2337,12.9579733,77.7010601,"Marathahalli Underpass, Ashwath Nagar, Marathahalli, Bengaluru, Karnataka. Pin-560037 (India)",3,289,10.0,2337.0,critical,#FF4B4B
86618920fffffff,23,2337,12.9579733,77.7010601,"Marathahalli Underpass, Ashwath Nagar, Marathahalli, Bengaluru, Karnataka. Pin-560037 (India)",4,392,10.0,2337.0,critical,#FF4B4B
86618920fffffff,23,2337,12.9579733,77.7010601,"Marathahalli Underpass, Ashwath Nagar, Marathahalli, Bengaluru, Karnataka. Pin-560037 (India)",5,124,10.0,2337.0,critical,#FF4B4B
86618920fffffff,23,2337,12.9579733,77.7010601,"Marathahalli Underpass, Ashwath Nagar, Marathahalli, Bengaluru, Karnataka. Pin-560037 (India)",6,65,10.0,2337.0,critical,#FF4B4B
86618921fffffff,0,122,13.0060717,77.7514833,"Ayyappaswamy Temple Road, Esplanade, Kumbena Agrahara, Kadugodi, Bengaluru, Karnataka. Pin-560067 (India)",0,1,10.0,122.0,critical,#FF4B4B
86618921fffffff,0,122,13.0060717,77.7514833,"Ayyappaswamy Temple Road, Esplanade, Kumbena Agrahara, Kadugodi, Bengaluru, Karnataka. Pin-560067 (India)",1,13,10.0,122.0,critical,#FF4B4B
86618921fffffff,0,122,13.0060717,77.7514833,"Ayyappaswamy Temple Road, Esplanade, Kumbena Agrahara, Kadugodi, Bengaluru, Karnataka. Pin-560067 (India)",2,22,10.0,122.0,critical,#FF4B4B
86618921fffffff,0,122,13.0060717,77.7514833,"Ayyappaswamy Temple Road, Esplanade, Kumbena Agrahara, Kadugodi, Bengaluru, Karnataka. Pin-560067 (India)",3,20,10.0,122.0,critical,#FF4B4B
86618921fffffff,0,122,13.0060717,77.7514833,"Ayyappaswamy Temple Road, Esplanade, Kumbena Agrahara, Kadugodi, Bengaluru, Karnataka. Pin-560067 (India)",4,23,10.0,122.0,critical,#FF4B4B
86618921fffffff,0,122,13.0060717,77.7514833,"Ayyappaswamy Temple Road, Esplanade, Kumbena Agrahara, Kadugodi, Bengaluru, Karnataka. Pin-560067 (India)",5,15,10.0,122.0,critical,#FF4B4B
86618921fffffff,0,122,13.0060717,77.7514833,"Ayyappaswamy Temple Road, Esplanade, Kumbena Agrahara, Kadugodi, Bengaluru, Karnataka. Pin-560067 (India)",6,28,10.0,122.0,critical,#FF4B4B
86618921fffffff,1,94,13.00892,77.7587817,"Whitefield Main Road, Pioneer Moonstone, Seegehalli, Bengaluru, Karnataka. Pin-560067 (India)",0,2,10.0,94.0,critical,#FF4B4B
86618921fffffff,1,94,13.00892,77.7587817,"Whitefield Main Road, Pioneer Moonstone, Seegehalli, Bengaluru, Karnataka. Pin-560067 (India)",1,20,10.0,94.0,critical,#FF4B4B
86618921fffffff,1,94,13.00892,77.7587817,"Whitefield Main Road, Pioneer Moonstone, Seegehalli, Bengaluru, Karnataka. Pin-560067 (India)",2,15,10.0,94.0,critical,#FF4B4B
86618921fffffff,1,94,13.00892,77.7587817,"Whitefield Main Road, Pioneer Moonstone, Seegehalli, Bengaluru, Karnataka. Pin-560067 (India)",3,3,10.0,94.0,critical,#FF4B4B
86618921fffffff,1,94,13.00892,77.7587817,"Whitefield Main Road, Pioneer Moonstone, Seegehalli, Bengaluru, Karnataka. Pin-560067 (India)",4,6,10.0,94.0,critical,#FF4B4B
86618921fffffff,1,94,13.00892,77.7587817,"Whitefield Main Road, Pioneer Moonstone, Seegehalli, Bengaluru, Karnataka. Pin-560067 (India)",5,21,10.0,94.0,critical,#FF4B4B
86618921fffffff,1,94,13.00892,77.7587817,"Whitefield Main Road, Pioneer Moonstone, Seegehalli, Bengaluru, Karnataka. Pin-560067 (India)",6,27,10.0,94.0,critical,#FF4B4B
86618921fffffff,2,217,12.9791529,77.7506808,"2nd Cross Road, Happy Valley, Whitefield, Bengaluru, Karnataka. Pin-560066 (India)",0,35,10.0,217.0,critical,#FF4B4B
86618921fffffff,2,217,12.9791529,77.7506808,"2nd Cross Road, Happy Valley, Whitefield, Bengaluru, Karnataka. Pin-560066 (India)",1,35,10.0,217.0,critical,#FF4B4B
86618921fffffff,2,217,12.9791529,77.7506808,"2nd Cross Road, Happy Valley, Whitefield, Bengaluru, Karnataka. Pin-560066 (India)",2,32,10.0,217.0,critical,#FF4B4B
86618921fffffff,2,217,12.9791529,77.7506808,"2nd Cross Road, Happy Valley, Whitefield, Bengaluru, Karnataka. Pin-560066 (India)",3,33,10.0,217.0,critical,#FF4B4B
86618921fffffff,2,217,12.9791529,77.7506808,"2nd Cross Road, Happy Valley, Whitefield, Bengaluru, Karnataka. Pin-560066 (India)",4,4,10.0,217.0,critical,#FF4B4B
86618921fffffff,2,217,12.9791529,77.7506808,"2nd Cross Road, Happy Valley, Whitefield, Bengaluru, Karnataka. Pin-560066 (India)",5,30,10.0,217.0,critical,#FF4B4B
86618921fffffff,2,217,12.9791529,77.7506808,"2nd Cross Road, Happy Valley, Whitefield, Bengaluru, Karnataka. Pin-560066 (India)",6,48,10.0,217.0,critical,#FF4B4B
86618921fffffff,3,38,12.9612383,77.7472183,"Whitefield Main Road, Brigade Cosmopolis, Whitefield, Bengaluru, Karnataka. Pin-560066 (India)",0,12,10.0,38.0,critical,#FF4B4B
86618921fffffff,3,38,12.9612383,77.7472183,"Whitefield Main Road, Brigade Cosmopolis, Whitefield, Bengaluru, Karnataka. Pin-560066 (India)",1,2,10.0,38.0,critical,#FF4B4B
86618921fffffff,3,38,12.9612383,77.7472183,"Whitefield Main Road, Brigade Cosmopolis, Whitefield, Bengaluru, Karnataka. Pin-560066 (India)",2,8,10.0,38.0,critical,#FF4B4B
86618921fffffff,3,38,12.9612383,77.7472183,"Whitefield Main Road, Brigade Cosmopolis, Whitefield, Bengaluru, Karnataka. Pin-560066 (India)",4,5,10.0,38.0,critical,#FF4B4B
86618921fffffff,3,38,12.9612383,77.7472183,"Whitefield Main Road, Brigade Cosmopolis, Whitefield, Bengaluru, Karnataka. Pin-560066 (India)",5,4,10.0,38.0,critical,#FF4B4B
86618921fffffff,3,38,12.9612383,77.7472183,"Whitefield Main Road, Brigade Cosmopolis, Whitefield, Bengaluru, Karnataka. Pin-560066 (India)",6,7,10.0,38.0,critical,#FF4B4B
86618921fffffff,4,135,13.007396,77.7570697,"3rd Main Road, Reddys Keerthi Residency, Belathur, Bengaluru, Karnataka. Pin-560067 (India)",0,5,10.0,135.0,critical,#FF4B4B
86618921fffffff,4,135,13.007396,77.7570697,"3rd Main Road, Reddys Keerthi Residency, Belathur, Bengaluru, Karnataka. Pin-560067 (India)",1,24,10.0,135.0,critical,#FF4B4B
86618921fffffff,4,135,13.007396,77.7570697,"3rd Main Road, Reddys Keerthi Residency, Belathur, Bengaluru, Karnataka. Pin-560067 (India)",2,16,10.0,135.0,critical,#FF4B4B
86618921fffffff,4,135,13.007396,77.7570697,"3rd Main Road, Reddys Keerthi Residency, Belathur, Bengaluru, Karnataka. Pin-560067 (India)",3,36,10.0,135.0,critical,#FF4B4B
86618921fffffff,4,135,13.007396,77.7570697,"3rd Main Road, Reddys Keerthi Residency, Belathur, Bengaluru, Karnataka. Pin-560067 (India)",4,35,10.0,135.0,critical,#FF4B4B
86618921fffffff,4,135,13.007396,77.7570697,"3rd Main Road, Reddys Keerthi Residency, Belathur, Bengaluru, Karnataka. Pin-560067 (India)",5,7,10.0,135.0,critical,#FF4B4B
86618921fffffff,4,135,13.007396,77.7570697,"3rd Main Road, Reddys Keerthi Residency, Belathur, Bengaluru, Karnataka. Pin-560067 (India)",6,12,10.0,135.0,critical,#FF4B4B
86618921fffffff,5,190,12.9879233,77.7339496,"Whitefield Road, Hoodi, Bengaluru East City Corporation, Bengaluru, Bangalore East, Bengaluru Urban, Karnataka, 560048, India",0,12,10.0,190.0,critical,#FF4B4B
86618921fffffff,5,190,12.9879233,77.7339496,"Whitefield Road, Hoodi, Bengaluru East City Corporation, Bengaluru, Bangalore East, Bengaluru Urban, Karnataka, 560048, India",1,44,10.0,190.0,critical,#FF4B4B
86618921fffffff,5,190,12.9879233,77.7339496,"Whitefield Road, Hoodi, Bengaluru East City Corporation, Bengaluru, Bangalore East, Bengaluru Urban, Karnataka, 560048, India",2,71,10.0,190.0,critical,#FF4B4B
86618921fffffff,5,190,12.9879233,77.7339496,"Whitefield Road, Hoodi, Bengaluru East City Corporation, Bengaluru, Bangalore East, Bengaluru Urban, Karnataka, 560048, India",3,8,10.0,190.0,critical,#FF4B4B
86618921fffffff,5,190,12.9879233,77.7339496,"Whitefield Road, Hoodi, Bengaluru East City Corporation, Bengaluru, Bangalore East, Bengaluru Urban, Karnataka, 560048, India",4,22,10.0,190.0,critical,#FF4B4B
86618921fffffff,5,190,12.9879233,77.7339496,"Whitefield Road, Hoodi, Bengaluru East City Corporation, Bengaluru, Bangalore East, Bengaluru Urban, Karnataka, 560048, India",5,15,10.0,190.0,critical,#FF4B4B
86618921fffffff,5,190,12.9879233,77.7339496,"Whitefield Road, Hoodi, Bengaluru East City Corporation, Bengaluru, Bangalore East, Bengaluru Urban, Karnataka, 560048, India",6,18,10.0,190.0,critical,#FF4B4B
86618921fffffff,6,207,13.007206,77.7575626,"Whitefield Main Road, Belathur, Bengaluru, Karnataka. Pin-560067 (India)",0,6,10.0,207.0,critical,#FF4B4B
86618921fffffff,6,207,13.007206,77.7575626,"Whitefield Main Road, Belathur, Bengaluru, Karnataka. Pin-560067 (India)",1,75,10.0,207.0,critical,#FF4B4B
86618921fffffff,6,207,13.007206,77.7575626,"Whitefield Main Road, Belathur, Bengaluru, Karnataka. Pin-560067 (India)",2,41,10.0,207.0,critical,#FF4B4B
86618921fffffff,6,207,13.007206,77.7575626,"Whitefield Main Road, Belathur, Bengaluru, Karnataka. Pin-560067 (India)",3,23,10.0,207.0,critical,#FF4B4B
86618921fffffff,6,207,13.007206,77.7575626,"Whitefield Main Road, Belathur, Bengaluru, Karnataka. Pin-560067 (India)",4,7,10.0,207.0,critical,#FF4B4B
86618921fffffff,6,207,13.007206,77.7575626,"Whitefield Main Road, Belathur, Bengaluru, Karnataka. Pin-560067 (India)",5,12,10.0,207.0,critical,#FF4B4B
86618921fffffff,6,207,13.007206,77.7575626,"Whitefield Main Road, Belathur, Bengaluru, Karnataka. Pin-560067 (India)",6,43,10.0,207.0,critical,#FF4B4B
86618921fffffff,7,59,13.008953,77.758879,"Whitefield Main Road, Pioneer Moonstone, Seegehalli, Bengaluru, Karnataka. Pin-560067 (India)",0,3,10.0,59.0,critical,#FF4B4B
86618921fffffff,7,59,13.008953,77.758879,"Whitefield Main Road, Pioneer Moonstone, Seegehalli, Bengaluru, Karnataka. Pin-560067 (India)",1,20,10.0,59.0,critical,#FF4B4B
86618921fffffff,7,59,13.008953,77.758879,"Whitefield Main Road, Pioneer Moonstone, Seegehalli, Bengaluru, Karnataka. Pin-560067 (India)",2,6,10.0,59.0,critical,#FF4B4B
86618921fffffff,7,59,13.008953,77.758879,"Whitefield Main Road, Pioneer Moonstone, Seegehalli, Bengaluru, Karnataka. Pin-560067 (India)",3,2,10.0,59.0,critical,#FF4B4B
86618921fffffff,7,59,13.008953,77.758879,"Whitefield Main Road, Pioneer Moonstone, Seegehalli, Bengaluru, Karnataka. Pin-560067 (India)",4,5,10.0,59.0,critical,#FF4B4B
86618921fffffff,7,59,13.008953,77.758879,"Whitefield Main Road, Pioneer Moonstone, Seegehalli, Bengaluru, Karnataka. Pin-560067 (India)",5,18,10.0,59.0,critical,#FF4B4B
86618921fffffff,7,59,13.008953,77.758879,"Whitefield Main Road, Pioneer Moonstone, Seegehalli, Bengaluru, Karnataka. Pin-560067 (India)",6,5,10.0,59.0,critical,#FF4B4B
86618921fffffff,8,17,13.0185783,77.7622583,"Whitefield Main Road, Galaxy Orchid Park, Kannamangala, Bengaluru, Karnataka. Pin-560115 (India)",0,1,10.0,17.0,critical,#FF4B4B
86618921fffffff,8,17,13.0185783,77.7622583,"Whitefield Main Road, Galaxy Orchid Park, Kannamangala, Bengaluru, Karnataka. Pin-560115 (India)",1,2,10.0,17.0,critical,#FF4B4B
86618921fffffff,8,17,13.0185783,77.7622583,"Whitefield Main Road, Galaxy Orchid Park, Kannamangala, Bengaluru, Karnataka. Pin-560115 (India)",2,5,10.0,17.0,critical,#FF4B4B
86618921fffffff,8,17,13.0185783,77.7622583,"Whitefield Main Road, Galaxy Orchid Park, Kannamangala, Bengaluru, Karnataka. Pin-560115 (India)",3,2,10.0,17.0,critical,#FF4B4B
86618921fffffff,8,17,13.0185783,77.7622583,"Whitefield Main Road, Galaxy Orchid Park, Kannamangala, Bengaluru, Karnataka. Pin-560115 (India)",6,7,10.0,17.0,critical,#FF4B4B
86618921fffffff,9,3,12.9884706,77.7294407,"Whitefield Road, Embassy East Avenue, EPIP Zone Phase 1, Whitefield, Bengaluru, Karnataka. Pin-560066 (India)",1,2,5.0,1.5,green,#00CC66
86618921fffffff,9,3,12.9884706,77.7294407,"Whitefield Road, Embassy East Avenue, EPIP Zone Phase 1, Whitefield, Bengaluru, Karnataka. Pin-560066 (India)",4,1,10.0,3.0,green,#00CC66
86618921fffffff,10,6,12.9792917,77.7337438,"Pattandur Agrahara Road, Shanders Springale Apartment, Pattandur Agrahara, Whitefield, Bengaluru, Karnataka. Pin-560066 (India)",2,5,2.0,1.2,green,#00CC66
86618921fffffff,10,6,12.9792917,77.7337438,"Pattandur Agrahara Road, Shanders Springale Apartment, Pattandur Agrahara, Whitefield, Bengaluru, Karnataka. Pin-560066 (India)",5,1,10.0,6.0,monitor,#FFA500
86618921fffffff,11,12,12.9859683,77.7339,"Pattandur Agrahara Road, Harman Campus, EOIZ Industrial Area, Whitefield, Bengaluru, Karnataka. Pin-560066 (India)",2,12,0.0,0.0,green,#00CC66
86618921fffffff,13,2,12.98593,77.7338183,"Pattandur Agrahara Road, Harman Campus, EOIZ Industrial Area, Whitefield, Bengaluru, Karnataka. Pin-560066 (India)",5,2,0.0,0.0,green,#00CC66
86618921fffffff,14,1,12.985508,77.7337431,"Pattandur Agrahara Road, Harman Campus, EOIZ Industrial Area, Whitefield, Bengaluru, Karnataka. Pin-560066 (India)",6,1,0.0,0.0,green,#00CC66
86618921fffffff,18,2,12.9877852,77.7538835,"Whitefield Main Road, Alembic Glass Colony, Kadugodi, Bengaluru, Karnataka. Pin-560066 (India)",2,2,0.0,0.0,green,#00CC66
86618921fffffff,19,42,12.9874238,77.7349721,"Whitefield Road, Harman Campus, EOIZ Industrial Area, Whitefield, Bengaluru, Karnataka. Pin-560066 (India)",0,1,10.0,42.0,critical,#FF4B4B
86618921fffffff,19,42,12.9874238,77.7349721,"Whitefield Road, Harman Campus, EOIZ Industrial Area, Whitefield, Bengaluru, Karnataka. Pin-560066 (India)",3,37,1.35,5.67,monitor,#FFA500
86618921fffffff,19,42,12.9874238,77.7349721,"Whitefield Road, Harman Campus, EOIZ Industrial Area, Whitefield, Bengaluru, Karnataka. Pin-560066 (India)",4,4,10.0,42.0,critical,#FF4B4B
86618921fffffff,20,29,12.9943584,77.7577283,"Whitefield Main Road, Gopal Krishna Nagar, Kadugodi Plantation, Bengaluru, Karnataka. Pin-560067 (India)",0,2,10.0,29.0,critical,#FF4B4B
86618921fffffff,20,29,12.9943584,77.7577283,"Whitefield Main Road, Gopal Krishna Nagar, Kadugodi Plantation, Bengaluru, Karnataka. Pin-560067 (India)",1,4,10.0,29.0,critical,#FF4B4B
86618921fffffff,20,29,12.9943584,77.7577283,"Whitefield Main Road, Gopal Krishna Nagar, Kadugodi Plantation, Bengaluru, Karnataka. Pin-560067 (India)",2,4,10.0,29.0,critical,#FF4B4B
86618921fffffff,20,29,12.9943584,77.7577283,"Whitefield Main Road, Gopal Krishna Nagar, Kadugodi Plantation, Bengaluru, Karnataka. Pin-560067 (India)",3,11,10.0,29.0,critical,#FF4B4B
86618921fffffff,20,29,12.9943584,77.7577283,"Whitefield Main Road, Gopal Krishna Nagar, Kadugodi Plantation, Bengaluru, Karnataka. Pin-560067 (India)",4,2,10.0,29.0,critical,#FF4B4B
86618921fffffff,20,29,12.9943584,77.7577283,"Whitefield Main Road, Gopal Krishna Nagar, Kadugodi Plantation, Bengaluru, Karnataka. Pin-560067 (India)",5,6,10.0,29.0,critical,#FF4B4B
86618921fffffff,21,109,12.99444,77.7577507,"Whitefield Main Road, Gopal Krishna Nagar, Kadugodi Plantation, Bengaluru, Karnataka. Pin-560067 (India)",0,12,10.0,109.0,critical,#FF4B4B
86618921fffffff,21,109,12.99444,77.7577507,"Whitefield Main Road, Gopal Krishna Nagar, Kadugodi Plantation, Bengaluru, Karnataka. Pin-560067 (India)",1,39,10.0,109.0,critical,#FF4B4B
86618921fffffff,21,109,12.99444,77.7577507,"Whitefield Main Road, Gopal Krishna Nagar, Kadugodi Plantation, Bengaluru, Karnataka. Pin-560067 (India)",2,13,10.0,109.0,critical,#FF4B4B
86618921fffffff,21,109,12.99444,77.7577507,"Whitefield Main Road, Gopal Krishna Nagar, Kadugodi Plantation, Bengaluru, Karnataka. Pin-560067 (India)",3,17,10.0,109.0,critical,#FF4B4B
86618921fffffff,21,109,12.99444,77.7577507,"Whitefield Main Road, Gopal Krishna Nagar, Kadugodi Plantation, Bengaluru, Karnataka. Pin-560067 (India)",4,19,10.0,109.0,critical,#FF4B4B
86618921fffffff,21,109,12.99444,77.7577507,"Whitefield Main Road, Gopal Krishna Nagar, Kadugodi Plantation, Bengaluru, Karnataka. Pin-560067 (India)",5,7,10.0,109.0,critical,#FF4B4B
86618921fffffff,21,109,12.99444,77.7577507,"Whitefield Main Road, Gopal Krishna Nagar, Kadugodi Plantation, Bengaluru, Karnataka. Pin-560067 (India)",6,2,10.0,109.0,critical,#FF4B4B
86618921fffffff,22,219,13.0033238,77.7234867,"Kodigehalli Main Road, Aryav Greenfields, Kadugodi, KR Puram, Bengaluru, Karnataka. Pin-560067 (India)",0,11,10.0,219.0,critical,#FF4B4B
86618921fffffff,22,219,13.0033238,77.7234867,"Kodigehalli Main Road, Aryav Greenfields, Kadugodi, KR Puram, Bengaluru, Karnataka. Pin-560067 (India)",1,45,10.0,219.0,critical,#FF4B4B
86618921fffffff,22,219,13.0033238,77.7234867,"Kodigehalli Main Road, Aryav Greenfields, Kadugodi, KR Puram, Bengaluru, Karnataka. Pin-560067 (India)",2,34,10.0,219.0,critical,#FF4B4B
86618921fffffff,22,219,13.0033238,77.7234867,"Kodigehalli Main Road, Aryav Greenfields, Kadugodi, KR Puram, Bengaluru, Karnataka. Pin-560067 (India)",3,85,10.0,219.0,critical,#FF4B4B
86618921fffffff,22,219,13.0033238,77.7234867,"Kodigehalli Main Road, Aryav Greenfields, Kadugodi, KR Puram, Bengaluru, Karnataka. Pin-560067 (India)",4,18,10.0,219.0,critical,#FF4B4B
86618921fffffff,22,219,13.0033238,77.7234867,"Kodigehalli Main Road, Aryav Greenfields, Kadugodi, KR Puram, Bengaluru, Karnataka. Pin-560067 (India)",5,26,10.0,219.0,critical,#FF4B4B
86618921fffffff,23,176,12.9873604,77.7357959,"Whitefield Road, Sadaramangala Industrial Area, Whitefield, Bengaluru, Karnataka. Pin-560066 (India)",0,34,10.0,176.0,critical,#FF4B4B
86618921fffffff,23,176,12.9873604,77.7357959,"Whitefield Road, Sadaramangala Industrial Area, Whitefield, Bengaluru, Karnataka. Pin-560066 (India)",1,28,10.0,176.0,critical,#FF4B4B
86618921fffffff,23,176,12.9873604,77.7357959,"Whitefield Road, Sadaramangala Industrial Area, Whitefield, Bengaluru, Karnataka. Pin-560066 (India)",2,31,10.0,176.0,critical,#FF4B4B
86618921fffffff,23,176,12.9873604,77.7357959,"Whitefield Road, Sadaramangala Industrial Area, Whitefield, Bengaluru, Karnataka. Pin-560066 (India)",3,53,10.0,176.0,critical,#FF4B4B
86618921fffffff,23,176,12.9873604,77.7357959,"Whitefield Road, Sadaramangala Industrial Area, Whitefield, Bengaluru, Karnataka. Pin-560066 (India)",4,8,10.0,176.0,critical,#FF4B4B
86618921fffffff,23,176,12.9873604,77.7357959,"Whitefield Road, Sadaramangala Industrial Area, Whitefield, Bengaluru, Karnataka. Pin-560066 (India)",5,22,10.0,176.0,critical,#FF4B4B
86618922fffffff,0,25,12.8966849,77.7200527,"Sarjapura Main Road, Kodathi Gate, Kodathi, Bengaluru, Karnataka. Pin-560035 (India)",0,6,10.0,25.0,critical,#FF4B4B
86618922fffffff,0,25,12.8966849,77.7200527,"Sarjapura Main Road, Kodathi Gate, Kodathi, Bengaluru, Karnataka. Pin-560035 (India)",1,4,10.0,25.0,critical,#FF4B4B
86618922fffffff,0,25,12.8966849,77.7200527,"Sarjapura Main Road, Kodathi Gate, Kodathi, Bengaluru, Karnataka. Pin-560035 (India)",2,5,10.0,25.0,critical,#FF4B4B
86618922fffffff,0,25,12.8966849,77.7200527,"Sarjapura Main Road, Kodathi Gate, Kodathi, Bengaluru, Karnataka. Pin-560035 (India)",3,3,10.0,25.0,critical,#FF4B4B
86618922fffffff,0,25,12.8966849,77.7200527,"Sarjapura Main Road, Kodathi Gate, Kodathi, Bengaluru, Karnataka. Pin-560035 (India)",4,4,10.0,25.0,critical,#FF4B4B
86618922fffffff,0,25,12.8966849,77.7200527,"Sarjapura Main Road, Kodathi Gate, Kodathi, Bengaluru, Karnataka. Pin-560035 (India)",5,2,10.0,25.0,critical,#FF4B4B
86618922fffffff,0,25,12.8966849,77.7200527,"Sarjapura Main Road, Kodathi Gate, Kodathi, Bengaluru, Karnataka. Pin-560035 (India)",6,1,10.0,25.0,critical,#FF4B4B
86618922fffffff,1,26,12.8967038,77.7200246,"Sarjapura Main Road, Kodathi Gate, Kodathi, Bengaluru, Karnataka. Pin-560035 (India)",0,6,10.0,26.0,critical,#FF4B4B
86618922fffffff,1,26,12.8967038,77.7200246,"Sarjapura Main Road, Kodathi Gate, Kodathi, Bengaluru, Karnataka. Pin-560035 (India)",1,6,10.0,26.0,critical,#FF4B4B
86618922fffffff,1,26,12.8967038,77.7200246,"Sarjapura Main Road, Kodathi Gate, Kodathi, Bengaluru, Karnataka. Pin-560035 (India)",3,2,10.0,26.0,critical,#FF4B4B
86618922fffffff,1,26,12.8967038,77.7200246,"Sarjapura Main Road, Kodathi Gate, Kodathi, Bengaluru, Karnataka. Pin-560035 (India)",4,7,10.0,26.0,critical,#FF4B4B
86618922fffffff,1,26,12.8967038,77.7200246,"Sarjapura Main Road, Kodathi Gate, Kodathi, Bengaluru, Karnataka. Pin-560035 (India)",5,1,10.0,26.0,critical,#FF4B4B
86618922fffffff,1,26,12.8967038,77.7200246,"Sarjapura Main Road, Kodathi Gate, Kodathi, Bengaluru, Karnataka. Pin-560035 (India)",6,4,10.0,26.0,critical,#FF4B4B
86618922fffffff,2,13,12.8964759,77.7199171,"Sarjapura Main Road, Kodathi Gate, Kodathi, Bengaluru, Karnataka. Pin-560035 (India)",0,7,8.57,11.14,critical,#FF4B4B
86618922fffffff,2,13,12.8964759,77.7199171,"Sarjapura Main Road, Kodathi Gate, Kodathi, Bengaluru, Karnataka. Pin-560035 (India)",1,1,10.0,13.0,critical,#FF4B4B
86618922fffffff,2,13,12.8964759,77.7199171,"Sarjapura Main Road, Kodathi Gate, Kodathi, Bengaluru, Karnataka. Pin-560035 (India)",2,3,10.0,13.0,critical,#FF4B4B
86618922fffffff,2,13,12.8964759,77.7199171,"Sarjapura Main Road, Kodathi Gate, Kodathi, Bengaluru, Karnataka. Pin-560035 (India)",5,2,10.0,13.0,critical,#FF4B4B
86618922fffffff,3,26,12.8876551,77.7384759,"Sarjapura Main Road, Muthanallur Cross, Dommasandra Anekal Taluka, Bengaluru, Karnataka. Pin-562125 (India)",0,2,10.0,26.0,critical,#FF4B4B
86618922fffffff,3,26,12.8876551,77.7384759,"Sarjapura Main Road, Muthanallur Cross, Dommasandra Anekal Taluka, Bengaluru, Karnataka. Pin-562125 (India)",1,3,10.0,26.0,critical,#FF4B4B
86618922fffffff,3,26,12.8876551,77.7384759,"Sarjapura Main Road, Muthanallur Cross, Dommasandra Anekal Taluka, Bengaluru, Karnataka. Pin-562125 (India)",2,6,10.0,26.0,critical,#FF4B4B
86618922fffffff,3,26,12.8876551,77.7384759,"Sarjapura Main Road, Muthanallur Cross, Dommasandra Anekal Taluka, Bengaluru, Karnataka. Pin-562125 (India)",3,1,10.0,26.0,critical,#FF4B4B
86618922fffffff,3,26,12.8876551,77.7384759,"Sarjapura Main Road, Muthanallur Cross, Dommasandra Anekal Taluka, Bengaluru, Karnataka. Pin-562125 (India)",4,7,10.0,26.0,critical,#FF4B4B
86618922fffffff,3,26,12.8876551,77.7384759,"Sarjapura Main Road, Muthanallur Cross, Dommasandra Anekal Taluka, Bengaluru, Karnataka. Pin-562125 (India)",6,7,10.0,26.0,critical,#FF4B4B
86618922fffffff,4,21,12.8967081,77.7200179,"Sarjapura Main Road, Kodathi Gate, Kodathi, Bengaluru, Karnataka. Pin-560035 (India)",0,6,10.0,21.0,critical,#FF4B4B
86618922fffffff,4,21,12.8967081,77.7200179,"Sarjapura Main Road, Kodathi Gate, Kodathi, Bengaluru, Karnataka. Pin-560035 (India)",1,1,10.0,21.0,critical,#FF4B4B
86618922fffffff,4,21,12.8967081,77.7200179,"Sarjapura Main Road, Kodathi Gate, Kodathi, Bengaluru, Karnataka. Pin-560035 (India)",2,2,10.0,21.0,critical,#FF4B4B
86618922fffffff,4,21,12.8967081,77.7200179,"Sarjapura Main Road, Kodathi Gate, Kodathi, Bengaluru, Karnataka. Pin-560035 (India)",3,3,10.0,21.0,critical,#FF4B4B
86618922fffffff,4,21,12.8967081,77.7200179,"Sarjapura Main Road, Kodathi Gate, Kodathi, Bengaluru, Karnataka. Pin-560035 (India)",4,2,10.0,21.0,critical,#FF4B4B
86618922fffffff,4,21,12.8967081,77.7200179,"Sarjapura Main Road, Kodathi Gate, Kodathi, Bengaluru, Karnataka. Pin-560035 (India)",5,2,10.0,21.0,critical,#FF4B4B
86618922fffffff,4,21,12.8967081,77.7200179,"Sarjapura Main Road, Kodathi Gate, Kodathi, Bengaluru, Karnataka. Pin-560035 (India)",6,5,10.0,21.0,critical,#FF4B4B
86618922fffffff,5,33,12.8967251,77.7200227,"Sarjapura Main Road, Kodathi Gate, Kodathi, Bengaluru, Karnataka. Pin-560035 (India)",0,4,10.0,33.0,critical,#FF4B4B
86618922fffffff,5,33,12.8967251,77.7200227,"Sarjapura Main Road, Kodathi Gate, Kodathi, Bengaluru, Karnataka. Pin-560035 (India)",1,3,10.0,33.0,critical,#FF4B4B
86618922fffffff,5,33,12.8967251,77.7200227,"Sarjapura Main Road, Kodathi Gate, Kodathi, Bengaluru, Karnataka. Pin-560035 (India)",3,3,10.0,33.0,critical,#FF4B4B
86618922fffffff,5,33,12.8967251,77.7200227,"Sarjapura Main Road, Kodathi Gate, Kodathi, Bengaluru, Karnataka. Pin-560035 (India)",4,9,10.0,33.0,critical,#FF4B4B
86618922fffffff,5,33,12.8967251,77.7200227,"Sarjapura Main Road, Kodathi Gate, Kodathi, Bengaluru, Karnataka. Pin-560035 (India)",5,7,10.0,33.0,critical,#FF4B4B
86618922fffffff,5,33,12.8967251,77.7200227,"Sarjapura Main Road, Kodathi Gate, Kodathi, Bengaluru, Karnataka. Pin-560035 (India)",6,7,10.0,33.0,critical,#FF4B4B
86618922fffffff,6,20,12.8967625,77.7199505,"Sarjapura Main Road, Kodathi Gate, Kodathi, Bengaluru, Karnataka. Pin-560035 (India)",0,2,10.0,20.0,critical,#FF4B4B
86618922fffffff,6,20,12.8967625,77.7199505,"Sarjapura Main Road, Kodathi Gate, Kodathi, Bengaluru, Karnataka. Pin-560035 (India)",1,8,10.0,20.0,critical,#FF4B4B
86618922fffffff,6,20,12.8967625,77.7199505,"Sarjapura Main Road, Kodathi Gate, Kodathi, Bengaluru, Karnataka. Pin-560035 (India)",2,2,10.0,20.0,critical,#FF4B4B
86618922fffffff,6,20,12.8967625,77.7199505,"Sarjapura Main Road, Kodathi Gate, Kodathi, Bengaluru, Karnataka. Pin-560035 (India)",3,2,10.0,20.0,critical,#FF4B4B
86618922fffffff,6,20,12.8967625,77.7199505,"Sarjapura Main Road, Kodathi Gate, Kodathi, Bengaluru, Karnataka. Pin-560035 (India)",4,5,10.0,20.0,critical,#FF4B4B
86618922fffffff,6,20,12.8967625,77.7199505,"Sarjapura Main Road, Kodathi Gate, Kodathi, Bengaluru, Karnataka. Pin-560035 (India)",5,1,10.0,20.0,critical,#FF4B4B
86618922fffffff,7,6,12.8966139,77.720004,"Sarjapura Main Road, Kodathi Gate, Kodathi, Bengaluru, Karnataka. Pin-560035 (India)",3,3,10.0,6.0,monitor,#FFA500
86618922fffffff,7,6,12.8966139,77.720004,"Sarjapura Main Road, Kodathi Gate, Kodathi, Bengaluru, Karnataka. Pin-560035 (India)",5,2,10.0,6.0,monitor,#FFA500
86618922fffffff,7,6,12.8966139,77.720004,"Sarjapura Main Road, Kodathi Gate, Kodathi, Bengaluru, Karnataka. Pin-560035 (India)",6,1,10.0,6.0,monitor,#FFA500
86618922fffffff,8,5,12.8966989,77.7199836,"Sarjapura Main Road, Kodathi Gate, Kodathi, Bengaluru, Karnataka. Pin-560035 (India)",2,1,10.0,5.0,monitor,#FFA500
86618922fffffff,8,5,12.8966989,77.7199836,"Sarjapura Main Road, Kodathi Gate, Kodathi, Bengaluru, Karnataka. Pin-560035 (India)",3,2,10.0,5.0,monitor,#FFA500
86618922fffffff,8,5,12.8966989,77.7199836,"Sarjapura Main Road, Kodathi Gate, Kodathi, Bengaluru, Karnataka. Pin-560035 (India)",4,1,10.0,5.0,monitor,#FFA500
86618922fffffff,8,5,12.8966989,77.7199836,"Sarjapura Main Road, Kodathi Gate, Kodathi, Bengaluru, Karnataka. Pin-560035 (India)",6,1,10.0,5.0,monitor,#FFA500
86618922fffffff,9,4,12.8966922,77.7199382,"Sarjapura Main Road, Kodathi Gate, Kodathi, Bengaluru, Karnataka. Pin-560035 (India)",2,1,10.0,4.0,monitor,#FFA500
86618922fffffff,9,4,12.8966922,77.7199382,"Sarjapura Main Road, Kodathi Gate, Kodathi, Bengaluru, Karnataka. Pin-560035 (India)",3,1,10.0,4.0,monitor,#FFA500
86618922fffffff,9,4,12.8966922,77.7199382,"Sarjapura Main Road, Kodathi Gate, Kodathi, Bengaluru, Karnataka. Pin-560035 (India)",4,2,10.0,4.0,monitor,#FFA500
86618922fffffff,19,10,12.8966294,77.7199022,"Sarjapura Main Road, Kodathi Gate, Kodathi, Bengaluru, Karnataka. Pin-560035 (India)",0,2,10.0,10.0,critical,#FF4B4B
86618922fffffff,19,10,12.8966294,77.7199022,"Sarjapura Main Road, Kodathi Gate, Kodathi, Bengaluru, Karnataka. Pin-560035 (India)",1,1,10.0,10.0,critical,#FF4B4B
86618922fffffff,19,10,12.8966294,77.7199022,"Sarjapura Main Road, Kodathi Gate, Kodathi, Bengaluru, Karnataka. Pin-560035 (India)",3,1,10.0,10.0,critical,#FF4B4B
86618922fffffff,19,10,12.8966294,77.7199022,"Sarjapura Main Road, Kodathi Gate, Kodathi, Bengaluru, Karnataka. Pin-560035 (India)",4,2,10.0,10.0,critical,#FF4B4B
86618922fffffff,19,10,12.8966294,77.7199022,"Sarjapura Main Road, Kodathi Gate, Kodathi, Bengaluru, Karnataka. Pin-560035 (India)",6,4,10.0,10.0,critical,#FF4B4B
86618922fffffff,20,10,12.8969699,77.7201953,"Varthur Main Road, Dommansandra Circle, Dommasandra Anekal Taluka, Bengaluru, Karnataka. Pin-562125 (India)",1,1,10.0,10.0,critical,#FF4B4B
86618922fffffff,20,10,12.8969699,77.7201953,"Varthur Main Road, Dommansandra Circle, Dommasandra Anekal Taluka, Bengaluru, Karnataka. Pin-562125 (India)",3,4,10.0,10.0,critical,#FF4B4B
86618922fffffff,20,10,12.8969699,77.7201953,"Varthur Main Road, Dommansandra Circle, Dommasandra Anekal Taluka, Bengaluru, Karnataka. Pin-562125 (India)",5,5,10.0,10.0,critical,#FF4B4B
86618922fffffff,21,2,12.8964736,77.7201158,"Sarjapura Main Road, Kodathi Gate, Kodathi, Bengaluru, Karnataka. Pin-560035 (India)",0,2,0.0,0.0,green,#00CC66
86618922fffffff,22,16,12.8966634,77.7199838,"Sarjapura Main Road, Kodathi Gate, Kodathi, Bengaluru, Karnataka. Pin-560035 (India)",0,1,10.0,16.0,critical,#FF4B4B
86618922fffffff,22,16,12.8966634,77.7199838,"Sarjapura Main Road, Kodathi Gate, Kodathi, Bengaluru, Karnataka. Pin-560035 (India)",4,6,10.0,16.0,critical,#FF4B4B
86618922fffffff,22,16,12.8966634,77.7199838,"Sarjapura Main Road, Kodathi Gate, Kodathi, Bengaluru, Karnataka. Pin-560035 (India)",5,2,10.0,16.0,critical,#FF4B4B
86618922fffffff,22,16,12.8966634,77.7199838,"Sarjapura Main Road, Kodathi Gate, Kodathi, Bengaluru, Karnataka. Pin-560035 (India)",6,7,10.0,16.0,critical,#FF4B4B
86618922fffffff,23,31,12.8966473,77.7199393,"Sarjapura Main Road, Kodathi Gate, Kodathi, Bengaluru, Karnataka. Pin-560035 (India)",1,1,10.0,31.0,critical,#FF4B4B
86618922fffffff,23,31,12.8966473,77.7199393,"Sarjapura Main Road, Kodathi Gate, Kodathi, Bengaluru, Karnataka. Pin-560035 (India)",2,5,10.0,31.0,critical,#FF4B4B
86618922fffffff,23,31,12.8966473,77.7199393,"Sarjapura Main Road, Kodathi Gate, Kodathi, Bengaluru, Karnataka. Pin-560035 (India)",3,7,10.0,31.0,critical,#FF4B4B
86618922fffffff,23,31,12.8966473,77.7199393,"Sarjapura Main Road, Kodathi Gate, Kodathi, Bengaluru, Karnataka. Pin-560035 (India)",4,6,10.0,31.0,critical,#FF4B4B
86618922fffffff,23,31,12.8966473,77.7199393,"Sarjapura Main Road, Kodathi Gate, Kodathi, Bengaluru, Karnataka. Pin-560035 (India)",5,7,10.0,31.0,critical,#FF4B4B
86618922fffffff,23,31,12.8966473,77.7199393,"Sarjapura Main Road, Kodathi Gate, Kodathi, Bengaluru, Karnataka. Pin-560035 (India)",6,5,10.0,31.0,critical,#FF4B4B
866189247ffffff,0,400,12.9161947,77.6385188,"Outer Ring Road, Sector 5, HSR Layout, Bengaluru, Karnataka. Pin-560102 (India)",0,21,10.0,400.0,critical,#FF4B4B
866189247ffffff,0,400,12.9161947,77.6385188,"Outer Ring Road, Sector 5, HSR Layout, Bengaluru, Karnataka. Pin-560102 (India)",1,65,10.0,400.0,critical,#FF4B4B
866189247ffffff,0,400,12.9161947,77.6385188,"Outer Ring Road, Sector 5, HSR Layout, Bengaluru, Karnataka. Pin-560102 (India)",2,66,10.0,400.0,critical,#FF4B4B
866189247ffffff,0,400,12.9161947,77.6385188,"Outer Ring Road, Sector 5, HSR Layout, Bengaluru, Karnataka. Pin-560102 (India)",3,42,10.0,400.0,critical,#FF4B4B
866189247ffffff,0,400,12.9161947,77.6385188,"Outer Ring Road, Sector 5, HSR Layout, Bengaluru, Karnataka. Pin-560102 (India)",4,45,10.0,400.0,critical,#FF4B4B
866189247ffffff,0,400,12.9161947,77.6385188,"Outer Ring Road, Sector 5, HSR Layout, Bengaluru, Karnataka. Pin-560102 (India)",5,40,10.0,400.0,critical,#FF4B4B
866189247ffffff,0,400,12.9161947,77.6385188,"Outer Ring Road, Sector 5, HSR Layout, Bengaluru, Karnataka. Pin-560102 (India)",6,121,10.0,400.0,critical,#FF4B4B
866189247ffffff,1,245,12.916376,77.6380682,"14th Main Road, Sector 5, HSR Layout, Bengaluru, Karnataka. Pin-560102 (India)",0,29,10.0,245.0,critical,#FF4B4B
866189247ffffff,1,245,12.916376,77.6380682,"14th Main Road, Sector 5, HSR Layout, Bengaluru, Karnataka. Pin-560102 (India)",1,15,10.0,245.0,critical,#FF4B4B
866189247ffffff,1,245,12.916376,77.6380682,"14th Main Road, Sector 5, HSR Layout, Bengaluru, Karnataka. Pin-560102 (India)",2,43,10.0,245.0,critical,#FF4B4B
866189247ffffff,1,245,12.916376,77.6380682,"14th Main Road, Sector 5, HSR Layout, Bengaluru, Karnataka. Pin-560102 (India)",3,19,10.0,245.0,critical,#FF4B4B
866189247ffffff,1,245,12.916376,77.6380682,"14th Main Road, Sector 5, HSR Layout, Bengaluru, Karnataka. Pin-560102 (India)",4,17,10.0,245.0,critical,#FF4B4B
866189247ffffff,1,245,12.916376,77.6380682,"14th Main Road, Sector 5, HSR Layout, Bengaluru, Karnataka. Pin-560102 (India)",5,76,10.0,245.0,critical,#FF4B4B
866189247ffffff,1,245,12.916376,77.6380682,"14th Main Road, Sector 5, HSR Layout, Bengaluru, Karnataka. Pin-560102 (India)",6,46,10.0,245.0,critical,#FF4B4B
866189247ffffff,2,158,12.9122619,77.6258839,"Hosur Road, Krimson Square, Muneshwara Nagar, HSR Layout, Bengaluru, Karnataka. Pin-560102 (India)",0,9,10.0,158.0,critical,#FF4B4B
866189247ffffff,2,158,12.9122619,77.6258839,"Hosur Road, Krimson Square, Muneshwara Nagar, HSR Layout, Bengaluru, Karnataka. Pin-560102 (India)",1,18,10.0,158.0,critical,#FF4B4B
866189247ffffff,2,158,12.9122619,77.6258839,"Hosur Road, Krimson Square, Muneshwara Nagar, HSR Layout, Bengaluru, Karnataka. Pin-560102 (India)",2,51,10.0,158.0,critical,#FF4B4B
866189247ffffff,2,158,12.9122619,77.6258839,"Hosur Road, Krimson Square, Muneshwara Nagar, HSR Layout, Bengaluru, Karnataka. Pin-560102 (India)",3,25,10.0,158.0,critical,#FF4B4B
866189247ffffff,2,158,12.9122619,77.6258839,"Hosur Road, Krimson Square, Muneshwara Nagar, HSR Layout, Bengaluru, Karnataka. Pin-560102 (India)",4,29,10.0,158.0,critical,#FF4B4B
866189247ffffff,2,158,12.9122619,77.6258839,"Hosur Road, Krimson Square, Muneshwara Nagar, HSR Layout, Bengaluru, Karnataka. Pin-560102 (India)",5,5,10.0,158.0,critical,#FF4B4B
866189247ffffff,2,158,12.9122619,77.6258839,"Hosur Road, Krimson Square, Muneshwara Nagar, HSR Layout, Bengaluru, Karnataka. Pin-560102 (India)",6,21,10.0,158.0,critical,#FF4B4B
866189247ffffff,3,105,12.8702136,77.6536332,"Hosa Road, Channakeshava Nagar, Singasandra, Bengaluru, Karnataka. Pin-560100 (India)",0,19,10.0,105.0,critical,#FF4B4B
866189247ffffff,3,105,12.8702136,77.6536332,"Hosa Road, Channakeshava Nagar, Singasandra, Bengaluru, Karnataka. Pin-560100 (India)",1,15,10.0,105.0,critical,#FF4B4B
866189247ffffff,3,105,12.8702136,77.6536332,"Hosa Road, Channakeshava Nagar, Singasandra, Bengaluru, Karnataka. Pin-560100 (India)",2,15,10.0,105.0,critical,#FF4B4B
866189247ffffff,3,105,12.8702136,77.6536332,"Hosa Road, Channakeshava Nagar, Singasandra, Bengaluru, Karnataka. Pin-560100 (India)",3,9,10.0,105.0,critical,#FF4B4B
866189247ffffff,3,105,12.8702136,77.6536332,"Hosa Road, Channakeshava Nagar, Singasandra, Bengaluru, Karnataka. Pin-560100 (India)",4,9,10.0,105.0,critical,#FF4B4B
866189247ffffff,3,105,12.8702136,77.6536332,"Hosa Road, Channakeshava Nagar, Singasandra, Bengaluru, Karnataka. Pin-560100 (India)",5,5,10.0,105.0,critical,#FF4B4B
866189247ffffff,3,105,12.8702136,77.6536332,"Hosa Road, Channakeshava Nagar, Singasandra, Bengaluru, Karnataka. Pin-560100 (India)",6,33,10.0,105.0,critical,#FF4B4B
866189247ffffff,4,490,12.9123716,77.6380385,"13th Main Road, The Metropolitan Cooperative Housing Society, Sector 4, HSR Layout, Bengaluru, Karnataka. Pin-560102 (India)",0,27,10.0,490.0,critical,#FF4B4B
866189247ffffff,4,490,12.9123716,77.6380385,"13th Main Road, The Metropolitan Cooperative Housing Society, Sector 4, HSR Layout, Bengaluru, Karnataka. Pin-560102 (India)",1,43,10.0,490.0,critical,#FF4B4B
866189247ffffff,4,490,12.9123716,77.6380385,"13th Main Road, The Metropolitan Cooperative Housing Society, Sector 4, HSR Layout, Bengaluru, Karnataka. Pin-560102 (India)",2,51,10.0,490.0,critical,#FF4B4B
866189247ffffff,4,490,12.9123716,77.6380385,"13th Main Road, The Metropolitan Cooperative Housing Society, Sector 4, HSR Layout, Bengaluru, Karnataka. Pin-560102 (India)",3,86,10.0,490.0,critical,#FF4B4B
866189247ffffff,4,490,12.9123716,77.6380385,"13th Main Road, The Metropolitan Cooperative Housing Society, Sector 4, HSR Layout, Bengaluru, Karnataka. Pin-560102 (India)",4,36,10.0,490.0,critical,#FF4B4B
866189247ffffff,4,490,12.9123716,77.6380385,"13th Main Road, The Metropolitan Cooperative Housing Society, Sector 4, HSR Layout, Bengaluru, Karnataka. Pin-560102 (India)",5,103,10.0,490.0,critical,#FF4B4B
866189247ffffff,4,490,12.9123716,77.6380385,"13th Main Road, The Metropolitan Cooperative Housing Society, Sector 4, HSR Layout, Bengaluru, Karnataka. Pin-560102 (India)",6,144,10.0,490.0,critical,#FF4B4B
866189247ffffff,5,1039,12.9033026,77.625017,"Kodichikkanahalli Main Road, Bommanahalli, Bengaluru, Karnataka. Pin-560068 (India)",0,104,10.0,1039.0,critical,#FF4B4B
866189247ffffff,5,1039,12.9033026,77.625017,"Kodichikkanahalli Main Road, Bommanahalli, Bengaluru, Karnataka. Pin-560068 (India)",1,136,10.0,1039.0,critical,#FF4B4B
866189247ffffff,5,1039,12.9033026,77.625017,"Kodichikkanahalli Main Road, Bommanahalli, Bengaluru, Karnataka. Pin-560068 (India)",2,123,10.0,1039.0,critical,#FF4B4B
866189247ffffff,5,1039,12.9033026,77.625017,"Kodichikkanahalli Main Road, Bommanahalli, Bengaluru, Karnataka. Pin-560068 (India)",3,158,10.0,1039.0,critical,#FF4B4B
866189247ffffff,5,1039,12.9033026,77.625017,"Kodichikkanahalli Main Road, Bommanahalli, Bengaluru, Karnataka. Pin-560068 (India)",4,152,10.0,1039.0,critical,#FF4B4B
866189247ffffff,5,1039,12.9033026,77.625017,"Kodichikkanahalli Main Road, Bommanahalli, Bengaluru, Karnataka. Pin-560068 (India)",5,173,10.0,1039.0,critical,#FF4B4B
866189247ffffff,5,1039,12.9033026,77.625017,"Kodichikkanahalli Main Road, Bommanahalli, Bengaluru, Karnataka. Pin-560068 (India)",6,193,10.0,1039.0,critical,#FF4B4B
866189247ffffff,6,980,12.9116629,77.6383245,"Max, 1091, 19th Cross Road, Sector 3, HSR Layout, Bengaluru South City Corporation, Bengaluru, Bangalore South, Bengaluru Urban, Karnataka, 560102, India",0,109,10.0,980.0,critical,#FF4B4B
866189247ffffff,6,980,12.9116629,77.6383245,"Max, 1091, 19th Cross Road, Sector 3, HSR Layout, Bengaluru South City Corporation, Bengaluru, Bangalore South, Bengaluru Urban, Karnataka, 560102, India",1,146,10.0,980.0,critical,#FF4B4B
866189247ffffff,6,980,12.9116629,77.6383245,"Max, 1091, 19th Cross Road, Sector 3, HSR Layout, Bengaluru South City Corporation, Bengaluru, Bangalore South, Bengaluru Urban, Karnataka, 560102, India",2,94,10.0,980.0,critical,#FF4B4B
866189247ffffff,6,980,12.9116629,77.6383245,"Max, 1091, 19th Cross Road, Sector 3, HSR Layout, Bengaluru South City Corporation, Bengaluru, Bangalore South, Bengaluru Urban, Karnataka, 560102, India",3,159,10.0,980.0,critical,#FF4B4B
866189247ffffff,6,980,12.9116629,77.6383245,"Max, 1091, 19th Cross Road, Sector 3, HSR Layout, Bengaluru South City Corporation, Bengaluru, Bangalore South, Bengaluru Urban, Karnataka, 560102, India",4,179,10.0,980.0,critical,#FF4B4B
866189247ffffff,6,980,12.9116629,77.6383245,"Max, 1091, 19th Cross Road, Sector 3, HSR Layout, Bengaluru South City Corporation, Bengaluru, Bangalore South, Bengaluru Urban, Karnataka, 560102, India",5,158,10.0,980.0,critical,#FF4B4B
866189247ffffff,6,980,12.9116629,77.6383245,"Max, 1091, 19th Cross Road, Sector 3, HSR Layout, Bengaluru South City Corporation, Bengaluru, Bangalore South, Bengaluru Urban, Karnataka, 560102, India",6,135,10.0,980.0,critical,#FF4B4B
866189247ffffff,7,939,12.89209527630706,77.63817775007108,"Electronics City Flyover, Ozone Manay Tech Park, Garvebhavi Palya, Bengaluru, Karnataka. Pin-560068 (India)",0,78,10.0,939.0,critical,#FF4B4B
866189247ffffff,7,939,12.89209527630706,77.63817775007108,"Electronics City Flyover, Ozone Manay Tech Park, Garvebhavi Palya, Bengaluru, Karnataka. Pin-560068 (India)",1,205,10.0,939.0,critical,#FF4B4B
866189247ffffff,7,939,12.89209527630706,77.63817775007108,"Electronics City Flyover, Ozone Manay Tech Park, Garvebhavi Palya, Bengaluru, Karnataka. Pin-560068 (India)",2,73,10.0,939.0,critical,#FF4B4B
866189247ffffff,7,939,12.89209527630706,77.63817775007108,"Electronics City Flyover, Ozone Manay Tech Park, Garvebhavi Palya, Bengaluru, Karnataka. Pin-560068 (India)",3,68,10.0,939.0,critical,#FF4B4B
866189247ffffff,7,939,12.89209527630706,77.63817775007108,"Electronics City Flyover, Ozone Manay Tech Park, Garvebhavi Palya, Bengaluru, Karnataka. Pin-560068 (India)",4,149,10.0,939.0,critical,#FF4B4B
866189247ffffff,7,939,12.89209527630706,77.63817775007108,"Electronics City Flyover, Ozone Manay Tech Park, Garvebhavi Palya, Bengaluru, Karnataka. Pin-560068 (India)",5,130,10.0,939.0,critical,#FF4B4B
866189247ffffff,7,939,12.89209527630706,77.63817775007108,"Electronics City Flyover, Ozone Manay Tech Park, Garvebhavi Palya, Bengaluru, Karnataka. Pin-560068 (India)",6,236,10.0,939.0,critical,#FF4B4B
866189247ffffff,8,676,12.912504769635532,77.63381218775751,"17th Cross Road, Sector 7, HSR Layout, Bengaluru, Karnataka. Pin-560102 (India)",0,67,10.0,676.0,critical,#FF4B4B
866189247ffffff,8,676,12.912504769635532,77.63381218775751,"17th Cross Road, Sector 7, HSR Layout, Bengaluru, Karnataka. Pin-560102 (India)",1,83,10.0,676.0,critical,#FF4B4B
866189247ffffff,8,676,12.912504769635532,77.63381218775751,"17th Cross Road, Sector 7, HSR Layout, Bengaluru, Karnataka. Pin-560102 (India)",2,72,10.0,676.0,critical,#FF4B4B
866189247ffffff,8,676,12.912504769635532,77.63381218775751,"17th Cross Road, Sector 7, HSR Layout, Bengaluru, Karnataka. Pin-560102 (India)",3,66,10.0,676.0,critical,#FF4B4B
866189247ffffff,8,676,12.912504769635532,77.63381218775751,"17th Cross Road, Sector 7, HSR Layout, Bengaluru, Karnataka. Pin-560102 (India)",4,118,10.0,676.0,critical,#FF4B4B
866189247ffffff,8,676,12.912504769635532,77.63381218775751,"17th Cross Road, Sector 7, HSR Layout, Bengaluru, Karnataka. Pin-560102 (India)",5,101,10.0,676.0,critical,#FF4B4B
866189247ffffff,8,676,12.912504769635532,77.63381218775751,"17th Cross Road, Sector 7, HSR Layout, Bengaluru, Karnataka. Pin-560102 (India)",6,169,10.0,676.0,critical,#FF4B4B
866189247ffffff,9,258,12.9116238,77.6262592,"Hosur Road, Krimson Square, Muneshwara Nagar, HSR Layout, Bengaluru, Karnataka. Pin-560102 (India)",0,38,10.0,258.0,critical,#FF4B4B
866189247ffffff,9,258,12.9116238,77.6262592,"Hosur Road, Krimson Square, Muneshwara Nagar, HSR Layout, Bengaluru, Karnataka. Pin-560102 (India)",1,28,10.0,258.0,critical,#FF4B4B
866189247ffffff,9,258,12.9116238,77.6262592,"Hosur Road, Krimson Square, Muneshwara Nagar, HSR Layout, Bengaluru, Karnataka. Pin-560102 (India)",2,11,10.0,258.0,critical,#FF4B4B
866189247ffffff,9,258,12.9116238,77.6262592,"Hosur Road, Krimson Square, Muneshwara Nagar, HSR Layout, Bengaluru, Karnataka. Pin-560102 (India)",3,7,10.0,258.0,critical,#FF4B4B
866189247ffffff,9,258,12.9116238,77.6262592,"Hosur Road, Krimson Square, Muneshwara Nagar, HSR Layout, Bengaluru, Karnataka. Pin-560102 (India)",4,41,10.0,258.0,critical,#FF4B4B
866189247ffffff,9,258,12.9116238,77.6262592,"Hosur Road, Krimson Square, Muneshwara Nagar, HSR Layout, Bengaluru, Karnataka. Pin-560102 (India)",5,36,10.0,258.0,critical,#FF4B4B
866189247ffffff,9,258,12.9116238,77.6262592,"Hosur Road, Krimson Square, Muneshwara Nagar, HSR Layout, Bengaluru, Karnataka. Pin-560102 (India)",6,97,10.0,258.0,critical,#FF4B4B
866189247ffffff,10,15,12.9115871,77.626439,"Sector 7, HSR Layout, Bengaluru South City Corporation, Bengaluru, Bangalore South, Bengaluru Urban, Karnataka, 560068, India",0,1,10.0,15.0,critical,#FF4B4B
866189247ffffff,10,15,12.9115871,77.626439,"Sector 7, HSR Layout, Bengaluru South City Corporation, Bengaluru, Bangalore South, Bengaluru Urban, Karnataka, 560068, India",2,2,10.0,15.0,critical,#FF4B4B
866189247ffffff,10,15,12.9115871,77.626439,"Sector 7, HSR Layout, Bengaluru South City Corporation, Bengaluru, Bangalore South, Bengaluru Urban, Karnataka, 560068, India",4,2,10.0,15.0,critical,#FF4B4B
866189247ffffff,10,15,12.9115871,77.626439,"Sector 7, HSR Layout, Bengaluru South City Corporation, Bengaluru, Bangalore South, Bengaluru Urban, Karnataka, 560068, India",5,2,10.0,15.0,critical,#FF4B4B
866189247ffffff,10,15,12.9115871,77.626439,"Sector 7, HSR Layout, Bengaluru South City Corporation, Bengaluru, Bangalore South, Bengaluru Urban, Karnataka, 560068, India",6,8,8.75,13.12,critical,#FF4B4B
866189247ffffff,11,10,12.9109237,77.6268716,"Hosur Road, Muneshwara Nagar, HSR Layout, Bengaluru, Karnataka. Pin-560102 (India)",0,8,2.5,2.5,green,#00CC66
866189247ffffff,11,10,12.9109237,77.6268716,"Hosur Road, Muneshwara Nagar, HSR Layout, Bengaluru, Karnataka. Pin-560102 (India)",1,2,10.0,10.0,critical,#FF4B4B
866189247ffffff,12,2,12.9116085,77.6264385,"Hosur Road, Muneshwara Nagar, HSR Layout, Bengaluru, Karnataka. Pin-560102 (India)",0,1,10.0,2.0,green,#00CC66
866189247ffffff,12,2,12.9116085,77.6264385,"Hosur Road, Muneshwara Nagar, HSR Layout, Bengaluru, Karnataka. Pin-560102 (India)",5,1,10.0,2.0,green,#00CC66
866189247ffffff,18,5,12.9064272,77.6301537,"Hosapalya Main Road, BKL Colony, Bommanahalli, Bengaluru, Karnataka. Pin-560068 (India)",1,2,10.0,5.0,monitor,#FFA500
866189247ffffff,18,5,12.9064272,77.6301537,"Hosapalya Main Road, BKL Colony, Bommanahalli, Bengaluru, Karnataka. Pin-560068 (India)",2,3,6.67,3.34,monitor,#FFA500
866189247ffffff,19,48,12.9125796,77.6251791,"Hosur Road, Krimson Square, Muneshwara Nagar, HSR Layout, Bengaluru, Karnataka. Pin-560102 (India)",0,4,10.0,48.0,critical,#FF4B4B
866189247ffffff,19,48,12.9125796,77.6251791,"Hosur Road, Krimson Square, Muneshwara Nagar, HSR Layout, Bengaluru, Karnataka. Pin-560102 (India)",1,4,10.0,48.0,critical,#FF4B4B
866189247ffffff,19,48,12.9125796,77.6251791,"Hosur Road, Krimson Square, Muneshwara Nagar, HSR Layout, Bengaluru, Karnataka. Pin-560102 (India)",2,5,10.0,48.0,critical,#FF4B4B
866189247ffffff,19,48,12.9125796,77.6251791,"Hosur Road, Krimson Square, Muneshwara Nagar, HSR Layout, Bengaluru, Karnataka. Pin-560102 (India)",3,26,8.46,40.61,critical,#FF4B4B
866189247ffffff,19,48,12.9125796,77.6251791,"Hosur Road, Krimson Square, Muneshwara Nagar, HSR Layout, Bengaluru, Karnataka. Pin-560102 (India)",4,5,10.0,48.0,critical,#FF4B4B
866189247ffffff,19,48,12.9125796,77.6251791,"Hosur Road, Krimson Square, Muneshwara Nagar, HSR Layout, Bengaluru, Karnataka. Pin-560102 (India)",5,4,10.0,48.0,critical,#FF4B4B
866189247ffffff,20,674,12.890924,77.6388561,"Electronics City Flyover, Krishna Reddy Industrial Area, Garvebhavi Palya, Bengaluru, Karnataka. Pin-560068 (India)",0,72,10.0,674.0,critical,#FF4B4B
866189247ffffff,20,674,12.890924,77.6388561,"Electronics City Flyover, Krishna Reddy Industrial Area, Garvebhavi Palya, Bengaluru, Karnataka. Pin-560068 (India)",1,94,10.0,674.0,critical,#FF4B4B
866189247ffffff,20,674,12.890924,77.6388561,"Electronics City Flyover, Krishna Reddy Industrial Area, Garvebhavi Palya, Bengaluru, Karnataka. Pin-560068 (India)",2,125,10.0,674.0,critical,#FF4B4B
866189247ffffff,20,674,12.890924,77.6388561,"Electronics City Flyover, Krishna Reddy Industrial Area, Garvebhavi Palya, Bengaluru, Karnataka. Pin-560068 (India)",3,84,10.0,674.0,critical,#FF4B4B
866189247ffffff,20,674,12.890924,77.6388561,"Electronics City Flyover, Krishna Reddy Industrial Area, Garvebhavi Palya, Bengaluru, Karnataka. Pin-560068 (India)",4,140,10.0,674.0,critical,#FF4B4B
866189247ffffff,20,674,12.890924,77.6388561,"Electronics City Flyover, Krishna Reddy Industrial Area, Garvebhavi Palya, Bengaluru, Karnataka. Pin-560068 (India)",5,24,10.0,674.0,critical,#FF4B4B
866189247ffffff,20,674,12.890924,77.6388561,"Electronics City Flyover, Krishna Reddy Industrial Area, Garvebhavi Palya, Bengaluru, Karnataka. Pin-560068 (India)",6,135,10.0,674.0,critical,#FF4B4B
866189247ffffff,21,861,12.9127065,77.6251999,"Hosur Road, Krimson Square, Muneshwara Nagar, HSR Layout, Bengaluru, Karnataka. Pin-560102 (India)",0,178,10.0,861.0,critical,#FF4B4B
866189247ffffff,21,861,12.9127065,77.6251999,"Hosur Road, Krimson Square, Muneshwara Nagar, HSR Layout, Bengaluru, Karnataka. Pin-560102 (India)",1,143,10.0,861.0,critical,#FF4B4B
866189247ffffff,21,861,12.9127065,77.6251999,"Hosur Road, Krimson Square, Muneshwara Nagar, HSR Layout, Bengaluru, Karnataka. Pin-560102 (India)",2,153,10.0,861.0,critical,#FF4B4B
866189247ffffff,21,861,12.9127065,77.6251999,"Hosur Road, Krimson Square, Muneshwara Nagar, HSR Layout, Bengaluru, Karnataka. Pin-560102 (India)",3,118,10.0,861.0,critical,#FF4B4B
866189247ffffff,21,861,12.9127065,77.6251999,"Hosur Road, Krimson Square, Muneshwara Nagar, HSR Layout, Bengaluru, Karnataka. Pin-560102 (India)",4,133,10.0,861.0,critical,#FF4B4B
866189247ffffff,21,861,12.9127065,77.6251999,"Hosur Road, Krimson Square, Muneshwara Nagar, HSR Layout, Bengaluru, Karnataka. Pin-560102 (India)",5,67,10.0,861.0,critical,#FF4B4B
866189247ffffff,21,861,12.9127065,77.6251999,"Hosur Road, Krimson Square, Muneshwara Nagar, HSR Layout, Bengaluru, Karnataka. Pin-560102 (India)",6,69,10.0,861.0,critical,#FF4B4B
866189247ffffff,22,496,12.8840788,77.6414897,"1st Main Road, Ramaiah Reddy Layout, Singasandra, Bengaluru, Karnataka. Pin-560068 (India)",0,85,10.0,496.0,critical,#FF4B4B
866189247ffffff,22,496,12.8840788,77.6414897,"1st Main Road, Ramaiah Reddy Layout, Singasandra, Bengaluru, Karnataka. Pin-560068 (India)",1,67,10.0,496.0,critical,#FF4B4B
866189247ffffff,22,496,12.8840788,77.6414897,"1st Main Road, Ramaiah Reddy Layout, Singasandra, Bengaluru, Karnataka. Pin-560068 (India)",2,45,10.0,496.0,critical,#FF4B4B
866189247ffffff,22,496,12.8840788,77.6414897,"1st Main Road, Ramaiah Reddy Layout, Singasandra, Bengaluru, Karnataka. Pin-560068 (India)",3,53,10.0,496.0,critical,#FF4B4B
866189247ffffff,22,496,12.8840788,77.6414897,"1st Main Road, Ramaiah Reddy Layout, Singasandra, Bengaluru, Karnataka. Pin-560068 (India)",4,38,10.0,496.0,critical,#FF4B4B
866189247ffffff,22,496,12.8840788,77.6414897,"1st Main Road, Ramaiah Reddy Layout, Singasandra, Bengaluru, Karnataka. Pin-560068 (India)",5,132,10.0,496.0,critical,#FF4B4B
866189247ffffff,22,496,12.8840788,77.6414897,"1st Main Road, Ramaiah Reddy Layout, Singasandra, Bengaluru, Karnataka. Pin-560068 (India)",6,76,10.0,496.0,critical,#FF4B4B
866189247ffffff,23,419,12.9033026,77.625017,"Kodichikkanahalli Main Road, Bommanahalli, Bengaluru, Karnataka. Pin-560068 (India)",0,73,10.0,419.0,critical,#FF4B4B
866189247ffffff,23,419,12.9033026,77.625017,"Kodichikkanahalli Main Road, Bommanahalli, Bengaluru, Karnataka. Pin-560068 (India)",1,67,10.0,419.0,critical,#FF4B4B
866189247ffffff,23,419,12.9033026,77.625017,"Kodichikkanahalli Main Road, Bommanahalli, Bengaluru, Karnataka. Pin-560068 (India)",2,27,10.0,419.0,critical,#FF4B4B
866189247ffffff,23,419,12.9033026,77.625017,"Kodichikkanahalli Main Road, Bommanahalli, Bengaluru, Karnataka. Pin-560068 (India)",3,73,10.0,419.0,critical,#FF4B4B
866189247ffffff,23,419,12.9033026,77.625017,"Kodichikkanahalli Main Road, Bommanahalli, Bengaluru, Karnataka. Pin-560068 (India)",4,36,10.0,419.0,critical,#FF4B4B
866189247ffffff,23,419,12.9033026,77.625017,"Kodichikkanahalli Main Road, Bommanahalli, Bengaluru, Karnataka. Pin-560068 (India)",5,84,10.0,419.0,critical,#FF4B4B
866189247ffffff,23,419,12.9033026,77.625017,"Kodichikkanahalli Main Road, Bommanahalli, Bengaluru, Karnataka. Pin-560068 (India)",6,59,10.0,419.0,critical,#FF4B4B
86618924fffffff,0,346,12.9166205,77.5726804,"Subramanyapura Road, Sarbandapalya, Banashankari Stage 2, Bengaluru, Karnataka. Pin-560070 (India)",0,21,10.0,346.0,critical,#FF4B4B
86618924fffffff,0,346,12.9166205,77.5726804,"Subramanyapura Road, Sarbandapalya, Banashankari Stage 2, Bengaluru, Karnataka. Pin-560070 (India)",1,28,10.0,346.0,critical,#FF4B4B
86618924fffffff,0,346,12.9166205,77.5726804,"Subramanyapura Road, Sarbandapalya, Banashankari Stage 2, Bengaluru, Karnataka. Pin-560070 (India)",2,133,10.0,346.0,critical,#FF4B4B
86618924fffffff,0,346,12.9166205,77.5726804,"Subramanyapura Road, Sarbandapalya, Banashankari Stage 2, Bengaluru, Karnataka. Pin-560070 (India)",3,42,10.0,346.0,critical,#FF4B4B
86618924fffffff,0,346,12.9166205,77.5726804,"Subramanyapura Road, Sarbandapalya, Banashankari Stage 2, Bengaluru, Karnataka. Pin-560070 (India)",4,25,10.0,346.0,critical,#FF4B4B
86618924fffffff,0,346,12.9166205,77.5726804,"Subramanyapura Road, Sarbandapalya, Banashankari Stage 2, Bengaluru, Karnataka. Pin-560070 (India)",5,39,10.0,346.0,critical,#FF4B4B
86618924fffffff,0,346,12.9166205,77.5726804,"Subramanyapura Road, Sarbandapalya, Banashankari Stage 2, Bengaluru, Karnataka. Pin-560070 (India)",6,58,10.0,346.0,critical,#FF4B4B
86618924fffffff,1,236,12.8788916,77.5455426,"Konanakunte Main Road, SV Jasmine, BCMC Layout, Raghuvanahalli, Bengaluru, Karnataka. Pin-560062 (India)",0,17,10.0,236.0,critical,#FF4B4B
86618924fffffff,1,236,12.8788916,77.5455426,"Konanakunte Main Road, SV Jasmine, BCMC Layout, Raghuvanahalli, Bengaluru, Karnataka. Pin-560062 (India)",1,45,10.0,236.0,critical,#FF4B4B
86618924fffffff,1,236,12.8788916,77.5455426,"Konanakunte Main Road, SV Jasmine, BCMC Layout, Raghuvanahalli, Bengaluru, Karnataka. Pin-560062 (India)",2,43,10.0,236.0,critical,#FF4B4B
86618924fffffff,1,236,12.8788916,77.5455426,"Konanakunte Main Road, SV Jasmine, BCMC Layout, Raghuvanahalli, Bengaluru, Karnataka. Pin-560062 (India)",3,45,10.0,236.0,critical,#FF4B4B
86618924fffffff,1,236,12.8788916,77.5455426,"Konanakunte Main Road, SV Jasmine, BCMC Layout, Raghuvanahalli, Bengaluru, Karnataka. Pin-560062 (India)",4,14,10.0,236.0,critical,#FF4B4B
86618924fffffff,1,236,12.8788916,77.5455426,"Konanakunte Main Road, SV Jasmine, BCMC Layout, Raghuvanahalli, Bengaluru, Karnataka. Pin-560062 (India)",5,38,10.0,236.0,critical,#FF4B4B
86618924fffffff,1,236,12.8788916,77.5455426,"Konanakunte Main Road, SV Jasmine, BCMC Layout, Raghuvanahalli, Bengaluru, Karnataka. Pin-560062 (India)",6,34,10.0,236.0,critical,#FF4B4B
86618924fffffff,2,184,12.9065058,77.5735092,"Dr Rajkumar Puniya Bhoomi Road, Jaraganahalli Circle, Ilyas Nagar, Bengaluru, Karnataka. Pin-560078 (India)",0,30,10.0,184.0,critical,#FF4B4B
86618924fffffff,2,184,12.9065058,77.5735092,"Dr Rajkumar Puniya Bhoomi Road, Jaraganahalli Circle, Ilyas Nagar, Bengaluru, Karnataka. Pin-560078 (India)",1,17,10.0,184.0,critical,#FF4B4B
86618924fffffff,2,184,12.9065058,77.5735092,"Dr Rajkumar Puniya Bhoomi Road, Jaraganahalli Circle, Ilyas Nagar, Bengaluru, Karnataka. Pin-560078 (India)",2,26,10.0,184.0,critical,#FF4B4B
86618924fffffff,2,184,12.9065058,77.5735092,"Dr Rajkumar Puniya Bhoomi Road, Jaraganahalli Circle, Ilyas Nagar, Bengaluru, Karnataka. Pin-560078 (India)",3,19,10.0,184.0,critical,#FF4B4B
86618924fffffff,2,184,12.9065058,77.5735092,"Dr Rajkumar Puniya Bhoomi Road, Jaraganahalli Circle, Ilyas Nagar, Bengaluru, Karnataka. Pin-560078 (India)",4,35,10.0,184.0,critical,#FF4B4B
86618924fffffff,2,184,12.9065058,77.5735092,"Dr Rajkumar Puniya Bhoomi Road, Jaraganahalli Circle, Ilyas Nagar, Bengaluru, Karnataka. Pin-560078 (India)",5,38,10.0,184.0,critical,#FF4B4B
86618924fffffff,2,184,12.9065058,77.5735092,"Dr Rajkumar Puniya Bhoomi Road, Jaraganahalli Circle, Ilyas Nagar, Bengaluru, Karnataka. Pin-560078 (India)",6,19,10.0,184.0,critical,#FF4B4B
86618924fffffff,3,180,12.9063795,77.5903045,"Dr Rajkumar Puniya Bhoomi Road, Narasimhaiah Garden, JP Nagar Phase 5, Bengaluru, Karnataka. Pin-560078 (India)",0,16,10.0,180.0,critical,#FF4B4B
86618924fffffff,3,180,12.9063795,77.5903045,"Dr Rajkumar Puniya Bhoomi Road, Narasimhaiah Garden, JP Nagar Phase 5, Bengaluru, Karnataka. Pin-560078 (India)",1,18,10.0,180.0,critical,#FF4B4B
86618924fffffff,3,180,12.9063795,77.5903045,"Dr Rajkumar Puniya Bhoomi Road, Narasimhaiah Garden, JP Nagar Phase 5, Bengaluru, Karnataka. Pin-560078 (India)",2,23,10.0,180.0,critical,#FF4B4B
86618924fffffff,3,180,12.9063795,77.5903045,"Dr Rajkumar Puniya Bhoomi Road, Narasimhaiah Garden, JP Nagar Phase 5, Bengaluru, Karnataka. Pin-560078 (India)",3,21,10.0,180.0,critical,#FF4B4B
86618924fffffff,3,180,12.9063795,77.5903045,"Dr Rajkumar Puniya Bhoomi Road, Narasimhaiah Garden, JP Nagar Phase 5, Bengaluru, Karnataka. Pin-560078 (India)",4,33,10.0,180.0,critical,#FF4B4B
86618924fffffff,3,180,12.9063795,77.5903045,"Dr Rajkumar Puniya Bhoomi Road, Narasimhaiah Garden, JP Nagar Phase 5, Bengaluru, Karnataka. Pin-560078 (India)",5,53,10.0,180.0,critical,#FF4B4B
86618924fffffff,3,180,12.9063795,77.5903045,"Dr Rajkumar Puniya Bhoomi Road, Narasimhaiah Garden, JP Nagar Phase 5, Bengaluru, Karnataka. Pin-560078 (India)",6,16,10.0,180.0,critical,#FF4B4B
86618924fffffff,4,241,12.8764175,77.5443751,"Konanakunte Main Road, GAG Classic Amrutha, Vajarahalli Village, Vajarahalli, Bengaluru, Karnataka. Pin-560109 (India)",0,40,10.0,241.0,critical,#FF4B4B
86618924fffffff,4,241,12.8764175,77.5443751,"Konanakunte Main Road, GAG Classic Amrutha, Vajarahalli Village, Vajarahalli, Bengaluru, Karnataka. Pin-560109 (India)",1,37,10.0,241.0,critical,#FF4B4B
86618924fffffff,4,241,12.8764175,77.5443751,"Konanakunte Main Road, GAG Classic Amrutha, Vajarahalli Village, Vajarahalli, Bengaluru, Karnataka. Pin-560109 (India)",2,32,10.0,241.0,critical,#FF4B4B
86618924fffffff,4,241,12.8764175,77.5443751,"Konanakunte Main Road, GAG Classic Amrutha, Vajarahalli Village, Vajarahalli, Bengaluru, Karnataka. Pin-560109 (India)",3,36,10.0,241.0,critical,#FF4B4B
86618924fffffff,4,241,12.8764175,77.5443751,"Konanakunte Main Road, GAG Classic Amrutha, Vajarahalli Village, Vajarahalli, Bengaluru, Karnataka. Pin-560109 (India)",4,38,10.0,241.0,critical,#FF4B4B
86618924fffffff,4,241,12.8764175,77.5443751,"Konanakunte Main Road, GAG Classic Amrutha, Vajarahalli Village, Vajarahalli, Bengaluru, Karnataka. Pin-560109 (India)",5,31,10.0,241.0,critical,#FF4B4B
86618924fffffff,4,241,12.8764175,77.5443751,"Konanakunte Main Road, GAG Classic Amrutha, Vajarahalli Village, Vajarahalli, Bengaluru, Karnataka. Pin-560109 (India)",6,27,10.0,241.0,critical,#FF4B4B
86618924fffffff,5,502,12.8938405,77.5677178,"Bikasipura Main Road, LMC Industrial Layout, Konanakunte, Bengaluru, Karnataka. Pin-560062 (India)",0,43,10.0,502.0,critical,#FF4B4B
86618924fffffff,5,502,12.8938405,77.5677178,"Bikasipura Main Road, LMC Industrial Layout, Konanakunte, Bengaluru, Karnataka. Pin-560062 (India)",1,55,10.0,502.0,critical,#FF4B4B
86618924fffffff,5,502,12.8938405,77.5677178,"Bikasipura Main Road, LMC Industrial Layout, Konanakunte, Bengaluru, Karnataka. Pin-560062 (India)",2,79,10.0,502.0,critical,#FF4B4B
86618924fffffff,5,502,12.8938405,77.5677178,"Bikasipura Main Road, LMC Industrial Layout, Konanakunte, Bengaluru, Karnataka. Pin-560062 (India)",3,99,10.0,502.0,critical,#FF4B4B
86618924fffffff,5,502,12.8938405,77.5677178,"Bikasipura Main Road, LMC Industrial Layout, Konanakunte, Bengaluru, Karnataka. Pin-560062 (India)",4,83,10.0,502.0,critical,#FF4B4B
86618924fffffff,5,502,12.8938405,77.5677178,"Bikasipura Main Road, LMC Industrial Layout, Konanakunte, Bengaluru, Karnataka. Pin-560062 (India)",5,65,10.0,502.0,critical,#FF4B4B
86618924fffffff,5,502,12.8938405,77.5677178,"Bikasipura Main Road, LMC Industrial Layout, Konanakunte, Bengaluru, Karnataka. Pin-560062 (India)",6,78,10.0,502.0,critical,#FF4B4B
86618924fffffff,6,575,12.906966533185054,77.54608495614649,"Subramanyapura Main Road, Vallabha Nagar, Uttarahalli, Bengaluru, Karnataka. Pin-560061 (India)",0,37,10.0,575.0,critical,#FF4B4B
86618924fffffff,6,575,12.906966533185054,77.54608495614649,"Subramanyapura Main Road, Vallabha Nagar, Uttarahalli, Bengaluru, Karnataka. Pin-560061 (India)",1,59,10.0,575.0,critical,#FF4B4B
86618924fffffff,6,575,12.906966533185054,77.54608495614649,"Subramanyapura Main Road, Vallabha Nagar, Uttarahalli, Bengaluru, Karnataka. Pin-560061 (India)",2,120,10.0,575.0,critical,#FF4B4B
86618924fffffff,6,575,12.906966533185054,77.54608495614649,"Subramanyapura Main Road, Vallabha Nagar, Uttarahalli, Bengaluru, Karnataka. Pin-560061 (India)",3,72,10.0,575.0,critical,#FF4B4B
86618924fffffff,6,575,12.906966533185054,77.54608495614649,"Subramanyapura Main Road, Vallabha Nagar, Uttarahalli, Bengaluru, Karnataka. Pin-560061 (India)",4,91,10.0,575.0,critical,#FF4B4B
86618924fffffff,6,575,12.906966533185054,77.54608495614649,"Subramanyapura Main Road, Vallabha Nagar, Uttarahalli, Bengaluru, Karnataka. Pin-560061 (India)",5,139,10.0,575.0,critical,#FF4B4B
86618924fffffff,6,575,12.906966533185054,77.54608495614649,"Subramanyapura Main Road, Vallabha Nagar, Uttarahalli, Bengaluru, Karnataka. Pin-560061 (India)",6,57,10.0,575.0,critical,#FF4B4B
86618924fffffff,7,385,12.906619991344298,77.54528653640092,"Subramanyapura Main Road, Veerabhadra Layout, Uttarahalli, Bengaluru, Karnataka. Pin-560061 (India)",0,69,10.0,385.0,critical,#FF4B4B
86618924fffffff,7,385,12.906619991344298,77.54528653640092,"Subramanyapura Main Road, Veerabhadra Layout, Uttarahalli, Bengaluru, Karnataka. Pin-560061 (India)",1,28,10.0,385.0,critical,#FF4B4B
86618924fffffff,7,385,12.906619991344298,77.54528653640092,"Subramanyapura Main Road, Veerabhadra Layout, Uttarahalli, Bengaluru, Karnataka. Pin-560061 (India)",2,66,10.0,385.0,critical,#FF4B4B
86618924fffffff,7,385,12.906619991344298,77.54528653640092,"Subramanyapura Main Road, Veerabhadra Layout, Uttarahalli, Bengaluru, Karnataka. Pin-560061 (India)",3,54,10.0,385.0,critical,#FF4B4B
86618924fffffff,7,385,12.906619991344298,77.54528653640092,"Subramanyapura Main Road, Veerabhadra Layout, Uttarahalli, Bengaluru, Karnataka. Pin-560061 (India)",4,42,10.0,385.0,critical,#FF4B4B
86618924fffffff,7,385,12.906619991344298,77.54528653640092,"Subramanyapura Main Road, Veerabhadra Layout, Uttarahalli, Bengaluru, Karnataka. Pin-560061 (India)",5,63,10.0,385.0,critical,#FF4B4B
86618924fffffff,7,385,12.906619991344298,77.54528653640092,"Subramanyapura Main Road, Veerabhadra Layout, Uttarahalli, Bengaluru, Karnataka. Pin-560061 (India)",6,63,10.0,385.0,critical,#FF4B4B
86618924fffffff,8,141,12.909917025838894,77.55056658766935,"Subramanyapura Main Road, VVR Supreme Residency, Chikkalsandra, Bengaluru, Karnataka. Pin-560061 (India)",0,5,10.0,141.0,critical,#FF4B4B
86618924fffffff,8,141,12.909917025838894,77.55056658766935,"Subramanyapura Main Road, VVR Supreme Residency, Chikkalsandra, Bengaluru, Karnataka. Pin-560061 (India)",1,30,10.0,141.0,critical,#FF4B4B
86618924fffffff,8,141,12.909917025838894,77.55056658766935,"Subramanyapura Main Road, VVR Supreme Residency, Chikkalsandra, Bengaluru, Karnataka. Pin-560061 (India)",2,39,10.0,141.0,critical,#FF4B4B
86618924fffffff,8,141,12.909917025838894,77.55056658766935,"Subramanyapura Main Road, VVR Supreme Residency, Chikkalsandra, Bengaluru, Karnataka. Pin-560061 (India)",3,16,10.0,141.0,critical,#FF4B4B
86618924fffffff,8,141,12.909917025838894,77.55056658766935,"Subramanyapura Main Road, VVR Supreme Residency, Chikkalsandra, Bengaluru, Karnataka. Pin-560061 (India)",4,14,10.0,141.0,critical,#FF4B4B
86618924fffffff,8,141,12.909917025838894,77.55056658766935,"Subramanyapura Main Road, VVR Supreme Residency, Chikkalsandra, Bengaluru, Karnataka. Pin-560061 (India)",5,10,10.0,141.0,critical,#FF4B4B
86618924fffffff,8,141,12.909917025838894,77.55056658766935,"Subramanyapura Main Road, VVR Supreme Residency, Chikkalsandra, Bengaluru, Karnataka. Pin-560061 (India)",6,27,10.0,141.0,critical,#FF4B4B
86618924fffffff,9,36,12.9061911,77.5932217,"Dr Rajkumar Puniya Bhoomi Road, Delmia Circle, JP Nagar Phase 3, Bengaluru, Karnataka. Pin-560078 (India)",0,1,10.0,36.0,critical,#FF4B4B
86618924fffffff,9,36,12.9061911,77.5932217,"Dr Rajkumar Puniya Bhoomi Road, Delmia Circle, JP Nagar Phase 3, Bengaluru, Karnataka. Pin-560078 (India)",4,26,3.85,13.86,critical,#FF4B4B
86618924fffffff,9,36,12.9061911,77.5932217,"Dr Rajkumar Puniya Bhoomi Road, Delmia Circle, JP Nagar Phase 3, Bengaluru, Karnataka. Pin-560078 (India)",6,9,10.0,36.0,critical,#FF4B4B
86618924fffffff,10,5,12.9118334,77.5875573,"7th Cross Road, RK Colony, JP Nagar Phase 2, Bengaluru, Karnataka. Pin-560078 (India)",1,2,10.0,5.0,monitor,#FFA500
86618924fffffff,10,5,12.9118334,77.5875573,"7th Cross Road, RK Colony, JP Nagar Phase 2, Bengaluru, Karnataka. Pin-560078 (India)",3,1,10.0,5.0,monitor,#FFA500
86618924fffffff,10,5,12.9118334,77.5875573,"7th Cross Road, RK Colony, JP Nagar Phase 2, Bengaluru, Karnataka. Pin-560078 (India)",6,2,10.0,5.0,monitor,#FFA500
86618924fffffff,11,7,12.9135462,77.5858893,"3rd Cross Road, Manjunath Colony, JP Nagar Phase 2, Bengaluru, Karnataka. Pin-560078 (India)",4,3,10.0,7.0,critical,#FF4B4B
86618924fffffff,11,7,12.9135462,77.5858893,"3rd Cross Road, Manjunath Colony, JP Nagar Phase 2, Bengaluru, Karnataka. Pin-560078 (India)",5,2,10.0,7.0,critical,#FF4B4B
86618924fffffff,11,7,12.9135462,77.5858893,"3rd Cross Road, Manjunath Colony, JP Nagar Phase 2, Bengaluru, Karnataka. Pin-560078 (India)",6,2,10.0,7.0,critical,#FF4B4B
86618924fffffff,12,4,12.9034193,77.5784517,"9th Cross Road, Abhignas Misty Woods, Saraki Garden, JP Nagar Phase 6, Bengaluru, Karnataka. Pin-560078 (India)",0,1,10.0,4.0,monitor,#FFA500
86618924fffffff,12,4,12.9034193,77.5784517,"9th Cross Road, Abhignas Misty Woods, Saraki Garden, JP Nagar Phase 6, Bengaluru, Karnataka. Pin-560078 (India)",2,2,10.0,4.0,monitor,#FFA500
86618924fffffff,12,4,12.9034193,77.5784517,"9th Cross Road, Abhignas Misty Woods, Saraki Garden, JP Nagar Phase 6, Bengaluru, Karnataka. Pin-560078 (India)",5,1,10.0,4.0,monitor,#FFA500
86618924fffffff,18,56,12.9112164,77.5730024,"41st Main Road, SNN Raj Spiritua, Umarbagh Layout, Banashankari Stage 2, Bengaluru, Karnataka. Pin-560078 (India)",2,1,10.0,56.0,critical,#FF4B4B
86618924fffffff,18,56,12.9112164,77.5730024,"41st Main Road, SNN Raj Spiritua, Umarbagh Layout, Banashankari Stage 2, Bengaluru, Karnataka. Pin-560078 (India)",3,1,10.0,56.0,critical,#FF4B4B
86618924fffffff,18,56,12.9112164,77.5730024,"41st Main Road, SNN Raj Spiritua, Umarbagh Layout, Banashankari Stage 2, Bengaluru, Karnataka. Pin-560078 (India)",5,42,3.33,18.65,critical,#FF4B4B
86618924fffffff,18,56,12.9112164,77.5730024,"41st Main Road, SNN Raj Spiritua, Umarbagh Layout, Banashankari Stage 2, Bengaluru, Karnataka. Pin-560078 (India)",6,12,10.0,56.0,critical,#FF4B4B
86618924fffffff,19,103,12.911105,77.5729119,"Konanakunte Main Road, SNN Raj Spiritua, Umarbagh Layout, Banashankari Stage 2, Bengaluru, Karnataka. Pin-560078 (India)",0,7,10.0,103.0,critical,#FF4B4B
86618924fffffff,19,103,12.911105,77.5729119,"Konanakunte Main Road, SNN Raj Spiritua, Umarbagh Layout, Banashankari Stage 2, Bengaluru, Karnataka. Pin-560078 (India)",2,3,10.0,103.0,critical,#FF4B4B
86618924fffffff,19,103,12.911105,77.5729119,"Konanakunte Main Road, SNN Raj Spiritua, Umarbagh Layout, Banashankari Stage 2, Bengaluru, Karnataka. Pin-560078 (India)",3,17,10.0,103.0,critical,#FF4B4B
86618924fffffff,19,103,12.911105,77.5729119,"Konanakunte Main Road, SNN Raj Spiritua, Umarbagh Layout, Banashankari Stage 2, Bengaluru, Karnataka. Pin-560078 (India)",4,6,10.0,103.0,critical,#FF4B4B
86618924fffffff,19,103,12.911105,77.5729119,"Konanakunte Main Road, SNN Raj Spiritua, Umarbagh Layout, Banashankari Stage 2, Bengaluru, Karnataka. Pin-560078 (India)",5,66,5.61,57.78,critical,#FF4B4B
86618924fffffff,19,103,12.911105,77.5729119,"Konanakunte Main Road, SNN Raj Spiritua, Umarbagh Layout, Banashankari Stage 2, Bengaluru, Karnataka. Pin-560078 (India)",6,4,10.0,103.0,critical,#FF4B4B
86618924fffffff,20,149,12.91491,77.5733899,"Konanakunte Main Road, Prestige Brooklyn Heights, JP Nagar Phase 1, Bengaluru, Karnataka. Pin-560070 (India)",0,25,10.0,149.0,critical,#FF4B4B
86618924fffffff,20,149,12.91491,77.5733899,"Konanakunte Main Road, Prestige Brooklyn Heights, JP Nagar Phase 1, Bengaluru, Karnataka. Pin-560070 (India)",1,12,10.0,149.0,critical,#FF4B4B
86618924fffffff,20,149,12.91491,77.5733899,"Konanakunte Main Road, Prestige Brooklyn Heights, JP Nagar Phase 1, Bengaluru, Karnataka. Pin-560070 (India)",2,14,10.0,149.0,critical,#FF4B4B
86618924fffffff,20,149,12.91491,77.5733899,"Konanakunte Main Road, Prestige Brooklyn Heights, JP Nagar Phase 1, Bengaluru, Karnataka. Pin-560070 (India)",3,26,10.0,149.0,critical,#FF4B4B
86618924fffffff,20,149,12.91491,77.5733899,"Konanakunte Main Road, Prestige Brooklyn Heights, JP Nagar Phase 1, Bengaluru, Karnataka. Pin-560070 (India)",4,42,10.0,149.0,critical,#FF4B4B
86618924fffffff,20,149,12.91491,77.5733899,"Konanakunte Main Road, Prestige Brooklyn Heights, JP Nagar Phase 1, Bengaluru, Karnataka. Pin-560070 (India)",5,27,10.0,149.0,critical,#FF4B4B
86618924fffffff,20,149,12.91491,77.5733899,"Konanakunte Main Road, Prestige Brooklyn Heights, JP Nagar Phase 1, Bengaluru, Karnataka. Pin-560070 (India)",6,3,10.0,149.0,critical,#FF4B4B
86618924fffffff,21,443,12.9099383,77.5731,"40th Main Road, SBI Colony, JP Nagar Phase 1, Bengaluru, Karnataka. Pin-560078 (India)",0,88,10.0,443.0,critical,#FF4B4B
86618924fffffff,21,443,12.9099383,77.5731,"40th Main Road, SBI Colony, JP Nagar Phase 1, Bengaluru, Karnataka. Pin-560078 (India)",1,87,10.0,443.0,critical,#FF4B4B
86618924fffffff,21,443,12.9099383,77.5731,"40th Main Road, SBI Colony, JP Nagar Phase 1, Bengaluru, Karnataka. Pin-560078 (India)",2,60,10.0,443.0,critical,#FF4B4B
86618924fffffff,21,443,12.9099383,77.5731,"40th Main Road, SBI Colony, JP Nagar Phase 1, Bengaluru, Karnataka. Pin-560078 (India)",3,47,10.0,443.0,critical,#FF4B4B
86618924fffffff,21,443,12.9099383,77.5731,"40th Main Road, SBI Colony, JP Nagar Phase 1, Bengaluru, Karnataka. Pin-560078 (India)",4,79,10.0,443.0,critical,#FF4B4B
86618924fffffff,21,443,12.9099383,77.5731,"40th Main Road, SBI Colony, JP Nagar Phase 1, Bengaluru, Karnataka. Pin-560078 (India)",5,62,10.0,443.0,critical,#FF4B4B
86618924fffffff,21,443,12.9099383,77.5731,"40th Main Road, SBI Colony, JP Nagar Phase 1, Bengaluru, Karnataka. Pin-560078 (India)",6,20,10.0,443.0,critical,#FF4B4B
86618924fffffff,22,326,12.8897593,77.5632975,"Canara Bank Cross Road, Konanakunte Junction, Konanakunte, Bengaluru, Karnataka. Pin-560062 (India)",0,46,10.0,326.0,critical,#FF4B4B
86618924fffffff,22,326,12.8897593,77.5632975,"Canara Bank Cross Road, Konanakunte Junction, Konanakunte, Bengaluru, Karnataka. Pin-560062 (India)",1,36,10.0,326.0,critical,#FF4B4B
86618924fffffff,22,326,12.8897593,77.5632975,"Canara Bank Cross Road, Konanakunte Junction, Konanakunte, Bengaluru, Karnataka. Pin-560062 (India)",2,47,10.0,326.0,critical,#FF4B4B
86618924fffffff,22,326,12.8897593,77.5632975,"Canara Bank Cross Road, Konanakunte Junction, Konanakunte, Bengaluru, Karnataka. Pin-560062 (India)",3,32,10.0,326.0,critical,#FF4B4B
86618924fffffff,22,326,12.8897593,77.5632975,"Canara Bank Cross Road, Konanakunte Junction, Konanakunte, Bengaluru, Karnataka. Pin-560062 (India)",4,51,10.0,326.0,critical,#FF4B4B
86618924fffffff,22,326,12.8897593,77.5632975,"Canara Bank Cross Road, Konanakunte Junction, Konanakunte, Bengaluru, Karnataka. Pin-560062 (India)",5,86,10.0,326.0,critical,#FF4B4B
86618924fffffff,22,326,12.8897593,77.5632975,"Canara Bank Cross Road, Konanakunte Junction, Konanakunte, Bengaluru, Karnataka. Pin-560062 (India)",6,28,10.0,326.0,critical,#FF4B4B
86618924fffffff,23,247,12.8817309,77.5958592,"Bannerghatta Main Road, Arakere, Bengaluru, Karnataka. Pin-560076 (India)",0,33,10.0,247.0,critical,#FF4B4B
86618924fffffff,23,247,12.8817309,77.5958592,"Bannerghatta Main Road, Arakere, Bengaluru, Karnataka. Pin-560076 (India)",1,19,10.0,247.0,critical,#FF4B4B
86618924fffffff,23,247,12.8817309,77.5958592,"Bannerghatta Main Road, Arakere, Bengaluru, Karnataka. Pin-560076 (India)",2,28,10.0,247.0,critical,#FF4B4B
86618924fffffff,23,247,12.8817309,77.5958592,"Bannerghatta Main Road, Arakere, Bengaluru, Karnataka. Pin-560076 (India)",3,23,10.0,247.0,critical,#FF4B4B
86618924fffffff,23,247,12.8817309,77.5958592,"Bannerghatta Main Road, Arakere, Bengaluru, Karnataka. Pin-560076 (India)",4,64,10.0,247.0,critical,#FF4B4B
86618924fffffff,23,247,12.8817309,77.5958592,"Bannerghatta Main Road, Arakere, Bengaluru, Karnataka. Pin-560076 (India)",5,58,10.0,247.0,critical,#FF4B4B
86618924fffffff,23,247,12.8817309,77.5958592,"Bannerghatta Main Road, Arakere, Bengaluru, Karnataka. Pin-560076 (India)",6,22,10.0,247.0,critical,#FF4B4B
866189257ffffff,0,1516,12.934068071777288,77.68976915672452,"Outer Ring Road, Prestige Silver Crest, Kadubisanahalli, Bengaluru, Karnataka. Pin-560103 (India)",0,52,10.0,1516.0,critical,#FF4B4B
866189257ffffff,0,1516,12.934068071777288,77.68976915672452,"Outer Ring Road, Prestige Silver Crest, Kadubisanahalli, Bengaluru, Karnataka. Pin-560103 (India)",1,192,10.0,1516.0,critical,#FF4B4B
866189257ffffff,0,1516,12.934068071777288,77.68976915672452,"Outer Ring Road, Prestige Silver Crest, Kadubisanahalli, Bengaluru, Karnataka. Pin-560103 (India)",2,363,10.0,1516.0,critical,#FF4B4B
866189257ffffff,0,1516,12.934068071777288,77.68976915672452,"Outer Ring Road, Prestige Silver Crest, Kadubisanahalli, Bengaluru, Karnataka. Pin-560103 (India)",3,332,10.0,1516.0,critical,#FF4B4B
866189257ffffff,0,1516,12.934068071777288,77.68976915672452,"Outer Ring Road, Prestige Silver Crest, Kadubisanahalli, Bengaluru, Karnataka. Pin-560103 (India)",4,320,10.0,1516.0,critical,#FF4B4B
866189257ffffff,0,1516,12.934068071777288,77.68976915672452,"Outer Ring Road, Prestige Silver Crest, Kadubisanahalli, Bengaluru, Karnataka. Pin-560103 (India)",5,192,10.0,1516.0,critical,#FF4B4B
866189257ffffff,0,1516,12.934068071777288,77.68976915672452,"Outer Ring Road, Prestige Silver Crest, Kadubisanahalli, Bengaluru, Karnataka. Pin-560103 (India)",6,65,10.0,1516.0,critical,#FF4B4B
866189257ffffff,1,1025,12.9144348,77.6516659,"27th Main Road, CPWD Quarters, Sector 1, HSR Layout, Bengaluru, Karnataka. Pin-560102 (India)",0,32,10.0,1025.0,critical,#FF4B4B
866189257ffffff,1,1025,12.9144348,77.6516659,"27th Main Road, CPWD Quarters, Sector 1, HSR Layout, Bengaluru, Karnataka. Pin-560102 (India)",1,99,10.0,1025.0,critical,#FF4B4B
866189257ffffff,1,1025,12.9144348,77.6516659,"27th Main Road, CPWD Quarters, Sector 1, HSR Layout, Bengaluru, Karnataka. Pin-560102 (India)",2,222,10.0,1025.0,critical,#FF4B4B
866189257ffffff,1,1025,12.9144348,77.6516659,"27th Main Road, CPWD Quarters, Sector 1, HSR Layout, Bengaluru, Karnataka. Pin-560102 (India)",3,196,10.0,1025.0,critical,#FF4B4B
866189257ffffff,1,1025,12.9144348,77.6516659,"27th Main Road, CPWD Quarters, Sector 1, HSR Layout, Bengaluru, Karnataka. Pin-560102 (India)",4,228,10.0,1025.0,critical,#FF4B4B
866189257ffffff,1,1025,12.9144348,77.6516659,"27th Main Road, CPWD Quarters, Sector 1, HSR Layout, Bengaluru, Karnataka. Pin-560102 (India)",5,160,10.0,1025.0,critical,#FF4B4B
866189257ffffff,1,1025,12.9144348,77.6516659,"27th Main Road, CPWD Quarters, Sector 1, HSR Layout, Bengaluru, Karnataka. Pin-560102 (India)",6,88,10.0,1025.0,critical,#FF4B4B
866189257ffffff,2,1351,12.9538367,77.6409344,"Outer Ring Road, Vajram Esteva, Devara Beesana Halli, Bengaluru, Karnataka. Pin-560103 (India)",0,31,10.0,1351.0,critical,#FF4B4B
866189257ffffff,2,1351,12.9538367,77.6409344,"Outer Ring Road, Vajram Esteva, Devara Beesana Halli, Bengaluru, Karnataka. Pin-560103 (India)",1,343,10.0,1351.0,critical,#FF4B4B
866189257ffffff,2,1351,12.9538367,77.6409344,"Outer Ring Road, Vajram Esteva, Devara Beesana Halli, Bengaluru, Karnataka. Pin-560103 (India)",2,228,10.0,1351.0,critical,#FF4B4B
866189257ffffff,2,1351,12.9538367,77.6409344,"Outer Ring Road, Vajram Esteva, Devara Beesana Halli, Bengaluru, Karnataka. Pin-560103 (India)",3,357,10.0,1351.0,critical,#FF4B4B
866189257ffffff,2,1351,12.9538367,77.6409344,"Outer Ring Road, Vajram Esteva, Devara Beesana Halli, Bengaluru, Karnataka. Pin-560103 (India)",4,201,10.0,1351.0,critical,#FF4B4B
866189257ffffff,2,1351,12.9538367,77.6409344,"Outer Ring Road, Vajram Esteva, Devara Beesana Halli, Bengaluru, Karnataka. Pin-560103 (India)",5,117,10.0,1351.0,critical,#FF4B4B
866189257ffffff,2,1351,12.9538367,77.6409344,"Outer Ring Road, Vajram Esteva, Devara Beesana Halli, Bengaluru, Karnataka. Pin-560103 (India)",6,74,10.0,1351.0,critical,#FF4B4B
866189257ffffff,3,1026,12.9622378,77.64898,"5th Main Road, Kodihalli, Bengaluru, Karnataka. Pin-560008 (India)",0,30,10.0,1026.0,critical,#FF4B4B
866189257ffffff,3,1026,12.9622378,77.64898,"5th Main Road, Kodihalli, Bengaluru, Karnataka. Pin-560008 (India)",1,209,10.0,1026.0,critical,#FF4B4B
866189257ffffff,3,1026,12.9622378,77.64898,"5th Main Road, Kodihalli, Bengaluru, Karnataka. Pin-560008 (India)",2,187,10.0,1026.0,critical,#FF4B4B
866189257ffffff,3,1026,12.9622378,77.64898,"5th Main Road, Kodihalli, Bengaluru, Karnataka. Pin-560008 (India)",3,181,10.0,1026.0,critical,#FF4B4B
866189257ffffff,3,1026,12.9622378,77.64898,"5th Main Road, Kodihalli, Bengaluru, Karnataka. Pin-560008 (India)",4,189,10.0,1026.0,critical,#FF4B4B
866189257ffffff,3,1026,12.9622378,77.64898,"5th Main Road, Kodihalli, Bengaluru, Karnataka. Pin-560008 (India)",5,139,10.0,1026.0,critical,#FF4B4B
866189257ffffff,3,1026,12.9622378,77.64898,"5th Main Road, Kodihalli, Bengaluru, Karnataka. Pin-560008 (India)",6,91,10.0,1026.0,critical,#FF4B4B
866189257ffffff,4,842,12.9168208,77.6730716,"Sarjapura Main Road, Divyasree Elan Homes, Bellandur, Bengaluru, Karnataka. Pin-560103 (India)",0,31,10.0,842.0,critical,#FF4B4B
866189257ffffff,4,842,12.9168208,77.6730716,"Sarjapura Main Road, Divyasree Elan Homes, Bellandur, Bengaluru, Karnataka. Pin-560103 (India)",1,117,10.0,842.0,critical,#FF4B4B
866189257ffffff,4,842,12.9168208,77.6730716,"Sarjapura Main Road, Divyasree Elan Homes, Bellandur, Bengaluru, Karnataka. Pin-560103 (India)",2,169,10.0,842.0,critical,#FF4B4B
866189257ffffff,4,842,12.9168208,77.6730716,"Sarjapura Main Road, Divyasree Elan Homes, Bellandur, Bengaluru, Karnataka. Pin-560103 (India)",3,241,10.0,842.0,critical,#FF4B4B
866189257ffffff,4,842,12.9168208,77.6730716,"Sarjapura Main Road, Divyasree Elan Homes, Bellandur, Bengaluru, Karnataka. Pin-560103 (India)",4,105,10.0,842.0,critical,#FF4B4B
866189257ffffff,4,842,12.9168208,77.6730716,"Sarjapura Main Road, Divyasree Elan Homes, Bellandur, Bengaluru, Karnataka. Pin-560103 (India)",5,106,10.0,842.0,critical,#FF4B4B
866189257ffffff,4,842,12.9168208,77.6730716,"Sarjapura Main Road, Divyasree Elan Homes, Bellandur, Bengaluru, Karnataka. Pin-560103 (India)",6,73,10.0,842.0,critical,#FF4B4B
866189257ffffff,5,976,12.9327746,77.6882305,"Outer Ring Road, Devarabeesanahalli, Shivanasamudra Ward, Bengaluru East City Corporation, Bengaluru, Bangalore East, Bengaluru Urban, Karnataka, 560103, India",0,42,10.0,976.0,critical,#FF4B4B
866189257ffffff,5,976,12.9327746,77.6882305,"Outer Ring Road, Devarabeesanahalli, Shivanasamudra Ward, Bengaluru East City Corporation, Bengaluru, Bangalore East, Bengaluru Urban, Karnataka, 560103, India",1,222,10.0,976.0,critical,#FF4B4B
866189257ffffff,5,976,12.9327746,77.6882305,"Outer Ring Road, Devarabeesanahalli, Shivanasamudra Ward, Bengaluru East City Corporation, Bengaluru, Bangalore East, Bengaluru Urban, Karnataka, 560103, India",2,133,10.0,976.0,critical,#FF4B4B
866189257ffffff,5,976,12.9327746,77.6882305,"Outer Ring Road, Devarabeesanahalli, Shivanasamudra Ward, Bengaluru East City Corporation, Bengaluru, Bangalore East, Bengaluru Urban, Karnataka, 560103, India",3,211,10.0,976.0,critical,#FF4B4B
866189257ffffff,5,976,12.9327746,77.6882305,"Outer Ring Road, Devarabeesanahalli, Shivanasamudra Ward, Bengaluru East City Corporation, Bengaluru, Bangalore East, Bengaluru Urban, Karnataka, 560103, India",4,110,10.0,976.0,critical,#FF4B4B
866189257ffffff,5,976,12.9327746,77.6882305,"Outer Ring Road, Devarabeesanahalli, Shivanasamudra Ward, Bengaluru East City Corporation, Bengaluru, Bangalore East, Bengaluru Urban, Karnataka, 560103, India",5,146,10.0,976.0,critical,#FF4B4B
866189257ffffff,5,976,12.9327746,77.6882305,"Outer Ring Road, Devarabeesanahalli, Shivanasamudra Ward, Bengaluru East City Corporation, Bengaluru, Bangalore East, Bengaluru Urban, Karnataka, 560103, India",6,112,10.0,976.0,critical,#FF4B4B
866189257ffffff,6,570,12.9172518,77.6729184,"Sarjapura Main Road, Divyasree Elan Homes, Bellandur, Bengaluru, Karnataka. Pin-560103 (India)",0,65,10.0,570.0,critical,#FF4B4B
866189257ffffff,6,570,12.9172518,77.6729184,"Sarjapura Main Road, Divyasree Elan Homes, Bellandur, Bengaluru, Karnataka. Pin-560103 (India)",1,95,10.0,570.0,critical,#FF4B4B
866189257ffffff,6,570,12.9172518,77.6729184,"Sarjapura Main Road, Divyasree Elan Homes, Bellandur, Bengaluru, Karnataka. Pin-560103 (India)",2,113,10.0,570.0,critical,#FF4B4B
866189257ffffff,6,570,12.9172518,77.6729184,"Sarjapura Main Road, Divyasree Elan Homes, Bellandur, Bengaluru, Karnataka. Pin-560103 (India)",3,84,10.0,570.0,critical,#FF4B4B
866189257ffffff,6,570,12.9172518,77.6729184,"Sarjapura Main Road, Divyasree Elan Homes, Bellandur, Bengaluru, Karnataka. Pin-560103 (India)",4,61,10.0,570.0,critical,#FF4B4B
866189257ffffff,6,570,12.9172518,77.6729184,"Sarjapura Main Road, Divyasree Elan Homes, Bellandur, Bengaluru, Karnataka. Pin-560103 (India)",5,72,10.0,570.0,critical,#FF4B4B
866189257ffffff,6,570,12.9172518,77.6729184,"Sarjapura Main Road, Divyasree Elan Homes, Bellandur, Bengaluru, Karnataka. Pin-560103 (India)",6,80,10.0,570.0,critical,#FF4B4B
866189257ffffff,7,290,12.9159725,77.6518144,"27th Main Road, CPWD Quarters, Sector 1, HSR Layout, Bengaluru, Karnataka. Pin-560102 (India)",0,34,10.0,290.0,critical,#FF4B4B
866189257ffffff,7,290,12.9159725,77.6518144,"27th Main Road, CPWD Quarters, Sector 1, HSR Layout, Bengaluru, Karnataka. Pin-560102 (India)",1,65,10.0,290.0,critical,#FF4B4B
866189257ffffff,7,290,12.9159725,77.6518144,"27th Main Road, CPWD Quarters, Sector 1, HSR Layout, Bengaluru, Karnataka. Pin-560102 (India)",2,33,10.0,290.0,critical,#FF4B4B
866189257ffffff,7,290,12.9159725,77.6518144,"27th Main Road, CPWD Quarters, Sector 1, HSR Layout, Bengaluru, Karnataka. Pin-560102 (India)",3,46,10.0,290.0,critical,#FF4B4B
866189257ffffff,7,290,12.9159725,77.6518144,"27th Main Road, CPWD Quarters, Sector 1, HSR Layout, Bengaluru, Karnataka. Pin-560102 (India)",4,52,10.0,290.0,critical,#FF4B4B
866189257ffffff,7,290,12.9159725,77.6518144,"27th Main Road, CPWD Quarters, Sector 1, HSR Layout, Bengaluru, Karnataka. Pin-560102 (India)",5,29,10.0,290.0,critical,#FF4B4B
866189257ffffff,7,290,12.9159725,77.6518144,"27th Main Road, CPWD Quarters, Sector 1, HSR Layout, Bengaluru, Karnataka. Pin-560102 (India)",6,31,10.0,290.0,critical,#FF4B4B
866189257ffffff,8,207,12.9170676,77.6516121,"27th Main Road, Sector 1, HSR Layout, Bengaluru, Karnataka. Pin-560102 (India)",0,8,10.0,207.0,critical,#FF4B4B
866189257ffffff,8,207,12.9170676,77.6516121,"27th Main Road, Sector 1, HSR Layout, Bengaluru, Karnataka. Pin-560102 (India)",1,29,10.0,207.0,critical,#FF4B4B
866189257ffffff,8,207,12.9170676,77.6516121,"27th Main Road, Sector 1, HSR Layout, Bengaluru, Karnataka. Pin-560102 (India)",2,30,10.0,207.0,critical,#FF4B4B
866189257ffffff,8,207,12.9170676,77.6516121,"27th Main Road, Sector 1, HSR Layout, Bengaluru, Karnataka. Pin-560102 (India)",3,39,10.0,207.0,critical,#FF4B4B
866189257ffffff,8,207,12.9170676,77.6516121,"27th Main Road, Sector 1, HSR Layout, Bengaluru, Karnataka. Pin-560102 (India)",4,35,10.0,207.0,critical,#FF4B4B
866189257ffffff,8,207,12.9170676,77.6516121,"27th Main Road, Sector 1, HSR Layout, Bengaluru, Karnataka. Pin-560102 (India)",5,54,10.0,207.0,critical,#FF4B4B
866189257ffffff,8,207,12.9170676,77.6516121,"27th Main Road, Sector 1, HSR Layout, Bengaluru, Karnataka. Pin-560102 (India)",6,12,10.0,207.0,critical,#FF4B4B
866189257ffffff,9,70,12.9258277,77.6767431,"3rd Main Road, Vinayak Nagar, Vimanapura, Bengaluru, Karnataka. Pin-560017 (India)",0,1,10.0,70.0,critical,#FF4B4B
866189257ffffff,9,70,12.9258277,77.6767431,"3rd Main Road, Vinayak Nagar, Vimanapura, Bengaluru, Karnataka. Pin-560017 (India)",1,1,10.0,70.0,critical,#FF4B4B
866189257ffffff,9,70,12.9258277,77.6767431,"3rd Main Road, Vinayak Nagar, Vimanapura, Bengaluru, Karnataka. Pin-560017 (India)",2,19,10.0,70.0,critical,#FF4B4B
866189257ffffff,9,70,12.9258277,77.6767431,"3rd Main Road, Vinayak Nagar, Vimanapura, Bengaluru, Karnataka. Pin-560017 (India)",3,2,10.0,70.0,critical,#FF4B4B
866189257ffffff,9,70,12.9258277,77.6767431,"3rd Main Road, Vinayak Nagar, Vimanapura, Bengaluru, Karnataka. Pin-560017 (India)",4,15,10.0,70.0,critical,#FF4B4B
866189257ffffff,9,70,12.9258277,77.6767431,"3rd Main Road, Vinayak Nagar, Vimanapura, Bengaluru, Karnataka. Pin-560017 (India)",5,3,10.0,70.0,critical,#FF4B4B
866189257ffffff,9,70,12.9258277,77.6767431,"3rd Main Road, Vinayak Nagar, Vimanapura, Bengaluru, Karnataka. Pin-560017 (India)",6,29,10.0,70.0,critical,#FF4B4B
866189257ffffff,10,7,12.9326847,77.682461,"Mantri Espana, Bellanduru, Bengaluru East City Corporation, Bengaluru, Bangalore East, Bengaluru Urban, Karnataka, 560103, India",0,1,10.0,7.0,critical,#FF4B4B
866189257ffffff,10,7,12.9326847,77.682461,"Mantri Espana, Bellanduru, Bengaluru East City Corporation, Bengaluru, Bangalore East, Bengaluru Urban, Karnataka, 560103, India",1,1,10.0,7.0,critical,#FF4B4B
866189257ffffff,10,7,12.9326847,77.682461,"Mantri Espana, Bellanduru, Bengaluru East City Corporation, Bengaluru, Bangalore East, Bengaluru Urban, Karnataka, 560103, India",2,1,10.0,7.0,critical,#FF4B4B
866189257ffffff,10,7,12.9326847,77.682461,"Mantri Espana, Bellanduru, Bengaluru East City Corporation, Bengaluru, Bangalore East, Bengaluru Urban, Karnataka, 560103, India",4,3,10.0,7.0,critical,#FF4B4B
866189257ffffff,10,7,12.9326847,77.682461,"Mantri Espana, Bellanduru, Bengaluru East City Corporation, Bengaluru, Bangalore East, Bengaluru Urban, Karnataka, 560103, India",6,1,10.0,7.0,critical,#FF4B4B
866189257ffffff,11,24,12.9119091,77.6516224,"17th Cross Road, Parangipalya, Sector 2, HSR Layout, Bengaluru, Karnataka. Pin-560102 (India)",0,1,10.0,24.0,critical,#FF4B4B
866189257ffffff,11,24,12.9119091,77.6516224,"17th Cross Road, Parangipalya, Sector 2, HSR Layout, Bengaluru, Karnataka. Pin-560102 (India)",1,2,10.0,24.0,critical,#FF4B4B
866189257ffffff,11,24,12.9119091,77.6516224,"17th Cross Road, Parangipalya, Sector 2, HSR Layout, Bengaluru, Karnataka. Pin-560102 (India)",2,1,10.0,24.0,critical,#FF4B4B
866189257ffffff,11,24,12.9119091,77.6516224,"17th Cross Road, Parangipalya, Sector 2, HSR Layout, Bengaluru, Karnataka. Pin-560102 (India)",3,1,10.0,24.0,critical,#FF4B4B
866189257ffffff,11,24,12.9119091,77.6516224,"17th Cross Road, Parangipalya, Sector 2, HSR Layout, Bengaluru, Karnataka. Pin-560102 (India)",6,19,2.63,6.31,critical,#FF4B4B
866189257ffffff,13,1,12.9594895,77.6561361,"Old Airport Road, RMS Layout, Murugeshpalya, Bengaluru, Karnataka. Pin-560017 (India)",0,1,0.0,0.0,green,#00CC66
866189257ffffff,16,8,12.9622024,77.6492056,"5th Main Road, Kodihalli, Bengaluru, Karnataka. Pin-560008 (India)",4,8,0.0,0.0,green,#00CC66
866189257ffffff,17,2,12.9674048,77.6575419,"Jeevan Bhima Nagar Main Road, Jeevan Bima Nagar, Bengaluru, Karnataka. Pin-560075 (India)",0,1,10.0,2.0,green,#00CC66
866189257ffffff,17,2,12.9674048,77.6575419,"Jeevan Bhima Nagar Main Road, Jeevan Bima Nagar, Bengaluru, Karnataka. Pin-560075 (India)",1,1,10.0,2.0,green,#00CC66
866189257ffffff,18,3,12.9595593,77.6490994,"Old Airport Road, Manipal Hospital Junction, Kodihalli, Bengaluru, Karnataka. Pin-560008 (India)",0,1,10.0,3.0,green,#00CC66
866189257ffffff,18,3,12.9595593,77.6490994,"Old Airport Road, Manipal Hospital Junction, Kodihalli, Bengaluru, Karnataka. Pin-560008 (India)",3,1,10.0,3.0,green,#00CC66
866189257ffffff,18,3,12.9595593,77.6490994,"Old Airport Road, Manipal Hospital Junction, Kodihalli, Bengaluru, Karnataka. Pin-560008 (India)",4,1,10.0,3.0,green,#00CC66
866189257ffffff,19,143,12.9278103,77.6809275,"RMZ Ecospace Internal Road, RMZ Ecospace Business Park, Bellandur, Bengaluru, Karnataka. Pin-560103 (India)",0,19,10.0,143.0,critical,#FF4B4B
866189257ffffff,19,143,12.9278103,77.6809275,"RMZ Ecospace Internal Road, RMZ Ecospace Business Park, Bellandur, Bengaluru, Karnataka. Pin-560103 (India)",1,25,10.0,143.0,critical,#FF4B4B
866189257ffffff,19,143,12.9278103,77.6809275,"RMZ Ecospace Internal Road, RMZ Ecospace Business Park, Bellandur, Bengaluru, Karnataka. Pin-560103 (India)",2,13,10.0,143.0,critical,#FF4B4B
866189257ffffff,19,143,12.9278103,77.6809275,"RMZ Ecospace Internal Road, RMZ Ecospace Business Park, Bellandur, Bengaluru, Karnataka. Pin-560103 (India)",3,21,10.0,143.0,critical,#FF4B4B
866189257ffffff,19,143,12.9278103,77.6809275,"RMZ Ecospace Internal Road, RMZ Ecospace Business Park, Bellandur, Bengaluru, Karnataka. Pin-560103 (India)",4,29,10.0,143.0,critical,#FF4B4B
866189257ffffff,19,143,12.9278103,77.6809275,"RMZ Ecospace Internal Road, RMZ Ecospace Business Park, Bellandur, Bengaluru, Karnataka. Pin-560103 (India)",5,5,10.0,143.0,critical,#FF4B4B
866189257ffffff,19,143,12.9278103,77.6809275,"RMZ Ecospace Internal Road, RMZ Ecospace Business Park, Bellandur, Bengaluru, Karnataka. Pin-560103 (India)",6,31,10.0,143.0,critical,#FF4B4B
866189257ffffff,20,502,12.9258887,77.6764492,"Outer Ring Road, Bellandur Junction, Bellandur, Bengaluru, Karnataka. Pin-560103 (India)",0,115,10.0,502.0,critical,#FF4B4B
866189257ffffff,20,502,12.9258887,77.6764492,"Outer Ring Road, Bellandur Junction, Bellandur, Bengaluru, Karnataka. Pin-560103 (India)",1,163,10.0,502.0,critical,#FF4B4B
866189257ffffff,20,502,12.9258887,77.6764492,"Outer Ring Road, Bellandur Junction, Bellandur, Bengaluru, Karnataka. Pin-560103 (India)",2,61,10.0,502.0,critical,#FF4B4B
866189257ffffff,20,502,12.9258887,77.6764492,"Outer Ring Road, Bellandur Junction, Bellandur, Bengaluru, Karnataka. Pin-560103 (India)",3,90,10.0,502.0,critical,#FF4B4B
866189257ffffff,20,502,12.9258887,77.6764492,"Outer Ring Road, Bellandur Junction, Bellandur, Bengaluru, Karnataka. Pin-560103 (India)",4,50,10.0,502.0,critical,#FF4B4B
866189257ffffff,20,502,12.9258887,77.6764492,"Outer Ring Road, Bellandur Junction, Bellandur, Bengaluru, Karnataka. Pin-560103 (India)",5,10,10.0,502.0,critical,#FF4B4B
866189257ffffff,20,502,12.9258887,77.6764492,"Outer Ring Road, Bellandur Junction, Bellandur, Bengaluru, Karnataka. Pin-560103 (India)",6,13,10.0,502.0,critical,#FF4B4B
866189257ffffff,21,1064,12.9590433,77.6456019,"Golf Avenue Road, Muniallappa Garden, Kodihalli, Bengaluru, Karnataka. Pin-560008 (India)",0,197,10.0,1064.0,critical,#FF4B4B
866189257ffffff,21,1064,12.9590433,77.6456019,"Golf Avenue Road, Muniallappa Garden, Kodihalli, Bengaluru, Karnataka. Pin-560008 (India)",1,157,10.0,1064.0,critical,#FF4B4B
866189257ffffff,21,1064,12.9590433,77.6456019,"Golf Avenue Road, Muniallappa Garden, Kodihalli, Bengaluru, Karnataka. Pin-560008 (India)",2,201,10.0,1064.0,critical,#FF4B4B
866189257ffffff,21,1064,12.9590433,77.6456019,"Golf Avenue Road, Muniallappa Garden, Kodihalli, Bengaluru, Karnataka. Pin-560008 (India)",3,134,10.0,1064.0,critical,#FF4B4B
866189257ffffff,21,1064,12.9590433,77.6456019,"Golf Avenue Road, Muniallappa Garden, Kodihalli, Bengaluru, Karnataka. Pin-560008 (India)",4,218,10.0,1064.0,critical,#FF4B4B
866189257ffffff,21,1064,12.9590433,77.6456019,"Golf Avenue Road, Muniallappa Garden, Kodihalli, Bengaluru, Karnataka. Pin-560008 (India)",5,65,10.0,1064.0,critical,#FF4B4B
866189257ffffff,21,1064,12.9590433,77.6456019,"Golf Avenue Road, Muniallappa Garden, Kodihalli, Bengaluru, Karnataka. Pin-560008 (India)",6,92,10.0,1064.0,critical,#FF4B4B
866189257ffffff,22,1491,12.934068071777288,77.68976915672452,"Outer Ring Road, Prestige Silver Crest, Kadubisanahalli, Bengaluru, Karnataka. Pin-560103 (India)",0,229,10.0,1491.0,critical,#FF4B4B
866189257ffffff,22,1491,12.934068071777288,77.68976915672452,"Outer Ring Road, Prestige Silver Crest, Kadubisanahalli, Bengaluru, Karnataka. Pin-560103 (India)",1,223,10.0,1491.0,critical,#FF4B4B
866189257ffffff,22,1491,12.934068071777288,77.68976915672452,"Outer Ring Road, Prestige Silver Crest, Kadubisanahalli, Bengaluru, Karnataka. Pin-560103 (India)",2,322,10.0,1491.0,critical,#FF4B4B
866189257ffffff,22,1491,12.934068071777288,77.68976915672452,"Outer Ring Road, Prestige Silver Crest, Kadubisanahalli, Bengaluru, Karnataka. Pin-560103 (India)",3,220,10.0,1491.0,critical,#FF4B4B
866189257ffffff,22,1491,12.934068071777288,77.68976915672452,"Outer Ring Road, Prestige Silver Crest, Kadubisanahalli, Bengaluru, Karnataka. Pin-560103 (India)",4,300,10.0,1491.0,critical,#FF4B4B
866189257ffffff,22,1491,12.934068071777288,77.68976915672452,"Outer Ring Road, Prestige Silver Crest, Kadubisanahalli, Bengaluru, Karnataka. Pin-560103 (India)",5,89,10.0,1491.0,critical,#FF4B4B
866189257ffffff,22,1491,12.934068071777288,77.68976915672452,"Outer Ring Road, Prestige Silver Crest, Kadubisanahalli, Bengaluru, Karnataka. Pin-560103 (India)",6,108,10.0,1491.0,critical,#FF4B4B
866189257ffffff,23,1478,12.934068071777288,77.68976915672452,"Outer Ring Road, Prestige Silver Crest, Kadubisanahalli, Bengaluru, Karnataka. Pin-560103 (India)",0,277,10.0,1478.0,critical,#FF4B4B
866189257ffffff,23,1478,12.934068071777288,77.68976915672452,"Outer Ring Road, Prestige Silver Crest, Kadubisanahalli, Bengaluru, Karnataka. Pin-560103 (India)",1,275,10.0,1478.0,critical,#FF4B4B
866189257ffffff,23,1478,12.934068071777288,77.68976915672452,"Outer Ring Road, Prestige Silver Crest, Kadubisanahalli, Bengaluru, Karnataka. Pin-560103 (India)",2,303,10.0,1478.0,critical,#FF4B4B
866189257ffffff,23,1478,12.934068071777288,77.68976915672452,"Outer Ring Road, Prestige Silver Crest, Kadubisanahalli, Bengaluru, Karnataka. Pin-560103 (India)",3,279,10.0,1478.0,critical,#FF4B4B
866189257ffffff,23,1478,12.934068071777288,77.68976915672452,"Outer Ring Road, Prestige Silver Crest, Kadubisanahalli, Bengaluru, Karnataka. Pin-560103 (India)",4,186,10.0,1478.0,critical,#FF4B4B
866189257ffffff,23,1478,12.934068071777288,77.68976915672452,"Outer Ring Road, Prestige Silver Crest, Kadubisanahalli, Bengaluru, Karnataka. Pin-560103 (India)",5,102,10.0,1478.0,critical,#FF4B4B
866189257ffffff,23,1478,12.934068071777288,77.68976915672452,"Outer Ring Road, Prestige Silver Crest, Kadubisanahalli, Bengaluru, Karnataka. Pin-560103 (India)",6,56,10.0,1478.0,critical,#FF4B4B
86618925fffffff,0,1945,12.9255567,77.618665,"18th Main Road, Block 2, Koramangala, Bengaluru, Karnataka. Pin-560068 (India)",0,188,10.0,1945.0,critical,#FF4B4B
86618925fffffff,0,1945,12.9255567,77.618665,"18th Main Road, Block 2, Koramangala, Bengaluru, Karnataka. Pin-560068 (India)",1,324,10.0,1945.0,critical,#FF4B4B
86618925fffffff,0,1945,12.9255567,77.618665,"18th Main Road, Block 2, Koramangala, Bengaluru, Karnataka. Pin-560068 (India)",2,248,10.0,1945.0,critical,#FF4B4B
86618925fffffff,0,1945,12.9255567,77.618665,"18th Main Road, Block 2, Koramangala, Bengaluru, Karnataka. Pin-560068 (India)",3,260,10.0,1945.0,critical,#FF4B4B
86618925fffffff,0,1945,12.9255567,77.618665,"18th Main Road, Block 2, Koramangala, Bengaluru, Karnataka. Pin-560068 (India)",4,270,10.0,1945.0,critical,#FF4B4B
86618925fffffff,0,1945,12.9255567,77.618665,"18th Main Road, Block 2, Koramangala, Bengaluru, Karnataka. Pin-560068 (India)",5,341,10.0,1945.0,critical,#FF4B4B
86618925fffffff,0,1945,12.9255567,77.618665,"18th Main Road, Block 2, Koramangala, Bengaluru, Karnataka. Pin-560068 (India)",6,314,10.0,1945.0,critical,#FF4B4B
86618925fffffff,1,1407,12.9139727,77.6104281,"7th Cross Road, Ram Sridhar Apartment, BTM Layout Stage 2, Bengaluru, Karnataka. Pin-560076 (India)",0,143,10.0,1407.0,critical,#FF4B4B
86618925fffffff,1,1407,12.9139727,77.6104281,"7th Cross Road, Ram Sridhar Apartment, BTM Layout Stage 2, Bengaluru, Karnataka. Pin-560076 (India)",1,190,10.0,1407.0,critical,#FF4B4B
86618925fffffff,1,1407,12.9139727,77.6104281,"7th Cross Road, Ram Sridhar Apartment, BTM Layout Stage 2, Bengaluru, Karnataka. Pin-560076 (India)",2,241,10.0,1407.0,critical,#FF4B4B
86618925fffffff,1,1407,12.9139727,77.6104281,"7th Cross Road, Ram Sridhar Apartment, BTM Layout Stage 2, Bengaluru, Karnataka. Pin-560076 (India)",3,200,10.0,1407.0,critical,#FF4B4B
86618925fffffff,1,1407,12.9139727,77.6104281,"7th Cross Road, Ram Sridhar Apartment, BTM Layout Stage 2, Bengaluru, Karnataka. Pin-560076 (India)",4,212,10.0,1407.0,critical,#FF4B4B
86618925fffffff,1,1407,12.9139727,77.6104281,"7th Cross Road, Ram Sridhar Apartment, BTM Layout Stage 2, Bengaluru, Karnataka. Pin-560076 (India)",5,216,10.0,1407.0,critical,#FF4B4B
86618925fffffff,1,1407,12.9139727,77.6104281,"7th Cross Road, Ram Sridhar Apartment, BTM Layout Stage 2, Bengaluru, Karnataka. Pin-560076 (India)",6,205,10.0,1407.0,critical,#FF4B4B
86618925fffffff,2,2020,12.9371629,77.6018827,"Dairy Circle Flyover, Dairy Circle, Adugodi, Bengaluru, Karnataka. Pin-560029 (India)",0,181,10.0,2020.0,critical,#FF4B4B
86618925fffffff,2,2020,12.9371629,77.6018827,"Dairy Circle Flyover, Dairy Circle, Adugodi, Bengaluru, Karnataka. Pin-560029 (India)",1,312,10.0,2020.0,critical,#FF4B4B
86618925fffffff,2,2020,12.9371629,77.6018827,"Dairy Circle Flyover, Dairy Circle, Adugodi, Bengaluru, Karnataka. Pin-560029 (India)",2,372,10.0,2020.0,critical,#FF4B4B
86618925fffffff,2,2020,12.9371629,77.6018827,"Dairy Circle Flyover, Dairy Circle, Adugodi, Bengaluru, Karnataka. Pin-560029 (India)",3,273,10.0,2020.0,critical,#FF4B4B
86618925fffffff,2,2020,12.9371629,77.6018827,"Dairy Circle Flyover, Dairy Circle, Adugodi, Bengaluru, Karnataka. Pin-560029 (India)",4,333,10.0,2020.0,critical,#FF4B4B
86618925fffffff,2,2020,12.9371629,77.6018827,"Dairy Circle Flyover, Dairy Circle, Adugodi, Bengaluru, Karnataka. Pin-560029 (India)",5,252,10.0,2020.0,critical,#FF4B4B
86618925fffffff,2,2020,12.9371629,77.6018827,"Dairy Circle Flyover, Dairy Circle, Adugodi, Bengaluru, Karnataka. Pin-560029 (India)",6,297,10.0,2020.0,critical,#FF4B4B
86618925fffffff,3,1885,12.9347204,77.6160604,"Contours Women's Fitness Studio Kormangala, 126, 1st A Cross Road, A Adugodi, Bengaluru South City Corporation, Bengaluru, Bangalore South, Bengaluru Urban, Karnataka, 560095, India",0,203,10.0,1885.0,critical,#FF4B4B
86618925fffffff,3,1885,12.9347204,77.6160604,"Contours Women's Fitness Studio Kormangala, 126, 1st A Cross Road, A Adugodi, Bengaluru South City Corporation, Bengaluru, Bangalore South, Bengaluru Urban, Karnataka, 560095, India",1,204,10.0,1885.0,critical,#FF4B4B
86618925fffffff,3,1885,12.9347204,77.6160604,"Contours Women's Fitness Studio Kormangala, 126, 1st A Cross Road, A Adugodi, Bengaluru South City Corporation, Bengaluru, Bangalore South, Bengaluru Urban, Karnataka, 560095, India",2,351,10.0,1885.0,critical,#FF4B4B
86618925fffffff,3,1885,12.9347204,77.6160604,"Contours Women's Fitness Studio Kormangala, 126, 1st A Cross Road, A Adugodi, Bengaluru South City Corporation, Bengaluru, Bangalore South, Bengaluru Urban, Karnataka, 560095, India",3,197,10.0,1885.0,critical,#FF4B4B
86618925fffffff,3,1885,12.9347204,77.6160604,"Contours Women's Fitness Studio Kormangala, 126, 1st A Cross Road, A Adugodi, Bengaluru South City Corporation, Bengaluru, Bangalore South, Bengaluru Urban, Karnataka, 560095, India",4,259,10.0,1885.0,critical,#FF4B4B
86618925fffffff,3,1885,12.9347204,77.6160604,"Contours Women's Fitness Studio Kormangala, 126, 1st A Cross Road, A Adugodi, Bengaluru South City Corporation, Bengaluru, Bangalore South, Bengaluru Urban, Karnataka, 560095, India",5,360,10.0,1885.0,critical,#FF4B4B
86618925fffffff,3,1885,12.9347204,77.6160604,"Contours Women's Fitness Studio Kormangala, 126, 1st A Cross Road, A Adugodi, Bengaluru South City Corporation, Bengaluru, Bangalore South, Bengaluru Urban, Karnataka, 560095, India",6,311,10.0,1885.0,critical,#FF4B4B
86618925fffffff,4,2353,12.9638833,77.5847411,"Silver Jubilee Park Road, Town Hall Junction, Nagartapete, Bengaluru, Karnataka. Pin-560002 (India)",0,247,10.0,2353.0,critical,#FF4B4B
86618925fffffff,4,2353,12.9638833,77.5847411,"Silver Jubilee Park Road, Town Hall Junction, Nagartapete, Bengaluru, Karnataka. Pin-560002 (India)",1,324,10.0,2353.0,critical,#FF4B4B
86618925fffffff,4,2353,12.9638833,77.5847411,"Silver Jubilee Park Road, Town Hall Junction, Nagartapete, Bengaluru, Karnataka. Pin-560002 (India)",2,403,10.0,2353.0,critical,#FF4B4B
86618925fffffff,4,2353,12.9638833,77.5847411,"Silver Jubilee Park Road, Town Hall Junction, Nagartapete, Bengaluru, Karnataka. Pin-560002 (India)",3,322,10.0,2353.0,critical,#FF4B4B
86618925fffffff,4,2353,12.9638833,77.5847411,"Silver Jubilee Park Road, Town Hall Junction, Nagartapete, Bengaluru, Karnataka. Pin-560002 (India)",4,311,10.0,2353.0,critical,#FF4B4B
86618925fffffff,4,2353,12.9638833,77.5847411,"Silver Jubilee Park Road, Town Hall Junction, Nagartapete, Bengaluru, Karnataka. Pin-560002 (India)",5,328,10.0,2353.0,critical,#FF4B4B
86618925fffffff,4,2353,12.9638833,77.5847411,"Silver Jubilee Park Road, Town Hall Junction, Nagartapete, Bengaluru, Karnataka. Pin-560002 (India)",6,418,10.0,2353.0,critical,#FF4B4B
86618925fffffff,5,2496,12.9449392,77.5949168,"1st Main Road, Arepanahalli, Wilson Garden, Bengaluru, Karnataka. Pin-560027 (India)",0,257,10.0,2496.0,critical,#FF4B4B
86618925fffffff,5,2496,12.9449392,77.5949168,"1st Main Road, Arepanahalli, Wilson Garden, Bengaluru, Karnataka. Pin-560027 (India)",1,382,10.0,2496.0,critical,#FF4B4B
86618925fffffff,5,2496,12.9449392,77.5949168,"1st Main Road, Arepanahalli, Wilson Garden, Bengaluru, Karnataka. Pin-560027 (India)",2,397,10.0,2496.0,critical,#FF4B4B
86618925fffffff,5,2496,12.9449392,77.5949168,"1st Main Road, Arepanahalli, Wilson Garden, Bengaluru, Karnataka. Pin-560027 (India)",3,340,10.0,2496.0,critical,#FF4B4B
86618925fffffff,5,2496,12.9449392,77.5949168,"1st Main Road, Arepanahalli, Wilson Garden, Bengaluru, Karnataka. Pin-560027 (India)",4,341,10.0,2496.0,critical,#FF4B4B
86618925fffffff,5,2496,12.9449392,77.5949168,"1st Main Road, Arepanahalli, Wilson Garden, Bengaluru, Karnataka. Pin-560027 (India)",5,314,10.0,2496.0,critical,#FF4B4B
86618925fffffff,5,2496,12.9449392,77.5949168,"1st Main Road, Arepanahalli, Wilson Garden, Bengaluru, Karnataka. Pin-560027 (India)",6,465,10.0,2496.0,critical,#FF4B4B
86618925fffffff,6,2261,12.9451156,77.5949368,"3rd Cross Road, Arepanahalli, Wilson Garden, Bengaluru, Karnataka. Pin-560027 (India)",0,261,10.0,2261.0,critical,#FF4B4B
86618925fffffff,6,2261,12.9451156,77.5949368,"3rd Cross Road, Arepanahalli, Wilson Garden, Bengaluru, Karnataka. Pin-560027 (India)",1,366,10.0,2261.0,critical,#FF4B4B
86618925fffffff,6,2261,12.9451156,77.5949368,"3rd Cross Road, Arepanahalli, Wilson Garden, Bengaluru, Karnataka. Pin-560027 (India)",2,293,10.0,2261.0,critical,#FF4B4B
86618925fffffff,6,2261,12.9451156,77.5949368,"3rd Cross Road, Arepanahalli, Wilson Garden, Bengaluru, Karnataka. Pin-560027 (India)",3,376,10.0,2261.0,critical,#FF4B4B
86618925fffffff,6,2261,12.9451156,77.5949368,"3rd Cross Road, Arepanahalli, Wilson Garden, Bengaluru, Karnataka. Pin-560027 (India)",4,239,10.0,2261.0,critical,#FF4B4B
86618925fffffff,6,2261,12.9451156,77.5949368,"3rd Cross Road, Arepanahalli, Wilson Garden, Bengaluru, Karnataka. Pin-560027 (India)",5,398,10.0,2261.0,critical,#FF4B4B
86618925fffffff,6,2261,12.9451156,77.5949368,"3rd Cross Road, Arepanahalli, Wilson Garden, Bengaluru, Karnataka. Pin-560027 (India)",6,328,10.0,2261.0,critical,#FF4B4B
86618925fffffff,7,1245,12.9548065,77.5817926,"Lalbagh Fort Road, Sudhama Nagar, Mavalli, Bengaluru, Karnataka. Pin-560004 (India)",0,128,10.0,1245.0,critical,#FF4B4B
86618925fffffff,7,1245,12.9548065,77.5817926,"Lalbagh Fort Road, Sudhama Nagar, Mavalli, Bengaluru, Karnataka. Pin-560004 (India)",1,182,10.0,1245.0,critical,#FF4B4B
86618925fffffff,7,1245,12.9548065,77.5817926,"Lalbagh Fort Road, Sudhama Nagar, Mavalli, Bengaluru, Karnataka. Pin-560004 (India)",2,163,10.0,1245.0,critical,#FF4B4B
86618925fffffff,7,1245,12.9548065,77.5817926,"Lalbagh Fort Road, Sudhama Nagar, Mavalli, Bengaluru, Karnataka. Pin-560004 (India)",3,201,10.0,1245.0,critical,#FF4B4B
86618925fffffff,7,1245,12.9548065,77.5817926,"Lalbagh Fort Road, Sudhama Nagar, Mavalli, Bengaluru, Karnataka. Pin-560004 (India)",4,100,10.0,1245.0,critical,#FF4B4B
86618925fffffff,7,1245,12.9548065,77.5817926,"Lalbagh Fort Road, Sudhama Nagar, Mavalli, Bengaluru, Karnataka. Pin-560004 (India)",5,220,10.0,1245.0,critical,#FF4B4B
86618925fffffff,7,1245,12.9548065,77.5817926,"Lalbagh Fort Road, Sudhama Nagar, Mavalli, Bengaluru, Karnataka. Pin-560004 (India)",6,251,10.0,1245.0,critical,#FF4B4B
86618925fffffff,8,730,12.9522147,77.6053535,"Hosur Road, Gajendra Nagar, Nilsandra, Bengaluru, Karnataka. Pin-560030 (India)",0,84,10.0,730.0,critical,#FF4B4B
86618925fffffff,8,730,12.9522147,77.6053535,"Hosur Road, Gajendra Nagar, Nilsandra, Bengaluru, Karnataka. Pin-560030 (India)",1,87,10.0,730.0,critical,#FF4B4B
86618925fffffff,8,730,12.9522147,77.6053535,"Hosur Road, Gajendra Nagar, Nilsandra, Bengaluru, Karnataka. Pin-560030 (India)",2,87,10.0,730.0,critical,#FF4B4B
86618925fffffff,8,730,12.9522147,77.6053535,"Hosur Road, Gajendra Nagar, Nilsandra, Bengaluru, Karnataka. Pin-560030 (India)",3,80,10.0,730.0,critical,#FF4B4B
86618925fffffff,8,730,12.9522147,77.6053535,"Hosur Road, Gajendra Nagar, Nilsandra, Bengaluru, Karnataka. Pin-560030 (India)",4,78,10.0,730.0,critical,#FF4B4B
86618925fffffff,8,730,12.9522147,77.6053535,"Hosur Road, Gajendra Nagar, Nilsandra, Bengaluru, Karnataka. Pin-560030 (India)",5,117,10.0,730.0,critical,#FF4B4B
86618925fffffff,8,730,12.9522147,77.6053535,"Hosur Road, Gajendra Nagar, Nilsandra, Bengaluru, Karnataka. Pin-560030 (India)",6,197,10.0,730.0,critical,#FF4B4B
86618925fffffff,9,278,12.9595716,77.575478,"Tippu Sultan Palace Road, Bhartiya Medical Sangha Circle, Bangalore Medical College & Research Institute, Bengaluru, Karnataka. Pin-560002 (India)",0,28,10.0,278.0,critical,#FF4B4B
86618925fffffff,9,278,12.9595716,77.575478,"Tippu Sultan Palace Road, Bhartiya Medical Sangha Circle, Bangalore Medical College & Research Institute, Bengaluru, Karnataka. Pin-560002 (India)",1,30,10.0,278.0,critical,#FF4B4B
86618925fffffff,9,278,12.9595716,77.575478,"Tippu Sultan Palace Road, Bhartiya Medical Sangha Circle, Bangalore Medical College & Research Institute, Bengaluru, Karnataka. Pin-560002 (India)",2,40,10.0,278.0,critical,#FF4B4B
86618925fffffff,9,278,12.9595716,77.575478,"Tippu Sultan Palace Road, Bhartiya Medical Sangha Circle, Bangalore Medical College & Research Institute, Bengaluru, Karnataka. Pin-560002 (India)",3,24,10.0,278.0,critical,#FF4B4B
86618925fffffff,9,278,12.9595716,77.575478,"Tippu Sultan Palace Road, Bhartiya Medical Sangha Circle, Bangalore Medical College & Research Institute, Bengaluru, Karnataka. Pin-560002 (India)",4,33,10.0,278.0,critical,#FF4B4B
86618925fffffff,9,278,12.9595716,77.575478,"Tippu Sultan Palace Road, Bhartiya Medical Sangha Circle, Bangalore Medical College & Research Institute, Bengaluru, Karnataka. Pin-560002 (India)",5,50,10.0,278.0,critical,#FF4B4B
86618925fffffff,9,278,12.9595716,77.575478,"Tippu Sultan Palace Road, Bhartiya Medical Sangha Circle, Bangalore Medical College & Research Institute, Bengaluru, Karnataka. Pin-560002 (India)",6,73,10.0,278.0,critical,#FF4B4B
86618925fffffff,10,98,12.9366383,77.5841483,"Sri Nitturu Srinivasarao Road, Madhavan Circle, Jayanagar East, Bengaluru, Karnataka. Pin-560011 (India)",0,11,10.0,98.0,critical,#FF4B4B
86618925fffffff,10,98,12.9366383,77.5841483,"Sri Nitturu Srinivasarao Road, Madhavan Circle, Jayanagar East, Bengaluru, Karnataka. Pin-560011 (India)",1,11,10.0,98.0,critical,#FF4B4B
86618925fffffff,10,98,12.9366383,77.5841483,"Sri Nitturu Srinivasarao Road, Madhavan Circle, Jayanagar East, Bengaluru, Karnataka. Pin-560011 (India)",2,2,10.0,98.0,critical,#FF4B4B
86618925fffffff,10,98,12.9366383,77.5841483,"Sri Nitturu Srinivasarao Road, Madhavan Circle, Jayanagar East, Bengaluru, Karnataka. Pin-560011 (India)",3,18,10.0,98.0,critical,#FF4B4B
86618925fffffff,10,98,12.9366383,77.5841483,"Sri Nitturu Srinivasarao Road, Madhavan Circle, Jayanagar East, Bengaluru, Karnataka. Pin-560011 (India)",4,5,10.0,98.0,critical,#FF4B4B
86618925fffffff,10,98,12.9366383,77.5841483,"Sri Nitturu Srinivasarao Road, Madhavan Circle, Jayanagar East, Bengaluru, Karnataka. Pin-560011 (India)",5,23,10.0,98.0,critical,#FF4B4B
86618925fffffff,10,98,12.9366383,77.5841483,"Sri Nitturu Srinivasarao Road, Madhavan Circle, Jayanagar East, Bengaluru, Karnataka. Pin-560011 (India)",6,28,10.0,98.0,critical,#FF4B4B
86618925fffffff,11,153,12.9208047,77.6201995,"Hosur Road, Market Square Value Mall, Block 2, Koramangala, Bengaluru, Karnataka. Pin-560034 (India)",0,7,10.0,153.0,critical,#FF4B4B
86618925fffffff,11,153,12.9208047,77.6201995,"Hosur Road, Market Square Value Mall, Block 2, Koramangala, Bengaluru, Karnataka. Pin-560034 (India)",1,5,10.0,153.0,critical,#FF4B4B
86618925fffffff,11,153,12.9208047,77.6201995,"Hosur Road, Market Square Value Mall, Block 2, Koramangala, Bengaluru, Karnataka. Pin-560034 (India)",2,11,10.0,153.0,critical,#FF4B4B
86618925fffffff,11,153,12.9208047,77.6201995,"Hosur Road, Market Square Value Mall, Block 2, Koramangala, Bengaluru, Karnataka. Pin-560034 (India)",3,14,10.0,153.0,critical,#FF4B4B
86618925fffffff,11,153,12.9208047,77.6201995,"Hosur Road, Market Square Value Mall, Block 2, Koramangala, Bengaluru, Karnataka. Pin-560034 (India)",4,8,10.0,153.0,critical,#FF4B4B
86618925fffffff,11,153,12.9208047,77.6201995,"Hosur Road, Market Square Value Mall, Block 2, Koramangala, Bengaluru, Karnataka. Pin-560034 (India)",5,21,10.0,153.0,critical,#FF4B4B
86618925fffffff,11,153,12.9208047,77.6201995,"Hosur Road, Market Square Value Mall, Block 2, Koramangala, Bengaluru, Karnataka. Pin-560034 (India)",6,87,7.59,116.13,critical,#FF4B4B
86618925fffffff,12,76,12.9715033,77.6060467,"Field Marshal KM Cariappa Road, St Patricks Complex, Ashok Nagar, Bengaluru, Karnataka. Pin-560025 (India)",0,1,10.0,76.0,critical,#FF4B4B
86618925fffffff,12,76,12.9715033,77.6060467,"Field Marshal KM Cariappa Road, St Patricks Complex, Ashok Nagar, Bengaluru, Karnataka. Pin-560025 (India)",1,3,10.0,76.0,critical,#FF4B4B
86618925fffffff,12,76,12.9715033,77.6060467,"Field Marshal KM Cariappa Road, St Patricks Complex, Ashok Nagar, Bengaluru, Karnataka. Pin-560025 (India)",2,2,10.0,76.0,critical,#FF4B4B
86618925fffffff,12,76,12.9715033,77.6060467,"Field Marshal KM Cariappa Road, St Patricks Complex, Ashok Nagar, Bengaluru, Karnataka. Pin-560025 (India)",3,1,10.0,76.0,critical,#FF4B4B
86618925fffffff,12,76,12.9715033,77.6060467,"Field Marshal KM Cariappa Road, St Patricks Complex, Ashok Nagar, Bengaluru, Karnataka. Pin-560025 (India)",4,1,10.0,76.0,critical,#FF4B4B
86618925fffffff,12,76,12.9715033,77.6060467,"Field Marshal KM Cariappa Road, St Patricks Complex, Ashok Nagar, Bengaluru, Karnataka. Pin-560025 (India)",5,9,10.0,76.0,critical,#FF4B4B
86618925fffffff,12,76,12.9715033,77.6060467,"Field Marshal KM Cariappa Road, St Patricks Complex, Ashok Nagar, Bengaluru, Karnataka. Pin-560025 (India)",6,59,2.88,21.89,critical,#FF4B4B
86618925fffffff,13,19,12.9357663,77.6152132,"20th Main Road, Block 7, Koramangala, Bengaluru, Karnataka. Pin-560095 (India)",0,1,10.0,19.0,critical,#FF4B4B
86618925fffffff,13,19,12.9357663,77.6152132,"20th Main Road, Block 7, Koramangala, Bengaluru, Karnataka. Pin-560095 (India)",3,1,10.0,19.0,critical,#FF4B4B
86618925fffffff,13,19,12.9357663,77.6152132,"20th Main Road, Block 7, Koramangala, Bengaluru, Karnataka. Pin-560095 (India)",5,7,10.0,19.0,critical,#FF4B4B
86618925fffffff,13,19,12.9357663,77.6152132,"20th Main Road, Block 7, Koramangala, Bengaluru, Karnataka. Pin-560095 (India)",6,10,9.0,17.1,critical,#FF4B4B
86618925fffffff,14,2,12.9360635,77.6155162,"20th Main Road, Block 7, Koramangala, Bengaluru, Karnataka. Pin-560095 (India)",0,1,10.0,2.0,green,#00CC66
86618925fffffff,14,2,12.9360635,77.6155162,"20th Main Road, Block 7, Koramangala, Bengaluru, Karnataka. Pin-560095 (India)",6,1,10.0,2.0,green,#00CC66
86618925fffffff,15,1,12.9213215,77.6205434,"Madiwala Market Street, Market Square Value Mall, Block 2, Koramangala, Bengaluru, Karnataka. Pin-560034 (India)",4,1,0.0,0.0,green,#00CC66
86618925fffffff,16,2,12.95908,77.5764494,"Dispensary Road, Kalasipalyam, Bengaluru, Karnataka. Pin-560002 (India)",2,1,10.0,2.0,green,#00CC66
86618925fffffff,16,2,12.95908,77.5764494,"Dispensary Road, Kalasipalyam, Bengaluru, Karnataka. Pin-560002 (India)",5,1,10.0,2.0,green,#00CC66
86618925fffffff,17,39,12.9655029,77.585215,"Sri Dharmaraya Swamy Temple Main Road, Halsurpete, Nagartapete, Bengaluru, Karnataka. Pin-560002 (India)",1,1,10.0,39.0,critical,#FF4B4B
86618925fffffff,17,39,12.9655029,77.585215,"Sri Dharmaraya Swamy Temple Main Road, Halsurpete, Nagartapete, Bengaluru, Karnataka. Pin-560002 (India)",6,38,0.26,1.01,green,#00CC66
86618925fffffff,18,57,12.9202428,77.6208532,"Hosur Road, Market Square Value Mall, Block 2, Koramangala, Bengaluru, Karnataka. Pin-560034 (India)",1,18,10.0,57.0,critical,#FF4B4B
86618925fffffff,18,57,12.9202428,77.6208532,"Hosur Road, Market Square Value Mall, Block 2, Koramangala, Bengaluru, Karnataka. Pin-560034 (India)",2,2,10.0,57.0,critical,#FF4B4B
86618925fffffff,18,57,12.9202428,77.6208532,"Hosur Road, Market Square Value Mall, Block 2, Koramangala, Bengaluru, Karnataka. Pin-560034 (India)",3,12,10.0,57.0,critical,#FF4B4B
86618925fffffff,18,57,12.9202428,77.6208532,"Hosur Road, Market Square Value Mall, Block 2, Koramangala, Bengaluru, Karnataka. Pin-560034 (India)",4,1,10.0,57.0,critical,#FF4B4B
86618925fffffff,18,57,12.9202428,77.6208532,"Hosur Road, Market Square Value Mall, Block 2, Koramangala, Bengaluru, Karnataka. Pin-560034 (India)",5,6,10.0,57.0,critical,#FF4B4B
86618925fffffff,18,57,12.9202428,77.6208532,"Hosur Road, Market Square Value Mall, Block 2, Koramangala, Bengaluru, Karnataka. Pin-560034 (India)",6,18,10.0,57.0,critical,#FF4B4B
86618925fffffff,19,480,12.922855,77.623125,"Madiwala Market Street, FSL Quarters, Koramangala, Bengaluru, Karnataka. Pin-560034 (India)",0,109,10.0,480.0,critical,#FF4B4B
86618925fffffff,19,480,12.922855,77.623125,"Madiwala Market Street, FSL Quarters, Koramangala, Bengaluru, Karnataka. Pin-560034 (India)",1,31,10.0,480.0,critical,#FF4B4B
86618925fffffff,19,480,12.922855,77.623125,"Madiwala Market Street, FSL Quarters, Koramangala, Bengaluru, Karnataka. Pin-560034 (India)",2,71,10.0,480.0,critical,#FF4B4B
86618925fffffff,19,480,12.922855,77.623125,"Madiwala Market Street, FSL Quarters, Koramangala, Bengaluru, Karnataka. Pin-560034 (India)",3,64,10.0,480.0,critical,#FF4B4B
86618925fffffff,19,480,12.922855,77.623125,"Madiwala Market Street, FSL Quarters, Koramangala, Bengaluru, Karnataka. Pin-560034 (India)",4,25,10.0,480.0,critical,#FF4B4B
86618925fffffff,19,480,12.922855,77.623125,"Madiwala Market Street, FSL Quarters, Koramangala, Bengaluru, Karnataka. Pin-560034 (India)",5,85,10.0,480.0,critical,#FF4B4B
86618925fffffff,19,480,12.922855,77.623125,"Madiwala Market Street, FSL Quarters, Koramangala, Bengaluru, Karnataka. Pin-560034 (India)",6,95,10.0,480.0,critical,#FF4B4B
86618925fffffff,20,835,12.9613233,77.5885017,"1st Cross Road, CSI Compound, Kalasipalyam, Bengaluru, Karnataka. Pin-560027 (India)",0,73,10.0,835.0,critical,#FF4B4B
86618925fffffff,20,835,12.9613233,77.5885017,"1st Cross Road, CSI Compound, Kalasipalyam, Bengaluru, Karnataka. Pin-560027 (India)",1,133,10.0,835.0,critical,#FF4B4B
86618925fffffff,20,835,12.9613233,77.5885017,"1st Cross Road, CSI Compound, Kalasipalyam, Bengaluru, Karnataka. Pin-560027 (India)",2,138,10.0,835.0,critical,#FF4B4B
86618925fffffff,20,835,12.9613233,77.5885017,"1st Cross Road, CSI Compound, Kalasipalyam, Bengaluru, Karnataka. Pin-560027 (India)",3,122,10.0,835.0,critical,#FF4B4B
86618925fffffff,20,835,12.9613233,77.5885017,"1st Cross Road, CSI Compound, Kalasipalyam, Bengaluru, Karnataka. Pin-560027 (India)",4,164,10.0,835.0,critical,#FF4B4B
86618925fffffff,20,835,12.9613233,77.5885017,"1st Cross Road, CSI Compound, Kalasipalyam, Bengaluru, Karnataka. Pin-560027 (India)",5,140,10.0,835.0,critical,#FF4B4B
86618925fffffff,20,835,12.9613233,77.5885017,"1st Cross Road, CSI Compound, Kalasipalyam, Bengaluru, Karnataka. Pin-560027 (India)",6,65,10.0,835.0,critical,#FF4B4B
86618925fffffff,21,1610,12.9714454,77.5977759,"Walton Road, Walton Road Circle, Shanthala Nagar, Bengaluru, Karnataka. Pin-560001 (India)",0,236,10.0,1610.0,critical,#FF4B4B
86618925fffffff,21,1610,12.9714454,77.5977759,"Walton Road, Walton Road Circle, Shanthala Nagar, Bengaluru, Karnataka. Pin-560001 (India)",1,288,10.0,1610.0,critical,#FF4B4B
86618925fffffff,21,1610,12.9714454,77.5977759,"Walton Road, Walton Road Circle, Shanthala Nagar, Bengaluru, Karnataka. Pin-560001 (India)",2,192,10.0,1610.0,critical,#FF4B4B
86618925fffffff,21,1610,12.9714454,77.5977759,"Walton Road, Walton Road Circle, Shanthala Nagar, Bengaluru, Karnataka. Pin-560001 (India)",3,225,10.0,1610.0,critical,#FF4B4B
86618925fffffff,21,1610,12.9714454,77.5977759,"Walton Road, Walton Road Circle, Shanthala Nagar, Bengaluru, Karnataka. Pin-560001 (India)",4,263,10.0,1610.0,critical,#FF4B4B
86618925fffffff,21,1610,12.9714454,77.5977759,"Walton Road, Walton Road Circle, Shanthala Nagar, Bengaluru, Karnataka. Pin-560001 (India)",5,267,10.0,1610.0,critical,#FF4B4B
86618925fffffff,21,1610,12.9714454,77.5977759,"Walton Road, Walton Road Circle, Shanthala Nagar, Bengaluru, Karnataka. Pin-560001 (India)",6,139,10.0,1610.0,critical,#FF4B4B
86618925fffffff,22,2219,12.9623855,77.5901093,"Mission Road, M Subbaiah Circle, Sampangiram Nagar, Bengaluru, Karnataka. Pin-560027 (India)",0,397,10.0,2219.0,critical,#FF4B4B
86618925fffffff,22,2219,12.9623855,77.5901093,"Mission Road, M Subbaiah Circle, Sampangiram Nagar, Bengaluru, Karnataka. Pin-560027 (India)",1,276,10.0,2219.0,critical,#FF4B4B
86618925fffffff,22,2219,12.9623855,77.5901093,"Mission Road, M Subbaiah Circle, Sampangiram Nagar, Bengaluru, Karnataka. Pin-560027 (India)",2,445,10.0,2219.0,critical,#FF4B4B
86618925fffffff,22,2219,12.9623855,77.5901093,"Mission Road, M Subbaiah Circle, Sampangiram Nagar, Bengaluru, Karnataka. Pin-560027 (India)",3,246,10.0,2219.0,critical,#FF4B4B
86618925fffffff,22,2219,12.9623855,77.5901093,"Mission Road, M Subbaiah Circle, Sampangiram Nagar, Bengaluru, Karnataka. Pin-560027 (India)",4,369,10.0,2219.0,critical,#FF4B4B
86618925fffffff,22,2219,12.9623855,77.5901093,"Mission Road, M Subbaiah Circle, Sampangiram Nagar, Bengaluru, Karnataka. Pin-560027 (India)",5,260,10.0,2219.0,critical,#FF4B4B
86618925fffffff,22,2219,12.9623855,77.5901093,"Mission Road, M Subbaiah Circle, Sampangiram Nagar, Bengaluru, Karnataka. Pin-560027 (India)",6,226,10.0,2219.0,critical,#FF4B4B
86618925fffffff,23,2010,12.9285642,77.5848229,"30th Cross Road, BMTC Transport Complex, Block 4, Jayanagar, Bengaluru, Karnataka. Pin-560011 (India)",0,387,10.0,2010.0,critical,#FF4B4B
86618925fffffff,23,2010,12.9285642,77.5848229,"30th Cross Road, BMTC Transport Complex, Block 4, Jayanagar, Bengaluru, Karnataka. Pin-560011 (India)",1,267,10.0,2010.0,critical,#FF4B4B
86618925fffffff,23,2010,12.9285642,77.5848229,"30th Cross Road, BMTC Transport Complex, Block 4, Jayanagar, Bengaluru, Karnataka. Pin-560011 (India)",2,358,10.0,2010.0,critical,#FF4B4B
86618925fffffff,23,2010,12.9285642,77.5848229,"30th Cross Road, BMTC Transport Complex, Block 4, Jayanagar, Bengaluru, Karnataka. Pin-560011 (India)",3,254,10.0,2010.0,critical,#FF4B4B
86618925fffffff,23,2010,12.9285642,77.5848229,"30th Cross Road, BMTC Transport Complex, Block 4, Jayanagar, Bengaluru, Karnataka. Pin-560011 (India)",4,321,10.0,2010.0,critical,#FF4B4B
86618925fffffff,23,2010,12.9285642,77.5848229,"30th Cross Road, BMTC Transport Complex, Block 4, Jayanagar, Bengaluru, Karnataka. Pin-560011 (India)",5,270,10.0,2010.0,critical,#FF4B4B
86618925fffffff,23,2010,12.9285642,77.5848229,"30th Cross Road, BMTC Transport Complex, Block 4, Jayanagar, Bengaluru, Karnataka. Pin-560011 (India)",6,153,10.0,2010.0,critical,#FF4B4B
866189267ffffff,0,128,12.862737,77.6584149,"Hosur Road, Prestige Alpha, Pragathi Nagar, Chikkathoguru, Bengaluru, Karnataka. Pin-560100 (India)",0,3,10.0,128.0,critical,#FF4B4B
866189267ffffff,0,128,12.862737,77.6584149,"Hosur Road, Prestige Alpha, Pragathi Nagar, Chikkathoguru, Bengaluru, Karnataka. Pin-560100 (India)",1,15,10.0,128.0,critical,#FF4B4B
866189267ffffff,0,128,12.862737,77.6584149,"Hosur Road, Prestige Alpha, Pragathi Nagar, Chikkathoguru, Bengaluru, Karnataka. Pin-560100 (India)",2,3,10.0,128.0,critical,#FF4B4B
866189267ffffff,0,128,12.862737,77.6584149,"Hosur Road, Prestige Alpha, Pragathi Nagar, Chikkathoguru, Bengaluru, Karnataka. Pin-560100 (India)",3,6,10.0,128.0,critical,#FF4B4B
866189267ffffff,0,128,12.862737,77.6584149,"Hosur Road, Prestige Alpha, Pragathi Nagar, Chikkathoguru, Bengaluru, Karnataka. Pin-560100 (India)",4,12,10.0,128.0,critical,#FF4B4B
866189267ffffff,0,128,12.862737,77.6584149,"Hosur Road, Prestige Alpha, Pragathi Nagar, Chikkathoguru, Bengaluru, Karnataka. Pin-560100 (India)",5,9,10.0,128.0,critical,#FF4B4B
866189267ffffff,0,128,12.862737,77.6584149,"Hosur Road, Prestige Alpha, Pragathi Nagar, Chikkathoguru, Bengaluru, Karnataka. Pin-560100 (India)",6,80,6.0,76.8,critical,#FF4B4B
866189267ffffff,1,135,12.8418799,77.6459985,"Neeladri Road, Ajmera Annex, Karuna Nagar, Doddathogur, Bengaluru, Karnataka. Pin-560100 (India)",0,6,10.0,135.0,critical,#FF4B4B
866189267ffffff,1,135,12.8418799,77.6459985,"Neeladri Road, Ajmera Annex, Karuna Nagar, Doddathogur, Bengaluru, Karnataka. Pin-560100 (India)",1,20,10.0,135.0,critical,#FF4B4B
866189267ffffff,1,135,12.8418799,77.6459985,"Neeladri Road, Ajmera Annex, Karuna Nagar, Doddathogur, Bengaluru, Karnataka. Pin-560100 (India)",2,4,10.0,135.0,critical,#FF4B4B
866189267ffffff,1,135,12.8418799,77.6459985,"Neeladri Road, Ajmera Annex, Karuna Nagar, Doddathogur, Bengaluru, Karnataka. Pin-560100 (India)",3,43,10.0,135.0,critical,#FF4B4B
866189267ffffff,1,135,12.8418799,77.6459985,"Neeladri Road, Ajmera Annex, Karuna Nagar, Doddathogur, Bengaluru, Karnataka. Pin-560100 (India)",4,12,10.0,135.0,critical,#FF4B4B
866189267ffffff,1,135,12.8418799,77.6459985,"Neeladri Road, Ajmera Annex, Karuna Nagar, Doddathogur, Bengaluru, Karnataka. Pin-560100 (India)",5,6,10.0,135.0,critical,#FF4B4B
866189267ffffff,1,135,12.8418799,77.6459985,"Neeladri Road, Ajmera Annex, Karuna Nagar, Doddathogur, Bengaluru, Karnataka. Pin-560100 (India)",6,44,10.0,135.0,critical,#FF4B4B
866189267ffffff,2,99,12.8223396,77.6863743,"1st Main Road, Phase 1, Electronic City, Bengaluru, Karnataka. Pin-560100 (India)",0,20,10.0,99.0,critical,#FF4B4B
866189267ffffff,2,99,12.8223396,77.6863743,"1st Main Road, Phase 1, Electronic City, Bengaluru, Karnataka. Pin-560100 (India)",1,5,10.0,99.0,critical,#FF4B4B
866189267ffffff,2,99,12.8223396,77.6863743,"1st Main Road, Phase 1, Electronic City, Bengaluru, Karnataka. Pin-560100 (India)",2,6,10.0,99.0,critical,#FF4B4B
866189267ffffff,2,99,12.8223396,77.6863743,"1st Main Road, Phase 1, Electronic City, Bengaluru, Karnataka. Pin-560100 (India)",3,3,10.0,99.0,critical,#FF4B4B
866189267ffffff,2,99,12.8223396,77.6863743,"1st Main Road, Phase 1, Electronic City, Bengaluru, Karnataka. Pin-560100 (India)",4,33,10.0,99.0,critical,#FF4B4B
866189267ffffff,2,99,12.8223396,77.6863743,"1st Main Road, Phase 1, Electronic City, Bengaluru, Karnataka. Pin-560100 (India)",5,5,10.0,99.0,critical,#FF4B4B
866189267ffffff,2,99,12.8223396,77.6863743,"1st Main Road, Phase 1, Electronic City, Bengaluru, Karnataka. Pin-560100 (India)",6,27,10.0,99.0,critical,#FF4B4B
866189267ffffff,3,115,12.8203385,77.6869339,"Hosur Road, Sattva Texonic, Bommasandra Industrial Area, Bommasandra, Bengaluru, Karnataka. Pin-560099 (India)",0,9,10.0,115.0,critical,#FF4B4B
866189267ffffff,3,115,12.8203385,77.6869339,"Hosur Road, Sattva Texonic, Bommasandra Industrial Area, Bommasandra, Bengaluru, Karnataka. Pin-560099 (India)",1,37,10.0,115.0,critical,#FF4B4B
866189267ffffff,3,115,12.8203385,77.6869339,"Hosur Road, Sattva Texonic, Bommasandra Industrial Area, Bommasandra, Bengaluru, Karnataka. Pin-560099 (India)",2,5,10.0,115.0,critical,#FF4B4B
866189267ffffff,3,115,12.8203385,77.6869339,"Hosur Road, Sattva Texonic, Bommasandra Industrial Area, Bommasandra, Bengaluru, Karnataka. Pin-560099 (India)",3,16,10.0,115.0,critical,#FF4B4B
866189267ffffff,3,115,12.8203385,77.6869339,"Hosur Road, Sattva Texonic, Bommasandra Industrial Area, Bommasandra, Bengaluru, Karnataka. Pin-560099 (India)",4,30,10.0,115.0,critical,#FF4B4B
866189267ffffff,3,115,12.8203385,77.6869339,"Hosur Road, Sattva Texonic, Bommasandra Industrial Area, Bommasandra, Bengaluru, Karnataka. Pin-560099 (India)",5,7,10.0,115.0,critical,#FF4B4B
866189267ffffff,3,115,12.8203385,77.6869339,"Hosur Road, Sattva Texonic, Bommasandra Industrial Area, Bommasandra, Bengaluru, Karnataka. Pin-560099 (India)",6,11,10.0,115.0,critical,#FF4B4B
866189267ffffff,4,164,12.8422505,77.6440234,"Neeladri Road, Doddathoguru Cross Junction, Bengaluru, Karnataka. Pin-560100 (India)",0,49,10.0,164.0,critical,#FF4B4B
866189267ffffff,4,164,12.8422505,77.6440234,"Neeladri Road, Doddathoguru Cross Junction, Bengaluru, Karnataka. Pin-560100 (India)",1,30,10.0,164.0,critical,#FF4B4B
866189267ffffff,4,164,12.8422505,77.6440234,"Neeladri Road, Doddathoguru Cross Junction, Bengaluru, Karnataka. Pin-560100 (India)",2,2,10.0,164.0,critical,#FF4B4B
866189267ffffff,4,164,12.8422505,77.6440234,"Neeladri Road, Doddathoguru Cross Junction, Bengaluru, Karnataka. Pin-560100 (India)",3,2,10.0,164.0,critical,#FF4B4B
866189267ffffff,4,164,12.8422505,77.6440234,"Neeladri Road, Doddathoguru Cross Junction, Bengaluru, Karnataka. Pin-560100 (India)",4,16,10.0,164.0,critical,#FF4B4B
866189267ffffff,4,164,12.8422505,77.6440234,"Neeladri Road, Doddathoguru Cross Junction, Bengaluru, Karnataka. Pin-560100 (India)",5,14,10.0,164.0,critical,#FF4B4B
866189267ffffff,4,164,12.8422505,77.6440234,"Neeladri Road, Doddathoguru Cross Junction, Bengaluru, Karnataka. Pin-560100 (India)",6,51,10.0,164.0,critical,#FF4B4B
866189267ffffff,5,139,12.8385184,77.6782375,"Hosur Road, Gopalan Lake Front, Electronic City, Bengaluru, Karnataka. Pin-560100 (India)",0,15,10.0,139.0,critical,#FF4B4B
866189267ffffff,5,139,12.8385184,77.6782375,"Hosur Road, Gopalan Lake Front, Electronic City, Bengaluru, Karnataka. Pin-560100 (India)",1,33,10.0,139.0,critical,#FF4B4B
866189267ffffff,5,139,12.8385184,77.6782375,"Hosur Road, Gopalan Lake Front, Electronic City, Bengaluru, Karnataka. Pin-560100 (India)",2,11,10.0,139.0,critical,#FF4B4B
866189267ffffff,5,139,12.8385184,77.6782375,"Hosur Road, Gopalan Lake Front, Electronic City, Bengaluru, Karnataka. Pin-560100 (India)",3,6,10.0,139.0,critical,#FF4B4B
866189267ffffff,5,139,12.8385184,77.6782375,"Hosur Road, Gopalan Lake Front, Electronic City, Bengaluru, Karnataka. Pin-560100 (India)",4,19,10.0,139.0,critical,#FF4B4B
866189267ffffff,5,139,12.8385184,77.6782375,"Hosur Road, Gopalan Lake Front, Electronic City, Bengaluru, Karnataka. Pin-560100 (India)",5,4,10.0,139.0,critical,#FF4B4B
866189267ffffff,5,139,12.8385184,77.6782375,"Hosur Road, Gopalan Lake Front, Electronic City, Bengaluru, Karnataka. Pin-560100 (India)",6,51,10.0,139.0,critical,#FF4B4B
866189267ffffff,6,474,12.8418962,77.6456274,"Neeladri Road, Ajmera Annex, Karuna Nagar, Doddathogur, Bengaluru, Karnataka. Pin-560100 (India)",0,83,10.0,474.0,critical,#FF4B4B
866189267ffffff,6,474,12.8418962,77.6456274,"Neeladri Road, Ajmera Annex, Karuna Nagar, Doddathogur, Bengaluru, Karnataka. Pin-560100 (India)",1,54,10.0,474.0,critical,#FF4B4B
866189267ffffff,6,474,12.8418962,77.6456274,"Neeladri Road, Ajmera Annex, Karuna Nagar, Doddathogur, Bengaluru, Karnataka. Pin-560100 (India)",2,81,10.0,474.0,critical,#FF4B4B
866189267ffffff,6,474,12.8418962,77.6456274,"Neeladri Road, Ajmera Annex, Karuna Nagar, Doddathogur, Bengaluru, Karnataka. Pin-560100 (India)",3,61,10.0,474.0,critical,#FF4B4B
866189267ffffff,6,474,12.8418962,77.6456274,"Neeladri Road, Ajmera Annex, Karuna Nagar, Doddathogur, Bengaluru, Karnataka. Pin-560100 (India)",4,27,10.0,474.0,critical,#FF4B4B
866189267ffffff,6,474,12.8418962,77.6456274,"Neeladri Road, Ajmera Annex, Karuna Nagar, Doddathogur, Bengaluru, Karnataka. Pin-560100 (India)",5,68,10.0,474.0,critical,#FF4B4B
866189267ffffff,6,474,12.8418962,77.6456274,"Neeladri Road, Ajmera Annex, Karuna Nagar, Doddathogur, Bengaluru, Karnataka. Pin-560100 (India)",6,100,10.0,474.0,critical,#FF4B4B
866189267ffffff,7,883,12.8418527,77.6453018,"Neeladri Road, Ajmera Annex, Karuna Nagar, Doddathogur, Bengaluru, Karnataka. Pin-560100 (India)",0,173,10.0,883.0,critical,#FF4B4B
866189267ffffff,7,883,12.8418527,77.6453018,"Neeladri Road, Ajmera Annex, Karuna Nagar, Doddathogur, Bengaluru, Karnataka. Pin-560100 (India)",1,115,10.0,883.0,critical,#FF4B4B
866189267ffffff,7,883,12.8418527,77.6453018,"Neeladri Road, Ajmera Annex, Karuna Nagar, Doddathogur, Bengaluru, Karnataka. Pin-560100 (India)",2,151,10.0,883.0,critical,#FF4B4B
866189267ffffff,7,883,12.8418527,77.6453018,"Neeladri Road, Ajmera Annex, Karuna Nagar, Doddathogur, Bengaluru, Karnataka. Pin-560100 (India)",3,86,10.0,883.0,critical,#FF4B4B
866189267ffffff,7,883,12.8418527,77.6453018,"Neeladri Road, Ajmera Annex, Karuna Nagar, Doddathogur, Bengaluru, Karnataka. Pin-560100 (India)",4,33,10.0,883.0,critical,#FF4B4B
866189267ffffff,7,883,12.8418527,77.6453018,"Neeladri Road, Ajmera Annex, Karuna Nagar, Doddathogur, Bengaluru, Karnataka. Pin-560100 (India)",5,126,10.0,883.0,critical,#FF4B4B
866189267ffffff,7,883,12.8418527,77.6453018,"Neeladri Road, Ajmera Annex, Karuna Nagar, Doddathogur, Bengaluru, Karnataka. Pin-560100 (India)",6,199,10.0,883.0,critical,#FF4B4B
866189267ffffff,8,443,12.842235,77.6458217,"16th Cross Road, Ajmera Annex, Karuna Nagar, Doddathogur, Bengaluru, Karnataka. Pin-560100 (India)",0,47,10.0,443.0,critical,#FF4B4B
866189267ffffff,8,443,12.842235,77.6458217,"16th Cross Road, Ajmera Annex, Karuna Nagar, Doddathogur, Bengaluru, Karnataka. Pin-560100 (India)",1,43,10.0,443.0,critical,#FF4B4B
866189267ffffff,8,443,12.842235,77.6458217,"16th Cross Road, Ajmera Annex, Karuna Nagar, Doddathogur, Bengaluru, Karnataka. Pin-560100 (India)",2,53,10.0,443.0,critical,#FF4B4B
866189267ffffff,8,443,12.842235,77.6458217,"16th Cross Road, Ajmera Annex, Karuna Nagar, Doddathogur, Bengaluru, Karnataka. Pin-560100 (India)",3,91,10.0,443.0,critical,#FF4B4B
866189267ffffff,8,443,12.842235,77.6458217,"16th Cross Road, Ajmera Annex, Karuna Nagar, Doddathogur, Bengaluru, Karnataka. Pin-560100 (India)",4,15,10.0,443.0,critical,#FF4B4B
866189267ffffff,8,443,12.842235,77.6458217,"16th Cross Road, Ajmera Annex, Karuna Nagar, Doddathogur, Bengaluru, Karnataka. Pin-560100 (India)",5,27,10.0,443.0,critical,#FF4B4B
866189267ffffff,8,443,12.842235,77.6458217,"16th Cross Road, Ajmera Annex, Karuna Nagar, Doddathogur, Bengaluru, Karnataka. Pin-560100 (India)",6,167,10.0,443.0,critical,#FF4B4B
866189267ffffff,9,58,12.840175,77.6770633,"Hosur Road, Salarpuria Sattva Alexandria Tech Park, Veerasandra Industrial Area, Bengaluru, Karnataka. Pin-560100 (India)",1,2,10.0,58.0,critical,#FF4B4B
866189267ffffff,9,58,12.840175,77.6770633,"Hosur Road, Salarpuria Sattva Alexandria Tech Park, Veerasandra Industrial Area, Bengaluru, Karnataka. Pin-560100 (India)",2,1,10.0,58.0,critical,#FF4B4B
866189267ffffff,9,58,12.840175,77.6770633,"Hosur Road, Salarpuria Sattva Alexandria Tech Park, Veerasandra Industrial Area, Bengaluru, Karnataka. Pin-560100 (India)",3,25,10.0,58.0,critical,#FF4B4B
866189267ffffff,9,58,12.840175,77.6770633,"Hosur Road, Salarpuria Sattva Alexandria Tech Park, Veerasandra Industrial Area, Bengaluru, Karnataka. Pin-560100 (India)",4,1,10.0,58.0,critical,#FF4B4B
866189267ffffff,9,58,12.840175,77.6770633,"Hosur Road, Salarpuria Sattva Alexandria Tech Park, Veerasandra Industrial Area, Bengaluru, Karnataka. Pin-560100 (India)",5,6,10.0,58.0,critical,#FF4B4B
866189267ffffff,9,58,12.840175,77.6770633,"Hosur Road, Salarpuria Sattva Alexandria Tech Park, Veerasandra Industrial Area, Bengaluru, Karnataka. Pin-560100 (India)",6,23,10.0,58.0,critical,#FF4B4B
866189267ffffff,10,14,12.84025,77.677095,"Hosur Road, Salarpuria Sattva Alexandria Tech Park, Veerasandra Industrial Area, Bengaluru, Karnataka. Pin-560100 (India)",1,6,10.0,14.0,critical,#FF4B4B
866189267ffffff,10,14,12.84025,77.677095,"Hosur Road, Salarpuria Sattva Alexandria Tech Park, Veerasandra Industrial Area, Bengaluru, Karnataka. Pin-560100 (India)",5,5,10.0,14.0,critical,#FF4B4B
866189267ffffff,10,14,12.84025,77.677095,"Hosur Road, Salarpuria Sattva Alexandria Tech Park, Veerasandra Industrial Area, Bengaluru, Karnataka. Pin-560100 (India)",6,3,10.0,14.0,critical,#FF4B4B
866189267ffffff,11,23,12.8405705,77.6766778,"Hosur Road, Pramuk Aqua Heights, Electronic City, Bengaluru, Karnataka. Pin-560100 (India)",0,4,10.0,23.0,critical,#FF4B4B
866189267ffffff,11,23,12.8405705,77.6766778,"Hosur Road, Pramuk Aqua Heights, Electronic City, Bengaluru, Karnataka. Pin-560100 (India)",2,1,10.0,23.0,critical,#FF4B4B
866189267ffffff,11,23,12.8405705,77.6766778,"Hosur Road, Pramuk Aqua Heights, Electronic City, Bengaluru, Karnataka. Pin-560100 (India)",5,18,2.78,6.39,critical,#FF4B4B
866189267ffffff,12,8,12.8412842,77.6760922,"Hosur Road, Konappana Agrahara, Electronics City Phase 1, Veerasandra, Electronic City, Anekal, Bengaluru Urban, Karnataka, 560100, India",5,8,0.0,0.0,green,#00CC66
866189267ffffff,19,12,12.8428627,77.6443241,"Neeladri Road, SNN Raj Neeladri Apartments, Bettadasanapura, Bengaluru, Karnataka. Pin-560100 (India)",1,2,10.0,12.0,critical,#FF4B4B
866189267ffffff,19,12,12.8428627,77.6443241,"Neeladri Road, SNN Raj Neeladri Apartments, Bettadasanapura, Bengaluru, Karnataka. Pin-560100 (India)",3,2,10.0,12.0,critical,#FF4B4B
866189267ffffff,19,12,12.8428627,77.6443241,"Neeladri Road, SNN Raj Neeladri Apartments, Bettadasanapura, Bengaluru, Karnataka. Pin-560100 (India)",5,3,10.0,12.0,critical,#FF4B4B
866189267ffffff,19,12,12.8428627,77.6443241,"Neeladri Road, SNN Raj Neeladri Apartments, Bettadasanapura, Bengaluru, Karnataka. Pin-560100 (India)",6,5,10.0,12.0,critical,#FF4B4B
866189267ffffff,20,71,12.8408679,77.6440255,"Neeladri Road, Himagiri Residency, Bettadasanapura, Bengaluru, Karnataka. Pin-560100 (India)",0,3,10.0,71.0,critical,#FF4B4B
866189267ffffff,20,71,12.8408679,77.6440255,"Neeladri Road, Himagiri Residency, Bettadasanapura, Bengaluru, Karnataka. Pin-560100 (India)",1,17,10.0,71.0,critical,#FF4B4B
866189267ffffff,20,71,12.8408679,77.6440255,"Neeladri Road, Himagiri Residency, Bettadasanapura, Bengaluru, Karnataka. Pin-560100 (India)",2,6,10.0,71.0,critical,#FF4B4B
866189267ffffff,20,71,12.8408679,77.6440255,"Neeladri Road, Himagiri Residency, Bettadasanapura, Bengaluru, Karnataka. Pin-560100 (India)",3,19,10.0,71.0,critical,#FF4B4B
866189267ffffff,20,71,12.8408679,77.6440255,"Neeladri Road, Himagiri Residency, Bettadasanapura, Bengaluru, Karnataka. Pin-560100 (India)",4,8,10.0,71.0,critical,#FF4B4B
866189267ffffff,20,71,12.8408679,77.6440255,"Neeladri Road, Himagiri Residency, Bettadasanapura, Bengaluru, Karnataka. Pin-560100 (India)",5,11,10.0,71.0,critical,#FF4B4B
866189267ffffff,20,71,12.8408679,77.6440255,"Neeladri Road, Himagiri Residency, Bettadasanapura, Bengaluru, Karnataka. Pin-560100 (India)",6,7,10.0,71.0,critical,#FF4B4B
866189267ffffff,21,130,12.8435417,77.6442317,"Battadasanapura Main Road, Doddathoguru Cross Junction, Bengaluru, Karnataka. Pin-560100 (India)",0,23,10.0,130.0,critical,#FF4B4B
866189267ffffff,21,130,12.8435417,77.6442317,"Battadasanapura Main Road, Doddathoguru Cross Junction, Bengaluru, Karnataka. Pin-560100 (India)",1,20,10.0,130.0,critical,#FF4B4B
866189267ffffff,21,130,12.8435417,77.6442317,"Battadasanapura Main Road, Doddathoguru Cross Junction, Bengaluru, Karnataka. Pin-560100 (India)",2,29,10.0,130.0,critical,#FF4B4B
866189267ffffff,21,130,12.8435417,77.6442317,"Battadasanapura Main Road, Doddathoguru Cross Junction, Bengaluru, Karnataka. Pin-560100 (India)",3,40,10.0,130.0,critical,#FF4B4B
866189267ffffff,21,130,12.8435417,77.6442317,"Battadasanapura Main Road, Doddathoguru Cross Junction, Bengaluru, Karnataka. Pin-560100 (India)",4,7,10.0,130.0,critical,#FF4B4B
866189267ffffff,21,130,12.8435417,77.6442317,"Battadasanapura Main Road, Doddathoguru Cross Junction, Bengaluru, Karnataka. Pin-560100 (India)",5,7,10.0,130.0,critical,#FF4B4B
866189267ffffff,21,130,12.8435417,77.6442317,"Battadasanapura Main Road, Doddathoguru Cross Junction, Bengaluru, Karnataka. Pin-560100 (India)",6,4,10.0,130.0,critical,#FF4B4B
866189267ffffff,22,86,12.8392742,77.6778013,"Hosur Road, Gopalan Lake Front, Electronic City, Bengaluru, Karnataka. Pin-560100 (India)",0,7,10.0,86.0,critical,#FF4B4B
866189267ffffff,22,86,12.8392742,77.6778013,"Hosur Road, Gopalan Lake Front, Electronic City, Bengaluru, Karnataka. Pin-560100 (India)",1,7,10.0,86.0,critical,#FF4B4B
866189267ffffff,22,86,12.8392742,77.6778013,"Hosur Road, Gopalan Lake Front, Electronic City, Bengaluru, Karnataka. Pin-560100 (India)",2,14,10.0,86.0,critical,#FF4B4B
866189267ffffff,22,86,12.8392742,77.6778013,"Hosur Road, Gopalan Lake Front, Electronic City, Bengaluru, Karnataka. Pin-560100 (India)",3,7,10.0,86.0,critical,#FF4B4B
866189267ffffff,22,86,12.8392742,77.6778013,"Hosur Road, Gopalan Lake Front, Electronic City, Bengaluru, Karnataka. Pin-560100 (India)",4,32,10.0,86.0,critical,#FF4B4B
866189267ffffff,22,86,12.8392742,77.6778013,"Hosur Road, Gopalan Lake Front, Electronic City, Bengaluru, Karnataka. Pin-560100 (India)",5,16,10.0,86.0,critical,#FF4B4B
866189267ffffff,22,86,12.8392742,77.6778013,"Hosur Road, Gopalan Lake Front, Electronic City, Bengaluru, Karnataka. Pin-560100 (India)",6,3,10.0,86.0,critical,#FF4B4B
866189267ffffff,23,118,12.8435517,77.6441983,"Battadasanapura Main Road, DN Laxman Reddy Circle, Doddathogur, Bengaluru, Karnataka. Pin-560100 (India)",0,3,10.0,118.0,critical,#FF4B4B
866189267ffffff,23,118,12.8435517,77.6441983,"Battadasanapura Main Road, DN Laxman Reddy Circle, Doddathogur, Bengaluru, Karnataka. Pin-560100 (India)",1,6,10.0,118.0,critical,#FF4B4B
866189267ffffff,23,118,12.8435517,77.6441983,"Battadasanapura Main Road, DN Laxman Reddy Circle, Doddathogur, Bengaluru, Karnataka. Pin-560100 (India)",2,5,10.0,118.0,critical,#FF4B4B
866189267ffffff,23,118,12.8435517,77.6441983,"Battadasanapura Main Road, DN Laxman Reddy Circle, Doddathogur, Bengaluru, Karnataka. Pin-560100 (India)",3,8,10.0,118.0,critical,#FF4B4B
866189267ffffff,23,118,12.8435517,77.6441983,"Battadasanapura Main Road, DN Laxman Reddy Circle, Doddathogur, Bengaluru, Karnataka. Pin-560100 (India)",4,44,10.0,118.0,critical,#FF4B4B
866189267ffffff,23,118,12.8435517,77.6441983,"Battadasanapura Main Road, DN Laxman Reddy Circle, Doddathogur, Bengaluru, Karnataka. Pin-560100 (India)",5,45,10.0,118.0,critical,#FF4B4B
866189267ffffff,23,118,12.8435517,77.6441983,"Battadasanapura Main Road, DN Laxman Reddy Circle, Doddathogur, Bengaluru, Karnataka. Pin-560100 (India)",6,7,10.0,118.0,critical,#FF4B4B
86618926fffffff,0,3,12.8572543,77.5890452,"Bannerghatta Main Road, Anjanapura Upavalaya, Gottigere, Bengaluru, Karnataka. Pin-560083 (India)",1,3,0.0,0.0,green,#00CC66
86618926fffffff,1,10,12.8543273,77.5885602,"Bannerghatta Main Road, Royal Hermitage Layout, Weavers Colony, Bengaluru, Karnataka. Pin-560083 (India)",0,4,10.0,10.0,critical,#FF4B4B
86618926fffffff,1,10,12.8543273,77.5885602,"Bannerghatta Main Road, Royal Hermitage Layout, Weavers Colony, Bengaluru, Karnataka. Pin-560083 (India)",3,2,10.0,10.0,critical,#FF4B4B
86618926fffffff,1,10,12.8543273,77.5885602,"Bannerghatta Main Road, Royal Hermitage Layout, Weavers Colony, Bengaluru, Karnataka. Pin-560083 (India)",5,3,10.0,10.0,critical,#FF4B4B
86618926fffffff,1,10,12.8543273,77.5885602,"Bannerghatta Main Road, Royal Hermitage Layout, Weavers Colony, Bengaluru, Karnataka. Pin-560083 (India)",6,1,10.0,10.0,critical,#FF4B4B
86618926fffffff,2,7,12.8574127,77.5888975,"Bannerghatta Main Road, Anjanapura Upavalaya, Gottigere, Bengaluru, Karnataka. Pin-560083 (India)",1,1,10.0,7.0,critical,#FF4B4B
86618926fffffff,2,7,12.8574127,77.5888975,"Bannerghatta Main Road, Anjanapura Upavalaya, Gottigere, Bengaluru, Karnataka. Pin-560083 (India)",2,1,10.0,7.0,critical,#FF4B4B
86618926fffffff,2,7,12.8574127,77.5888975,"Bannerghatta Main Road, Anjanapura Upavalaya, Gottigere, Bengaluru, Karnataka. Pin-560083 (India)",3,1,10.0,7.0,critical,#FF4B4B
86618926fffffff,2,7,12.8574127,77.5888975,"Bannerghatta Main Road, Anjanapura Upavalaya, Gottigere, Bengaluru, Karnataka. Pin-560083 (India)",4,2,10.0,7.0,critical,#FF4B4B
86618926fffffff,2,7,12.8574127,77.5888975,"Bannerghatta Main Road, Anjanapura Upavalaya, Gottigere, Bengaluru, Karnataka. Pin-560083 (India)",5,1,10.0,7.0,critical,#FF4B4B
86618926fffffff,2,7,12.8574127,77.5888975,"Bannerghatta Main Road, Anjanapura Upavalaya, Gottigere, Bengaluru, Karnataka. Pin-560083 (India)",6,1,10.0,7.0,critical,#FF4B4B
86618926fffffff,3,6,12.8539036,77.5887792,"Bannerghatta Main Road, Dawoodi Bohra Colony, Gottigere, Bengaluru, Karnataka. Pin-560083 (India)",1,2,10.0,6.0,monitor,#FFA500
86618926fffffff,3,6,12.8539036,77.5887792,"Bannerghatta Main Road, Dawoodi Bohra Colony, Gottigere, Bengaluru, Karnataka. Pin-560083 (India)",2,1,10.0,6.0,monitor,#FFA500
86618926fffffff,3,6,12.8539036,77.5887792,"Bannerghatta Main Road, Dawoodi Bohra Colony, Gottigere, Bengaluru, Karnataka. Pin-560083 (India)",3,2,10.0,6.0,monitor,#FFA500
86618926fffffff,3,6,12.8539036,77.5887792,"Bannerghatta Main Road, Dawoodi Bohra Colony, Gottigere, Bengaluru, Karnataka. Pin-560083 (India)",6,1,10.0,6.0,monitor,#FFA500
86618926fffffff,4,11,12.8571388,77.5890828,"Gottigere Tank Bund Road, Doddakammanahalli, Bengaluru South City Corporation, Bengaluru, Bangalore South, Bengaluru Urban, Karnataka, 560083, India",1,3,10.0,11.0,critical,#FF4B4B
86618926fffffff,4,11,12.8571388,77.5890828,"Gottigere Tank Bund Road, Doddakammanahalli, Bengaluru South City Corporation, Bengaluru, Bangalore South, Bengaluru Urban, Karnataka, 560083, India",2,1,10.0,11.0,critical,#FF4B4B
86618926fffffff,4,11,12.8571388,77.5890828,"Gottigere Tank Bund Road, Doddakammanahalli, Bengaluru South City Corporation, Bengaluru, Bangalore South, Bengaluru Urban, Karnataka, 560083, India",4,3,10.0,11.0,critical,#FF4B4B
86618926fffffff,4,11,12.8571388,77.5890828,"Gottigere Tank Bund Road, Doddakammanahalli, Bengaluru South City Corporation, Bengaluru, Bangalore South, Bengaluru Urban, Karnataka, 560083, India",6,4,10.0,11.0,critical,#FF4B4B
86618926fffffff,5,7,12.856432,77.5887957,"Basaveswara Swamy Temple Road, Hexa Skyline, Bohra Colony, Gottigere, Bengaluru, Karnataka. Pin-560083 (India)",0,1,10.0,7.0,critical,#FF4B4B
86618926fffffff,5,7,12.856432,77.5887957,"Basaveswara Swamy Temple Road, Hexa Skyline, Bohra Colony, Gottigere, Bengaluru, Karnataka. Pin-560083 (India)",1,2,10.0,7.0,critical,#FF4B4B
86618926fffffff,5,7,12.856432,77.5887957,"Basaveswara Swamy Temple Road, Hexa Skyline, Bohra Colony, Gottigere, Bengaluru, Karnataka. Pin-560083 (India)",3,2,10.0,7.0,critical,#FF4B4B
86618926fffffff,5,7,12.856432,77.5887957,"Basaveswara Swamy Temple Road, Hexa Skyline, Bohra Colony, Gottigere, Bengaluru, Karnataka. Pin-560083 (India)",5,2,10.0,7.0,critical,#FF4B4B
86618926fffffff,6,14,12.8551952,77.5888135,"Bannerghatta Main Road, RV Shasthri Apartment, Dawoodi Bohra Colony, Gottigere, Bengaluru, Karnataka. Pin-560083 (India)",0,1,10.0,14.0,critical,#FF4B4B
86618926fffffff,6,14,12.8551952,77.5888135,"Bannerghatta Main Road, RV Shasthri Apartment, Dawoodi Bohra Colony, Gottigere, Bengaluru, Karnataka. Pin-560083 (India)",1,1,10.0,14.0,critical,#FF4B4B
86618926fffffff,6,14,12.8551952,77.5888135,"Bannerghatta Main Road, RV Shasthri Apartment, Dawoodi Bohra Colony, Gottigere, Bengaluru, Karnataka. Pin-560083 (India)",3,3,10.0,14.0,critical,#FF4B4B
86618926fffffff,6,14,12.8551952,77.5888135,"Bannerghatta Main Road, RV Shasthri Apartment, Dawoodi Bohra Colony, Gottigere, Bengaluru, Karnataka. Pin-560083 (India)",4,5,10.0,14.0,critical,#FF4B4B
86618926fffffff,6,14,12.8551952,77.5888135,"Bannerghatta Main Road, RV Shasthri Apartment, Dawoodi Bohra Colony, Gottigere, Bengaluru, Karnataka. Pin-560083 (India)",5,2,10.0,14.0,critical,#FF4B4B
86618926fffffff,6,14,12.8551952,77.5888135,"Bannerghatta Main Road, RV Shasthri Apartment, Dawoodi Bohra Colony, Gottigere, Bengaluru, Karnataka. Pin-560083 (India)",6,2,10.0,14.0,critical,#FF4B4B
86618926fffffff,7,7,12.8548539,77.5886589,"Bannerghatta Main Road, RV Shasthri Apartment, Dawoodi Bohra Colony, Gottigere, Bengaluru, Karnataka. Pin-560083 (India)",2,1,10.0,7.0,critical,#FF4B4B
86618926fffffff,7,7,12.8548539,77.5886589,"Bannerghatta Main Road, RV Shasthri Apartment, Dawoodi Bohra Colony, Gottigere, Bengaluru, Karnataka. Pin-560083 (India)",3,1,10.0,7.0,critical,#FF4B4B
86618926fffffff,7,7,12.8548539,77.5886589,"Bannerghatta Main Road, RV Shasthri Apartment, Dawoodi Bohra Colony, Gottigere, Bengaluru, Karnataka. Pin-560083 (India)",4,1,10.0,7.0,critical,#FF4B4B
86618926fffffff,7,7,12.8548539,77.5886589,"Bannerghatta Main Road, RV Shasthri Apartment, Dawoodi Bohra Colony, Gottigere, Bengaluru, Karnataka. Pin-560083 (India)",5,1,10.0,7.0,critical,#FF4B4B
86618926fffffff,7,7,12.8548539,77.5886589,"Bannerghatta Main Road, RV Shasthri Apartment, Dawoodi Bohra Colony, Gottigere, Bengaluru, Karnataka. Pin-560083 (India)",6,3,10.0,7.0,critical,#FF4B4B
86618926fffffff,8,7,12.8551694,77.5887378,"Bannerghatta Main Road, RV Shasthri Apartment, Dawoodi Bohra Colony, Gottigere, Bengaluru, Karnataka. Pin-560083 (India)",0,1,10.0,7.0,critical,#FF4B4B
86618926fffffff,8,7,12.8551694,77.5887378,"Bannerghatta Main Road, RV Shasthri Apartment, Dawoodi Bohra Colony, Gottigere, Bengaluru, Karnataka. Pin-560083 (India)",2,1,10.0,7.0,critical,#FF4B4B
86618926fffffff,8,7,12.8551694,77.5887378,"Bannerghatta Main Road, RV Shasthri Apartment, Dawoodi Bohra Colony, Gottigere, Bengaluru, Karnataka. Pin-560083 (India)",4,2,10.0,7.0,critical,#FF4B4B
86618926fffffff,8,7,12.8551694,77.5887378,"Bannerghatta Main Road, RV Shasthri Apartment, Dawoodi Bohra Colony, Gottigere, Bengaluru, Karnataka. Pin-560083 (India)",5,1,10.0,7.0,critical,#FF4B4B
86618926fffffff,8,7,12.8551694,77.5887378,"Bannerghatta Main Road, RV Shasthri Apartment, Dawoodi Bohra Colony, Gottigere, Bengaluru, Karnataka. Pin-560083 (India)",6,2,10.0,7.0,critical,#FF4B4B
86618926fffffff,19,2,12.8581672,77.5891233,"Bannerghatta Main Road, Anjanapura Upavalaya, Gottigere, Bengaluru, Karnataka. Pin-560083 (India)",4,1,10.0,2.0,green,#00CC66
86618926fffffff,19,2,12.8581672,77.5891233,"Bannerghatta Main Road, Anjanapura Upavalaya, Gottigere, Bengaluru, Karnataka. Pin-560083 (India)",5,1,10.0,2.0,green,#00CC66
86618926fffffff,20,6,12.8570601,77.589047,"Bannerghatta Main Road, Anjanapura Upavalaya, Gottigere, Bengaluru, Karnataka. Pin-560083 (India)",2,1,10.0,6.0,monitor,#FFA500
86618926fffffff,20,6,12.8570601,77.589047,"Bannerghatta Main Road, Anjanapura Upavalaya, Gottigere, Bengaluru, Karnataka. Pin-560083 (India)",5,2,10.0,6.0,monitor,#FFA500
86618926fffffff,20,6,12.8570601,77.589047,"Bannerghatta Main Road, Anjanapura Upavalaya, Gottigere, Bengaluru, Karnataka. Pin-560083 (India)",6,3,10.0,6.0,monitor,#FFA500
86618926fffffff,21,7,12.855806478189097,77.58884999847275,"Bannerghatta Main Road, Hexa Skyline, Bohra Colony, Gottigere, Bengaluru, Karnataka. Pin-560083 (India)",1,1,10.0,7.0,critical,#FF4B4B
86618926fffffff,21,7,12.855806478189097,77.58884999847275,"Bannerghatta Main Road, Hexa Skyline, Bohra Colony, Gottigere, Bengaluru, Karnataka. Pin-560083 (India)",2,4,7.5,5.25,monitor,#FFA500
86618926fffffff,21,7,12.855806478189097,77.58884999847275,"Bannerghatta Main Road, Hexa Skyline, Bohra Colony, Gottigere, Bengaluru, Karnataka. Pin-560083 (India)",4,2,10.0,7.0,critical,#FF4B4B
86618926fffffff,22,14,12.8568372,77.5889765,"Bannerghatta Main Road, Anjanapura Upavalaya, Gottigere, Bengaluru, Karnataka. Pin-560083 (India)",0,5,10.0,14.0,critical,#FF4B4B
86618926fffffff,22,14,12.8568372,77.5889765,"Bannerghatta Main Road, Anjanapura Upavalaya, Gottigere, Bengaluru, Karnataka. Pin-560083 (India)",1,2,10.0,14.0,critical,#FF4B4B
86618926fffffff,22,14,12.8568372,77.5889765,"Bannerghatta Main Road, Anjanapura Upavalaya, Gottigere, Bengaluru, Karnataka. Pin-560083 (India)",2,2,10.0,14.0,critical,#FF4B4B
86618926fffffff,22,14,12.8568372,77.5889765,"Bannerghatta Main Road, Anjanapura Upavalaya, Gottigere, Bengaluru, Karnataka. Pin-560083 (India)",3,1,10.0,14.0,critical,#FF4B4B
86618926fffffff,22,14,12.8568372,77.5889765,"Bannerghatta Main Road, Anjanapura Upavalaya, Gottigere, Bengaluru, Karnataka. Pin-560083 (India)",4,2,10.0,14.0,critical,#FF4B4B
86618926fffffff,22,14,12.8568372,77.5889765,"Bannerghatta Main Road, Anjanapura Upavalaya, Gottigere, Bengaluru, Karnataka. Pin-560083 (India)",5,2,10.0,14.0,critical,#FF4B4B
86618926fffffff,23,6,12.8505453,77.5881844,"SH 87, Royal Hermitage Layout, Weavers Colony, Bengaluru, Karnataka. Pin-560083 (India)",0,2,10.0,6.0,monitor,#FFA500
86618926fffffff,23,6,12.8505453,77.5881844,"SH 87, Royal Hermitage Layout, Weavers Colony, Bengaluru, Karnataka. Pin-560083 (India)",1,1,10.0,6.0,monitor,#FFA500
86618926fffffff,23,6,12.8505453,77.5881844,"SH 87, Royal Hermitage Layout, Weavers Colony, Bengaluru, Karnataka. Pin-560083 (India)",5,3,10.0,6.0,monitor,#FFA500
866189277ffffff,0,91,12.9036343,77.7040923,"Chikkabellanduru Road, Ram Circle, Hadosiddapura, Bengaluru, Karnataka. Pin-560035 (India)",0,17,10.0,91.0,critical,#FF4B4B
866189277ffffff,0,91,12.9036343,77.7040923,"Chikkabellanduru Road, Ram Circle, Hadosiddapura, Bengaluru, Karnataka. Pin-560035 (India)",1,11,10.0,91.0,critical,#FF4B4B
866189277ffffff,0,91,12.9036343,77.7040923,"Chikkabellanduru Road, Ram Circle, Hadosiddapura, Bengaluru, Karnataka. Pin-560035 (India)",2,8,10.0,91.0,critical,#FF4B4B
866189277ffffff,0,91,12.9036343,77.7040923,"Chikkabellanduru Road, Ram Circle, Hadosiddapura, Bengaluru, Karnataka. Pin-560035 (India)",3,11,10.0,91.0,critical,#FF4B4B
866189277ffffff,0,91,12.9036343,77.7040923,"Chikkabellanduru Road, Ram Circle, Hadosiddapura, Bengaluru, Karnataka. Pin-560035 (India)",4,3,10.0,91.0,critical,#FF4B4B
866189277ffffff,0,91,12.9036343,77.7040923,"Chikkabellanduru Road, Ram Circle, Hadosiddapura, Bengaluru, Karnataka. Pin-560035 (India)",5,6,10.0,91.0,critical,#FF4B4B
866189277ffffff,0,91,12.9036343,77.7040923,"Chikkabellanduru Road, Ram Circle, Hadosiddapura, Bengaluru, Karnataka. Pin-560035 (India)",6,35,10.0,91.0,critical,#FF4B4B
866189277ffffff,1,97,12.8981299,77.6754396,"Amrutha College Road, Camelia, Owners Court Layout, Kasavanahalli, Bengaluru, Karnataka. Pin-560035 (India)",0,14,10.0,97.0,critical,#FF4B4B
866189277ffffff,1,97,12.8981299,77.6754396,"Amrutha College Road, Camelia, Owners Court Layout, Kasavanahalli, Bengaluru, Karnataka. Pin-560035 (India)",1,16,10.0,97.0,critical,#FF4B4B
866189277ffffff,1,97,12.8981299,77.6754396,"Amrutha College Road, Camelia, Owners Court Layout, Kasavanahalli, Bengaluru, Karnataka. Pin-560035 (India)",2,12,10.0,97.0,critical,#FF4B4B
866189277ffffff,1,97,12.8981299,77.6754396,"Amrutha College Road, Camelia, Owners Court Layout, Kasavanahalli, Bengaluru, Karnataka. Pin-560035 (India)",3,12,10.0,97.0,critical,#FF4B4B
866189277ffffff,1,97,12.8981299,77.6754396,"Amrutha College Road, Camelia, Owners Court Layout, Kasavanahalli, Bengaluru, Karnataka. Pin-560035 (India)",4,12,10.0,97.0,critical,#FF4B4B
866189277ffffff,1,97,12.8981299,77.6754396,"Amrutha College Road, Camelia, Owners Court Layout, Kasavanahalli, Bengaluru, Karnataka. Pin-560035 (India)",5,4,10.0,97.0,critical,#FF4B4B
866189277ffffff,1,97,12.8981299,77.6754396,"Amrutha College Road, Camelia, Owners Court Layout, Kasavanahalli, Bengaluru, Karnataka. Pin-560035 (India)",6,27,10.0,97.0,critical,#FF4B4B
866189277ffffff,2,210,12.899345,77.6755017,"Amrutha College Road, Azalea, Owners Court Layout, Kasavanahalli, Bengaluru, Karnataka. Pin-560035 (India)",0,53,10.0,210.0,critical,#FF4B4B
866189277ffffff,2,210,12.899345,77.6755017,"Amrutha College Road, Azalea, Owners Court Layout, Kasavanahalli, Bengaluru, Karnataka. Pin-560035 (India)",1,10,10.0,210.0,critical,#FF4B4B
866189277ffffff,2,210,12.899345,77.6755017,"Amrutha College Road, Azalea, Owners Court Layout, Kasavanahalli, Bengaluru, Karnataka. Pin-560035 (India)",2,64,10.0,210.0,critical,#FF4B4B
866189277ffffff,2,210,12.899345,77.6755017,"Amrutha College Road, Azalea, Owners Court Layout, Kasavanahalli, Bengaluru, Karnataka. Pin-560035 (India)",3,8,10.0,210.0,critical,#FF4B4B
866189277ffffff,2,210,12.899345,77.6755017,"Amrutha College Road, Azalea, Owners Court Layout, Kasavanahalli, Bengaluru, Karnataka. Pin-560035 (India)",4,12,10.0,210.0,critical,#FF4B4B
866189277ffffff,2,210,12.899345,77.6755017,"Amrutha College Road, Azalea, Owners Court Layout, Kasavanahalli, Bengaluru, Karnataka. Pin-560035 (India)",5,7,10.0,210.0,critical,#FF4B4B
866189277ffffff,2,210,12.899345,77.6755017,"Amrutha College Road, Azalea, Owners Court Layout, Kasavanahalli, Bengaluru, Karnataka. Pin-560035 (India)",6,56,10.0,210.0,critical,#FF4B4B
866189277ffffff,3,124,12.8952837,77.6756697,"Amrita College Road, Bhuvi Colony, Kasavanahalli, Bengaluru, Karnataka. Pin-560035 (India)",0,9,10.0,124.0,critical,#FF4B4B
866189277ffffff,3,124,12.8952837,77.6756697,"Amrita College Road, Bhuvi Colony, Kasavanahalli, Bengaluru, Karnataka. Pin-560035 (India)",1,12,10.0,124.0,critical,#FF4B4B
866189277ffffff,3,124,12.8952837,77.6756697,"Amrita College Road, Bhuvi Colony, Kasavanahalli, Bengaluru, Karnataka. Pin-560035 (India)",2,5,10.0,124.0,critical,#FF4B4B
866189277ffffff,3,124,12.8952837,77.6756697,"Amrita College Road, Bhuvi Colony, Kasavanahalli, Bengaluru, Karnataka. Pin-560035 (India)",3,19,10.0,124.0,critical,#FF4B4B
866189277ffffff,3,124,12.8952837,77.6756697,"Amrita College Road, Bhuvi Colony, Kasavanahalli, Bengaluru, Karnataka. Pin-560035 (India)",4,12,10.0,124.0,critical,#FF4B4B
866189277ffffff,3,124,12.8952837,77.6756697,"Amrita College Road, Bhuvi Colony, Kasavanahalli, Bengaluru, Karnataka. Pin-560035 (India)",5,19,10.0,124.0,critical,#FF4B4B
866189277ffffff,3,124,12.8952837,77.6756697,"Amrita College Road, Bhuvi Colony, Kasavanahalli, Bengaluru, Karnataka. Pin-560035 (India)",6,48,10.0,124.0,critical,#FF4B4B
866189277ffffff,4,165,12.898463,77.6754677,"Amrutha College Road, Camelia, Owners Court Layout, Kasavanahalli, Bengaluru, Karnataka. Pin-560035 (India)",0,22,10.0,165.0,critical,#FF4B4B
866189277ffffff,4,165,12.898463,77.6754677,"Amrutha College Road, Camelia, Owners Court Layout, Kasavanahalli, Bengaluru, Karnataka. Pin-560035 (India)",1,11,10.0,165.0,critical,#FF4B4B
866189277ffffff,4,165,12.898463,77.6754677,"Amrutha College Road, Camelia, Owners Court Layout, Kasavanahalli, Bengaluru, Karnataka. Pin-560035 (India)",2,8,10.0,165.0,critical,#FF4B4B
866189277ffffff,4,165,12.898463,77.6754677,"Amrutha College Road, Camelia, Owners Court Layout, Kasavanahalli, Bengaluru, Karnataka. Pin-560035 (India)",3,24,10.0,165.0,critical,#FF4B4B
866189277ffffff,4,165,12.898463,77.6754677,"Amrutha College Road, Camelia, Owners Court Layout, Kasavanahalli, Bengaluru, Karnataka. Pin-560035 (India)",4,26,10.0,165.0,critical,#FF4B4B
866189277ffffff,4,165,12.898463,77.6754677,"Amrutha College Road, Camelia, Owners Court Layout, Kasavanahalli, Bengaluru, Karnataka. Pin-560035 (India)",5,26,10.0,165.0,critical,#FF4B4B
866189277ffffff,4,165,12.898463,77.6754677,"Amrutha College Road, Camelia, Owners Court Layout, Kasavanahalli, Bengaluru, Karnataka. Pin-560035 (India)",6,48,10.0,165.0,critical,#FF4B4B
866189277ffffff,5,235,12.9038917,77.7042968,"Chikkabellanduru Road, Ram Circle, Hadosiddapura, Bengaluru, Karnataka. Pin-560035 (India)",0,59,10.0,235.0,critical,#FF4B4B
866189277ffffff,5,235,12.9038917,77.7042968,"Chikkabellanduru Road, Ram Circle, Hadosiddapura, Bengaluru, Karnataka. Pin-560035 (India)",1,12,10.0,235.0,critical,#FF4B4B
866189277ffffff,5,235,12.9038917,77.7042968,"Chikkabellanduru Road, Ram Circle, Hadosiddapura, Bengaluru, Karnataka. Pin-560035 (India)",2,36,10.0,235.0,critical,#FF4B4B
866189277ffffff,5,235,12.9038917,77.7042968,"Chikkabellanduru Road, Ram Circle, Hadosiddapura, Bengaluru, Karnataka. Pin-560035 (India)",3,33,10.0,235.0,critical,#FF4B4B
866189277ffffff,5,235,12.9038917,77.7042968,"Chikkabellanduru Road, Ram Circle, Hadosiddapura, Bengaluru, Karnataka. Pin-560035 (India)",4,10,10.0,235.0,critical,#FF4B4B
866189277ffffff,5,235,12.9038917,77.7042968,"Chikkabellanduru Road, Ram Circle, Hadosiddapura, Bengaluru, Karnataka. Pin-560035 (India)",5,16,10.0,235.0,critical,#FF4B4B
866189277ffffff,5,235,12.9038917,77.7042968,"Chikkabellanduru Road, Ram Circle, Hadosiddapura, Bengaluru, Karnataka. Pin-560035 (India)",6,69,10.0,235.0,critical,#FF4B4B
866189277ffffff,6,206,12.8758151,77.6714304,"Amrutha College Road, Mahaveer Ranches, Naganathapura, Rayasandra, Bengaluru, Karnataka. Pin-560100 (India)",0,27,10.0,206.0,critical,#FF4B4B
866189277ffffff,6,206,12.8758151,77.6714304,"Amrutha College Road, Mahaveer Ranches, Naganathapura, Rayasandra, Bengaluru, Karnataka. Pin-560100 (India)",1,25,10.0,206.0,critical,#FF4B4B
866189277ffffff,6,206,12.8758151,77.6714304,"Amrutha College Road, Mahaveer Ranches, Naganathapura, Rayasandra, Bengaluru, Karnataka. Pin-560100 (India)",2,35,10.0,206.0,critical,#FF4B4B
866189277ffffff,6,206,12.8758151,77.6714304,"Amrutha College Road, Mahaveer Ranches, Naganathapura, Rayasandra, Bengaluru, Karnataka. Pin-560100 (India)",3,37,10.0,206.0,critical,#FF4B4B
866189277ffffff,6,206,12.8758151,77.6714304,"Amrutha College Road, Mahaveer Ranches, Naganathapura, Rayasandra, Bengaluru, Karnataka. Pin-560100 (India)",4,30,10.0,206.0,critical,#FF4B4B
866189277ffffff,6,206,12.8758151,77.6714304,"Amrutha College Road, Mahaveer Ranches, Naganathapura, Rayasandra, Bengaluru, Karnataka. Pin-560100 (India)",5,20,10.0,206.0,critical,#FF4B4B
866189277ffffff,6,206,12.8758151,77.6714304,"Amrutha College Road, Mahaveer Ranches, Naganathapura, Rayasandra, Bengaluru, Karnataka. Pin-560100 (India)",6,32,10.0,206.0,critical,#FF4B4B
866189277ffffff,7,164,12.9012664,77.6757772,"Amrutha College Road, Confident Phoenix, Haralur, Bengaluru, Karnataka. Pin-560035 (India)",0,42,10.0,164.0,critical,#FF4B4B
866189277ffffff,7,164,12.9012664,77.6757772,"Amrutha College Road, Confident Phoenix, Haralur, Bengaluru, Karnataka. Pin-560035 (India)",1,7,10.0,164.0,critical,#FF4B4B
866189277ffffff,7,164,12.9012664,77.6757772,"Amrutha College Road, Confident Phoenix, Haralur, Bengaluru, Karnataka. Pin-560035 (India)",2,20,10.0,164.0,critical,#FF4B4B
866189277ffffff,7,164,12.9012664,77.6757772,"Amrutha College Road, Confident Phoenix, Haralur, Bengaluru, Karnataka. Pin-560035 (India)",3,29,10.0,164.0,critical,#FF4B4B
866189277ffffff,7,164,12.9012664,77.6757772,"Amrutha College Road, Confident Phoenix, Haralur, Bengaluru, Karnataka. Pin-560035 (India)",4,26,10.0,164.0,critical,#FF4B4B
866189277ffffff,7,164,12.9012664,77.6757772,"Amrutha College Road, Confident Phoenix, Haralur, Bengaluru, Karnataka. Pin-560035 (India)",5,10,10.0,164.0,critical,#FF4B4B
866189277ffffff,7,164,12.9012664,77.6757772,"Amrutha College Road, Confident Phoenix, Haralur, Bengaluru, Karnataka. Pin-560035 (India)",6,30,10.0,164.0,critical,#FF4B4B
866189277ffffff,8,141,12.9136248,77.6774717,"Amrutha College Road, Sri Venkateshwara Circle, Haralur, Bengaluru, Karnataka. Pin-560035 (India)",0,30,10.0,141.0,critical,#FF4B4B
866189277ffffff,8,141,12.9136248,77.6774717,"Amrutha College Road, Sri Venkateshwara Circle, Haralur, Bengaluru, Karnataka. Pin-560035 (India)",1,17,10.0,141.0,critical,#FF4B4B
866189277ffffff,8,141,12.9136248,77.6774717,"Amrutha College Road, Sri Venkateshwara Circle, Haralur, Bengaluru, Karnataka. Pin-560035 (India)",2,22,10.0,141.0,critical,#FF4B4B
866189277ffffff,8,141,12.9136248,77.6774717,"Amrutha College Road, Sri Venkateshwara Circle, Haralur, Bengaluru, Karnataka. Pin-560035 (India)",3,10,10.0,141.0,critical,#FF4B4B
866189277ffffff,8,141,12.9136248,77.6774717,"Amrutha College Road, Sri Venkateshwara Circle, Haralur, Bengaluru, Karnataka. Pin-560035 (India)",4,9,10.0,141.0,critical,#FF4B4B
866189277ffffff,8,141,12.9136248,77.6774717,"Amrutha College Road, Sri Venkateshwara Circle, Haralur, Bengaluru, Karnataka. Pin-560035 (India)",5,5,10.0,141.0,critical,#FF4B4B
866189277ffffff,8,141,12.9136248,77.6774717,"Amrutha College Road, Sri Venkateshwara Circle, Haralur, Bengaluru, Karnataka. Pin-560035 (India)",6,48,10.0,141.0,critical,#FF4B4B
866189277ffffff,9,26,12.8996983,77.675385,"Amrutha College Road, Kristal Jasper Villa, Haralur, Bengaluru, Karnataka. Pin-560035 (India)",0,8,10.0,26.0,critical,#FF4B4B
866189277ffffff,9,26,12.8996983,77.675385,"Amrutha College Road, Kristal Jasper Villa, Haralur, Bengaluru, Karnataka. Pin-560035 (India)",1,3,10.0,26.0,critical,#FF4B4B
866189277ffffff,9,26,12.8996983,77.675385,"Amrutha College Road, Kristal Jasper Villa, Haralur, Bengaluru, Karnataka. Pin-560035 (India)",2,8,10.0,26.0,critical,#FF4B4B
866189277ffffff,9,26,12.8996983,77.675385,"Amrutha College Road, Kristal Jasper Villa, Haralur, Bengaluru, Karnataka. Pin-560035 (India)",3,3,10.0,26.0,critical,#FF4B4B
866189277ffffff,9,26,12.8996983,77.675385,"Amrutha College Road, Kristal Jasper Villa, Haralur, Bengaluru, Karnataka. Pin-560035 (India)",6,4,10.0,26.0,critical,#FF4B4B
866189277ffffff,10,8,12.8995819,77.6753915,"Amrutha College Road, Azalea, Owners Court Layout, Kasavanahalli, Bengaluru, Karnataka. Pin-560035 (India)",0,1,10.0,8.0,critical,#FF4B4B
866189277ffffff,10,8,12.8995819,77.6753915,"Amrutha College Road, Azalea, Owners Court Layout, Kasavanahalli, Bengaluru, Karnataka. Pin-560035 (India)",1,1,10.0,8.0,critical,#FF4B4B
866189277ffffff,10,8,12.8995819,77.6753915,"Amrutha College Road, Azalea, Owners Court Layout, Kasavanahalli, Bengaluru, Karnataka. Pin-560035 (India)",2,4,10.0,8.0,critical,#FF4B4B
866189277ffffff,10,8,12.8995819,77.6753915,"Amrutha College Road, Azalea, Owners Court Layout, Kasavanahalli, Bengaluru, Karnataka. Pin-560035 (India)",4,2,10.0,8.0,critical,#FF4B4B
866189277ffffff,11,6,12.8992918,77.6754736,"Amrutha College Road, Azalea, Owners Court Layout, Kasavanahalli, Bengaluru, Karnataka. Pin-560035 (India)",1,1,10.0,6.0,monitor,#FFA500
866189277ffffff,11,6,12.8992918,77.6754736,"Amrutha College Road, Azalea, Owners Court Layout, Kasavanahalli, Bengaluru, Karnataka. Pin-560035 (India)",3,5,2.0,1.2,green,#00CC66
866189277ffffff,12,1,12.9083713,77.6922201,"Sarjapura Main Road, KT Nagappa Reddy Layout, Doddakannelli, Bengaluru, Karnataka. Pin-560035 (India)",3,1,0.0,0.0,green,#00CC66
866189277ffffff,19,23,12.8990048,77.6754425,"Amrutha College Road, Azalea, Owners Court Layout, Kasavanahalli, Bengaluru, Karnataka. Pin-560035 (India)",0,5,10.0,23.0,critical,#FF4B4B
866189277ffffff,19,23,12.8990048,77.6754425,"Amrutha College Road, Azalea, Owners Court Layout, Kasavanahalli, Bengaluru, Karnataka. Pin-560035 (India)",1,2,10.0,23.0,critical,#FF4B4B
866189277ffffff,19,23,12.8990048,77.6754425,"Amrutha College Road, Azalea, Owners Court Layout, Kasavanahalli, Bengaluru, Karnataka. Pin-560035 (India)",3,8,10.0,23.0,critical,#FF4B4B
866189277ffffff,19,23,12.8990048,77.6754425,"Amrutha College Road, Azalea, Owners Court Layout, Kasavanahalli, Bengaluru, Karnataka. Pin-560035 (India)",4,1,10.0,23.0,critical,#FF4B4B
866189277ffffff,19,23,12.8990048,77.6754425,"Amrutha College Road, Azalea, Owners Court Layout, Kasavanahalli, Bengaluru, Karnataka. Pin-560035 (India)",5,6,10.0,23.0,critical,#FF4B4B
866189277ffffff,19,23,12.8990048,77.6754425,"Amrutha College Road, Azalea, Owners Court Layout, Kasavanahalli, Bengaluru, Karnataka. Pin-560035 (India)",6,1,10.0,23.0,critical,#FF4B4B
866189277ffffff,20,53,12.9117271,77.6766649,"Amrutha College Road, Chowdappa Layout, Kaikondrahalli, Bengaluru, Karnataka. Pin-560035 (India)",0,8,10.0,53.0,critical,#FF4B4B
866189277ffffff,20,53,12.9117271,77.6766649,"Amrutha College Road, Chowdappa Layout, Kaikondrahalli, Bengaluru, Karnataka. Pin-560035 (India)",1,17,10.0,53.0,critical,#FF4B4B
866189277ffffff,20,53,12.9117271,77.6766649,"Amrutha College Road, Chowdappa Layout, Kaikondrahalli, Bengaluru, Karnataka. Pin-560035 (India)",2,4,10.0,53.0,critical,#FF4B4B
866189277ffffff,20,53,12.9117271,77.6766649,"Amrutha College Road, Chowdappa Layout, Kaikondrahalli, Bengaluru, Karnataka. Pin-560035 (India)",3,10,10.0,53.0,critical,#FF4B4B
866189277ffffff,20,53,12.9117271,77.6766649,"Amrutha College Road, Chowdappa Layout, Kaikondrahalli, Bengaluru, Karnataka. Pin-560035 (India)",4,5,10.0,53.0,critical,#FF4B4B
866189277ffffff,20,53,12.9117271,77.6766649,"Amrutha College Road, Chowdappa Layout, Kaikondrahalli, Bengaluru, Karnataka. Pin-560035 (India)",5,5,10.0,53.0,critical,#FF4B4B
866189277ffffff,20,53,12.9117271,77.6766649,"Amrutha College Road, Chowdappa Layout, Kaikondrahalli, Bengaluru, Karnataka. Pin-560035 (India)",6,4,10.0,53.0,critical,#FF4B4B
866189277ffffff,21,92,12.8890614,77.6713521,"Silver County Road, Choodasandra Circle, Kasavanahalli, Bengaluru, Karnataka. Pin-560035 (India)",0,2,10.0,92.0,critical,#FF4B4B
866189277ffffff,21,92,12.8890614,77.6713521,"Silver County Road, Choodasandra Circle, Kasavanahalli, Bengaluru, Karnataka. Pin-560035 (India)",1,12,10.0,92.0,critical,#FF4B4B
866189277ffffff,21,92,12.8890614,77.6713521,"Silver County Road, Choodasandra Circle, Kasavanahalli, Bengaluru, Karnataka. Pin-560035 (India)",2,19,10.0,92.0,critical,#FF4B4B
866189277ffffff,21,92,12.8890614,77.6713521,"Silver County Road, Choodasandra Circle, Kasavanahalli, Bengaluru, Karnataka. Pin-560035 (India)",3,12,10.0,92.0,critical,#FF4B4B
866189277ffffff,21,92,12.8890614,77.6713521,"Silver County Road, Choodasandra Circle, Kasavanahalli, Bengaluru, Karnataka. Pin-560035 (India)",4,5,10.0,92.0,critical,#FF4B4B
866189277ffffff,21,92,12.8890614,77.6713521,"Silver County Road, Choodasandra Circle, Kasavanahalli, Bengaluru, Karnataka. Pin-560035 (India)",5,24,10.0,92.0,critical,#FF4B4B
866189277ffffff,21,92,12.8890614,77.6713521,"Silver County Road, Choodasandra Circle, Kasavanahalli, Bengaluru, Karnataka. Pin-560035 (India)",6,18,10.0,92.0,critical,#FF4B4B
866189277ffffff,22,128,12.9054633,77.7007781,"Sarjapura Main Road, The Grove, Janatha Colony, Doddakannelli, Bengaluru, Karnataka. Pin-560035 (India)",0,3,10.0,128.0,critical,#FF4B4B
866189277ffffff,22,128,12.9054633,77.7007781,"Sarjapura Main Road, The Grove, Janatha Colony, Doddakannelli, Bengaluru, Karnataka. Pin-560035 (India)",1,7,10.0,128.0,critical,#FF4B4B
866189277ffffff,22,128,12.9054633,77.7007781,"Sarjapura Main Road, The Grove, Janatha Colony, Doddakannelli, Bengaluru, Karnataka. Pin-560035 (India)",2,23,10.0,128.0,critical,#FF4B4B
866189277ffffff,22,128,12.9054633,77.7007781,"Sarjapura Main Road, The Grove, Janatha Colony, Doddakannelli, Bengaluru, Karnataka. Pin-560035 (India)",3,10,10.0,128.0,critical,#FF4B4B
866189277ffffff,22,128,12.9054633,77.7007781,"Sarjapura Main Road, The Grove, Janatha Colony, Doddakannelli, Bengaluru, Karnataka. Pin-560035 (India)",4,22,10.0,128.0,critical,#FF4B4B
866189277ffffff,22,128,12.9054633,77.7007781,"Sarjapura Main Road, The Grove, Janatha Colony, Doddakannelli, Bengaluru, Karnataka. Pin-560035 (India)",5,53,10.0,128.0,critical,#FF4B4B
866189277ffffff,22,128,12.9054633,77.7007781,"Sarjapura Main Road, The Grove, Janatha Colony, Doddakannelli, Bengaluru, Karnataka. Pin-560035 (India)",6,10,10.0,128.0,critical,#FF4B4B
866189277ffffff,23,83,12.8980591,77.6753022,"Amrutha College Road, Rochea, Owners Court Layout, Kasavanahalli, Bengaluru, Karnataka. Pin-560035 (India)",0,6,10.0,83.0,critical,#FF4B4B
866189277ffffff,23,83,12.8980591,77.6753022,"Amrutha College Road, Rochea, Owners Court Layout, Kasavanahalli, Bengaluru, Karnataka. Pin-560035 (India)",1,10,10.0,83.0,critical,#FF4B4B
866189277ffffff,23,83,12.8980591,77.6753022,"Amrutha College Road, Rochea, Owners Court Layout, Kasavanahalli, Bengaluru, Karnataka. Pin-560035 (India)",2,19,10.0,83.0,critical,#FF4B4B
866189277ffffff,23,83,12.8980591,77.6753022,"Amrutha College Road, Rochea, Owners Court Layout, Kasavanahalli, Bengaluru, Karnataka. Pin-560035 (India)",3,7,10.0,83.0,critical,#FF4B4B
866189277ffffff,23,83,12.8980591,77.6753022,"Amrutha College Road, Rochea, Owners Court Layout, Kasavanahalli, Bengaluru, Karnataka. Pin-560035 (India)",4,9,10.0,83.0,critical,#FF4B4B
866189277ffffff,23,83,12.8980591,77.6753022,"Amrutha College Road, Rochea, Owners Court Layout, Kasavanahalli, Bengaluru, Karnataka. Pin-560035 (India)",5,23,10.0,83.0,critical,#FF4B4B
866189277ffffff,23,83,12.8980591,77.6753022,"Amrutha College Road, Rochea, Owners Court Layout, Kasavanahalli, Bengaluru, Karnataka. Pin-560035 (India)",6,9,10.0,83.0,critical,#FF4B4B
8661892afffffff,0,7,13.0537716,77.7616542,"MBT Road, Bridge Signature Tower, Sannatammanahalli, Bengaluru, Karnataka. Pin-560049 (India)",1,1,10.0,7.0,critical,#FF4B4B
8661892afffffff,0,7,13.0537716,77.7616542,"MBT Road, Bridge Signature Tower, Sannatammanahalli, Bengaluru, Karnataka. Pin-560049 (India)",4,4,7.5,5.25,monitor,#FFA500
8661892afffffff,0,7,13.0537716,77.7616542,"MBT Road, Bridge Signature Tower, Sannatammanahalli, Bengaluru, Karnataka. Pin-560049 (India)",6,2,10.0,7.0,critical,#FF4B4B
8661892afffffff,1,2,13.0540381,77.7620393,"MBT Road, Bridge Signature Tower, Sannatammanahalli, Bengaluru, Karnataka. Pin-560049 (India)",1,1,10.0,2.0,green,#00CC66
8661892afffffff,1,2,13.0540381,77.7620393,"MBT Road, Bridge Signature Tower, Sannatammanahalli, Bengaluru, Karnataka. Pin-560049 (India)",5,1,10.0,2.0,green,#00CC66
8661892afffffff,2,6,13.0552768,77.7646804,"MBT Road, SBR Keerthi Prime, Katamnallur, Bengaluru, Karnataka. Pin-560049 (India)",0,1,10.0,6.0,monitor,#FFA500
8661892afffffff,2,6,13.0552768,77.7646804,"MBT Road, SBR Keerthi Prime, Katamnallur, Bengaluru, Karnataka. Pin-560049 (India)",1,5,2.0,1.2,green,#00CC66
8661892afffffff,3,5,13.0552768,77.7646804,"MBT Road, SBR Keerthi Prime, Katamnallur, Bengaluru, Karnataka. Pin-560049 (India)",1,4,2.5,1.25,green,#00CC66
8661892afffffff,3,5,13.0552768,77.7646804,"MBT Road, SBR Keerthi Prime, Katamnallur, Bengaluru, Karnataka. Pin-560049 (India)",6,1,10.0,5.0,monitor,#FFA500
8661892afffffff,4,2,13.0537689,77.7615706,"MBT Road, Bridge Signature Tower, Sannatammanahalli, Bengaluru, Karnataka. Pin-560049 (India)",0,1,10.0,2.0,green,#00CC66
8661892afffffff,4,2,13.0537689,77.7615706,"MBT Road, Bridge Signature Tower, Sannatammanahalli, Bengaluru, Karnataka. Pin-560049 (India)",1,1,10.0,2.0,green,#00CC66
8661892afffffff,5,51,13.0539342,77.7617608,"MBT Road, Bridge Signature Tower, Sannatammanahalli, Bengaluru, Karnataka. Pin-560049 (India)",0,49,0.41,2.09,green,#00CC66
8661892afffffff,5,51,13.0539342,77.7617608,"MBT Road, Bridge Signature Tower, Sannatammanahalli, Bengaluru, Karnataka. Pin-560049 (India)",1,1,10.0,51.0,critical,#FF4B4B
8661892afffffff,5,51,13.0539342,77.7617608,"MBT Road, Bridge Signature Tower, Sannatammanahalli, Bengaluru, Karnataka. Pin-560049 (India)",3,1,10.0,51.0,critical,#FF4B4B
8661892afffffff,6,16,13.0551447,77.7644654,"MBT Road, SBR Keerthi Prime, Katamnallur, Bengaluru, Karnataka. Pin-560049 (India)",0,12,3.33,5.33,monitor,#FFA500
8661892afffffff,6,16,13.0551447,77.7644654,"MBT Road, SBR Keerthi Prime, Katamnallur, Bengaluru, Karnataka. Pin-560049 (India)",1,2,10.0,16.0,critical,#FF4B4B
8661892afffffff,6,16,13.0551447,77.7644654,"MBT Road, SBR Keerthi Prime, Katamnallur, Bengaluru, Karnataka. Pin-560049 (India)",5,2,10.0,16.0,critical,#FF4B4B
8661892afffffff,7,5,13.053788,77.7615705,"MBT Road, Bridge Signature Tower, Sannatammanahalli, Bengaluru, Karnataka. Pin-560049 (India)",1,1,10.0,5.0,monitor,#FFA500
8661892afffffff,7,5,13.053788,77.7615705,"MBT Road, Bridge Signature Tower, Sannatammanahalli, Bengaluru, Karnataka. Pin-560049 (India)",3,3,6.67,3.34,monitor,#FFA500
8661892afffffff,7,5,13.053788,77.7615705,"MBT Road, Bridge Signature Tower, Sannatammanahalli, Bengaluru, Karnataka. Pin-560049 (India)",6,1,10.0,5.0,monitor,#FFA500
8661892afffffff,8,4,13.0531942,77.7621467,"Whitefield Main Road, Bridge Signature Tower, Sannatammanahalli, Bengaluru, Karnataka. Pin-560049 (India)",1,1,10.0,4.0,monitor,#FFA500
8661892afffffff,8,4,13.0531942,77.7621467,"Whitefield Main Road, Bridge Signature Tower, Sannatammanahalli, Bengaluru, Karnataka. Pin-560049 (India)",2,3,3.33,1.33,green,#00CC66
8661892afffffff,19,1,13.0519957,77.7614202,"Whitefield Main Road, SBR Pravanika, Sannatammanahalli, Bengaluru, Karnataka. Pin-560049 (India)",4,1,0.0,0.0,green,#00CC66
8661892afffffff,20,2,13.0532836,77.7618242,"Whitefield Main Road, Bridge Signature Tower, Sannatammanahalli, Bengaluru, Karnataka. Pin-560049 (India)",0,1,10.0,2.0,green,#00CC66
8661892afffffff,20,2,13.0532836,77.7618242,"Whitefield Main Road, Bridge Signature Tower, Sannatammanahalli, Bengaluru, Karnataka. Pin-560049 (India)",4,1,10.0,2.0,green,#00CC66
8661892afffffff,21,7,13.0565337,77.7673855,"MBT Road, Dream City, Huskur South Taluka, Bengaluru, Karnataka. Pin-560049 (India)",0,6,1.67,1.17,green,#00CC66
8661892afffffff,21,7,13.0565337,77.7673855,"MBT Road, Dream City, Huskur South Taluka, Bengaluru, Karnataka. Pin-560049 (India)",5,1,10.0,7.0,critical,#FF4B4B
8661892afffffff,22,1,13.0522118,77.7614339,8661892afffffff,3,1,0.0,0.0,green,#00CC66
8661892afffffff,23,2,13.0541421,77.7620878,"MBT Road, Bridge Signature Tower, Sannatammanahalli, Bengaluru, Karnataka. Pin-560049 (India)",1,1,10.0,2.0,green,#00CC66
8661892afffffff,23,2,13.0541421,77.7620878,"MBT Road, Bridge Signature Tower, Sannatammanahalli, Bengaluru, Karnataka. Pin-560049 (India)",5,1,10.0,2.0,green,#00CC66
8661892c7ffffff,0,28,13.0181428,77.6540503,"100 Feet Road, Gopal Reddy Layout, Banaswadi, Bengaluru, Karnataka. Pin-560043 (India)",0,1,10.0,28.0,critical,#FF4B4B
8661892c7ffffff,0,28,13.0181428,77.6540503,"100 Feet Road, Gopal Reddy Layout, Banaswadi, Bengaluru, Karnataka. Pin-560043 (India)",1,4,10.0,28.0,critical,#FF4B4B
8661892c7ffffff,0,28,13.0181428,77.6540503,"100 Feet Road, Gopal Reddy Layout, Banaswadi, Bengaluru, Karnataka. Pin-560043 (India)",2,5,10.0,28.0,critical,#FF4B4B
8661892c7ffffff,0,28,13.0181428,77.6540503,"100 Feet Road, Gopal Reddy Layout, Banaswadi, Bengaluru, Karnataka. Pin-560043 (India)",4,5,10.0,28.0,critical,#FF4B4B
8661892c7ffffff,0,28,13.0181428,77.6540503,"100 Feet Road, Gopal Reddy Layout, Banaswadi, Bengaluru, Karnataka. Pin-560043 (India)",5,4,10.0,28.0,critical,#FF4B4B
8661892c7ffffff,0,28,13.0181428,77.6540503,"100 Feet Road, Gopal Reddy Layout, Banaswadi, Bengaluru, Karnataka. Pin-560043 (India)",6,9,10.0,28.0,critical,#FF4B4B
8661892c7ffffff,1,18,13.0204981,77.6568028,"2nd Main Road, VV Pearl, Ashirwad Colony, Horamavu, Bengaluru, Karnataka. Pin-560043 (India)",0,4,10.0,18.0,critical,#FF4B4B
8661892c7ffffff,1,18,13.0204981,77.6568028,"2nd Main Road, VV Pearl, Ashirwad Colony, Horamavu, Bengaluru, Karnataka. Pin-560043 (India)",1,2,10.0,18.0,critical,#FF4B4B
8661892c7ffffff,1,18,13.0204981,77.6568028,"2nd Main Road, VV Pearl, Ashirwad Colony, Horamavu, Bengaluru, Karnataka. Pin-560043 (India)",2,4,10.0,18.0,critical,#FF4B4B
8661892c7ffffff,1,18,13.0204981,77.6568028,"2nd Main Road, VV Pearl, Ashirwad Colony, Horamavu, Bengaluru, Karnataka. Pin-560043 (India)",4,1,10.0,18.0,critical,#FF4B4B
8661892c7ffffff,1,18,13.0204981,77.6568028,"2nd Main Road, VV Pearl, Ashirwad Colony, Horamavu, Bengaluru, Karnataka. Pin-560043 (India)",5,3,10.0,18.0,critical,#FF4B4B
8661892c7ffffff,1,18,13.0204981,77.6568028,"2nd Main Road, VV Pearl, Ashirwad Colony, Horamavu, Bengaluru, Karnataka. Pin-560043 (India)",6,4,10.0,18.0,critical,#FF4B4B
8661892c7ffffff,2,22,13.0485874,77.6456396,"Hennur Main Road, Geddalahalli, Bengaluru, Karnataka. Pin-560077 (India)",0,2,10.0,22.0,critical,#FF4B4B
8661892c7ffffff,2,22,13.0485874,77.6456396,"Hennur Main Road, Geddalahalli, Bengaluru, Karnataka. Pin-560077 (India)",2,2,10.0,22.0,critical,#FF4B4B
8661892c7ffffff,2,22,13.0485874,77.6456396,"Hennur Main Road, Geddalahalli, Bengaluru, Karnataka. Pin-560077 (India)",4,4,10.0,22.0,critical,#FF4B4B
8661892c7ffffff,2,22,13.0485874,77.6456396,"Hennur Main Road, Geddalahalli, Bengaluru, Karnataka. Pin-560077 (India)",6,14,5.71,12.56,critical,#FF4B4B
8661892c7ffffff,3,15,13.0571232,77.6501865,"Byrathi Main Road, Hoodi, Kothnur Narayanapura, Bengaluru, Karnataka. Pin-560077 (India)",0,2,10.0,15.0,critical,#FF4B4B
8661892c7ffffff,3,15,13.0571232,77.6501865,"Byrathi Main Road, Hoodi, Kothnur Narayanapura, Bengaluru, Karnataka. Pin-560077 (India)",2,3,10.0,15.0,critical,#FF4B4B
8661892c7ffffff,3,15,13.0571232,77.6501865,"Byrathi Main Road, Hoodi, Kothnur Narayanapura, Bengaluru, Karnataka. Pin-560077 (India)",3,3,10.0,15.0,critical,#FF4B4B
8661892c7ffffff,3,15,13.0571232,77.6501865,"Byrathi Main Road, Hoodi, Kothnur Narayanapura, Bengaluru, Karnataka. Pin-560077 (India)",5,1,10.0,15.0,critical,#FF4B4B
8661892c7ffffff,3,15,13.0571232,77.6501865,"Byrathi Main Road, Hoodi, Kothnur Narayanapura, Bengaluru, Karnataka. Pin-560077 (India)",6,6,10.0,15.0,critical,#FF4B4B
8661892c7ffffff,4,27,13.0492406,77.645635,"Geddalahalli Main Road, Geddalahalli, Bengaluru, Karnataka. Pin-560077 (India)",0,2,10.0,27.0,critical,#FF4B4B
8661892c7ffffff,4,27,13.0492406,77.645635,"Geddalahalli Main Road, Geddalahalli, Bengaluru, Karnataka. Pin-560077 (India)",1,2,10.0,27.0,critical,#FF4B4B
8661892c7ffffff,4,27,13.0492406,77.645635,"Geddalahalli Main Road, Geddalahalli, Bengaluru, Karnataka. Pin-560077 (India)",2,4,10.0,27.0,critical,#FF4B4B
8661892c7ffffff,4,27,13.0492406,77.645635,"Geddalahalli Main Road, Geddalahalli, Bengaluru, Karnataka. Pin-560077 (India)",3,5,10.0,27.0,critical,#FF4B4B
8661892c7ffffff,4,27,13.0492406,77.645635,"Geddalahalli Main Road, Geddalahalli, Bengaluru, Karnataka. Pin-560077 (India)",4,2,10.0,27.0,critical,#FF4B4B
8661892c7ffffff,4,27,13.0492406,77.645635,"Geddalahalli Main Road, Geddalahalli, Bengaluru, Karnataka. Pin-560077 (India)",5,7,10.0,27.0,critical,#FF4B4B
8661892c7ffffff,4,27,13.0492406,77.645635,"Geddalahalli Main Road, Geddalahalli, Bengaluru, Karnataka. Pin-560077 (India)",6,5,10.0,27.0,critical,#FF4B4B
8661892c7ffffff,5,57,13.0272219,77.6613504,"80 Feet Road, Swamy Vivekananda Heights, Horamavu, Bengaluru, Karnataka. Pin-560113 (India)",1,3,10.0,57.0,critical,#FF4B4B
8661892c7ffffff,5,57,13.0272219,77.6613504,"80 Feet Road, Swamy Vivekananda Heights, Horamavu, Bengaluru, Karnataka. Pin-560113 (India)",2,4,10.0,57.0,critical,#FF4B4B
8661892c7ffffff,5,57,13.0272219,77.6613504,"80 Feet Road, Swamy Vivekananda Heights, Horamavu, Bengaluru, Karnataka. Pin-560113 (India)",3,8,10.0,57.0,critical,#FF4B4B
8661892c7ffffff,5,57,13.0272219,77.6613504,"80 Feet Road, Swamy Vivekananda Heights, Horamavu, Bengaluru, Karnataka. Pin-560113 (India)",4,2,10.0,57.0,critical,#FF4B4B
8661892c7ffffff,5,57,13.0272219,77.6613504,"80 Feet Road, Swamy Vivekananda Heights, Horamavu, Bengaluru, Karnataka. Pin-560113 (India)",5,10,10.0,57.0,critical,#FF4B4B
8661892c7ffffff,5,57,13.0272219,77.6613504,"80 Feet Road, Swamy Vivekananda Heights, Horamavu, Bengaluru, Karnataka. Pin-560113 (India)",6,30,9.0,51.3,critical,#FF4B4B
8661892c7ffffff,6,54,13.0604936,77.6520969,"Doddagubbi Road, Chikka Aneppa Layout, Narayanpura, Kothnur Narayanapura, Bengaluru, Karnataka. Pin-560077 (India)",0,3,10.0,54.0,critical,#FF4B4B
8661892c7ffffff,6,54,13.0604936,77.6520969,"Doddagubbi Road, Chikka Aneppa Layout, Narayanpura, Kothnur Narayanapura, Bengaluru, Karnataka. Pin-560077 (India)",1,5,10.0,54.0,critical,#FF4B4B
8661892c7ffffff,6,54,13.0604936,77.6520969,"Doddagubbi Road, Chikka Aneppa Layout, Narayanpura, Kothnur Narayanapura, Bengaluru, Karnataka. Pin-560077 (India)",2,2,10.0,54.0,critical,#FF4B4B
8661892c7ffffff,6,54,13.0604936,77.6520969,"Doddagubbi Road, Chikka Aneppa Layout, Narayanpura, Kothnur Narayanapura, Bengaluru, Karnataka. Pin-560077 (India)",3,3,10.0,54.0,critical,#FF4B4B
8661892c7ffffff,6,54,13.0604936,77.6520969,"Doddagubbi Road, Chikka Aneppa Layout, Narayanpura, Kothnur Narayanapura, Bengaluru, Karnataka. Pin-560077 (India)",4,21,10.0,54.0,critical,#FF4B4B
8661892c7ffffff,6,54,13.0604936,77.6520969,"Doddagubbi Road, Chikka Aneppa Layout, Narayanpura, Kothnur Narayanapura, Bengaluru, Karnataka. Pin-560077 (India)",5,7,10.0,54.0,critical,#FF4B4B
8661892c7ffffff,6,54,13.0604936,77.6520969,"Doddagubbi Road, Chikka Aneppa Layout, Narayanpura, Kothnur Narayanapura, Bengaluru, Karnataka. Pin-560077 (India)",6,13,10.0,54.0,critical,#FF4B4B
8661892c7ffffff,7,23,13.0605933,77.6520617,"Doddagubbi Road, Patel Ramaiah Nagar, Kothnur Narayanapura, Bengaluru, Karnataka. Pin-560077 (India)",0,2,10.0,23.0,critical,#FF4B4B
8661892c7ffffff,7,23,13.0605933,77.6520617,"Doddagubbi Road, Patel Ramaiah Nagar, Kothnur Narayanapura, Bengaluru, Karnataka. Pin-560077 (India)",1,1,10.0,23.0,critical,#FF4B4B
8661892c7ffffff,7,23,13.0605933,77.6520617,"Doddagubbi Road, Patel Ramaiah Nagar, Kothnur Narayanapura, Bengaluru, Karnataka. Pin-560077 (India)",2,3,10.0,23.0,critical,#FF4B4B
8661892c7ffffff,7,23,13.0605933,77.6520617,"Doddagubbi Road, Patel Ramaiah Nagar, Kothnur Narayanapura, Bengaluru, Karnataka. Pin-560077 (India)",3,1,10.0,23.0,critical,#FF4B4B
8661892c7ffffff,7,23,13.0605933,77.6520617,"Doddagubbi Road, Patel Ramaiah Nagar, Kothnur Narayanapura, Bengaluru, Karnataka. Pin-560077 (India)",4,12,9.17,21.09,critical,#FF4B4B
8661892c7ffffff,7,23,13.0605933,77.6520617,"Doddagubbi Road, Patel Ramaiah Nagar, Kothnur Narayanapura, Bengaluru, Karnataka. Pin-560077 (India)",5,2,10.0,23.0,critical,#FF4B4B
8661892c7ffffff,7,23,13.0605933,77.6520617,"Doddagubbi Road, Patel Ramaiah Nagar, Kothnur Narayanapura, Bengaluru, Karnataka. Pin-560077 (India)",6,2,10.0,23.0,critical,#FF4B4B
8661892c7ffffff,8,22,13.0331957,77.6376557,"Hennur Main Road, K Narayanpura Cross, Kothnur Narayanapura, Bengaluru, Karnataka. Pin-560077 (India)",0,2,10.0,22.0,critical,#FF4B4B
8661892c7ffffff,8,22,13.0331957,77.6376557,"Hennur Main Road, K Narayanpura Cross, Kothnur Narayanapura, Bengaluru, Karnataka. Pin-560077 (India)",1,2,10.0,22.0,critical,#FF4B4B
8661892c7ffffff,8,22,13.0331957,77.6376557,"Hennur Main Road, K Narayanpura Cross, Kothnur Narayanapura, Bengaluru, Karnataka. Pin-560077 (India)",3,2,10.0,22.0,critical,#FF4B4B
8661892c7ffffff,8,22,13.0331957,77.6376557,"Hennur Main Road, K Narayanpura Cross, Kothnur Narayanapura, Bengaluru, Karnataka. Pin-560077 (India)",4,9,10.0,22.0,critical,#FF4B4B
8661892c7ffffff,8,22,13.0331957,77.6376557,"Hennur Main Road, K Narayanpura Cross, Kothnur Narayanapura, Bengaluru, Karnataka. Pin-560077 (India)",5,2,10.0,22.0,critical,#FF4B4B
8661892c7ffffff,8,22,13.0331957,77.6376557,"Hennur Main Road, K Narayanpura Cross, Kothnur Narayanapura, Bengaluru, Karnataka. Pin-560077 (India)",6,5,10.0,22.0,critical,#FF4B4B
8661892c7ffffff,19,9,13.0489074,77.6456707,"Hennur Main Road, Geddalahalli, Bengaluru, Karnataka. Pin-560077 (India)",2,4,10.0,9.0,critical,#FF4B4B
8661892c7ffffff,19,9,13.0489074,77.6456707,"Hennur Main Road, Geddalahalli, Bengaluru, Karnataka. Pin-560077 (India)",3,1,10.0,9.0,critical,#FF4B4B
8661892c7ffffff,19,9,13.0489074,77.6456707,"Hennur Main Road, Geddalahalli, Bengaluru, Karnataka. Pin-560077 (India)",5,1,10.0,9.0,critical,#FF4B4B
8661892c7ffffff,19,9,13.0489074,77.6456707,"Hennur Main Road, Geddalahalli, Bengaluru, Karnataka. Pin-560077 (India)",6,3,10.0,9.0,critical,#FF4B4B
8661892c7ffffff,20,25,13.0534441,77.6459343,"Hennur Main Road, Kothnur Narayanapura, Bengaluru, Karnataka. Pin-560077 (India)",0,2,10.0,25.0,critical,#FF4B4B
8661892c7ffffff,20,25,13.0534441,77.6459343,"Hennur Main Road, Kothnur Narayanapura, Bengaluru, Karnataka. Pin-560077 (India)",1,2,10.0,25.0,critical,#FF4B4B
8661892c7ffffff,20,25,13.0534441,77.6459343,"Hennur Main Road, Kothnur Narayanapura, Bengaluru, Karnataka. Pin-560077 (India)",2,5,10.0,25.0,critical,#FF4B4B
8661892c7ffffff,20,25,13.0534441,77.6459343,"Hennur Main Road, Kothnur Narayanapura, Bengaluru, Karnataka. Pin-560077 (India)",3,3,10.0,25.0,critical,#FF4B4B
8661892c7ffffff,20,25,13.0534441,77.6459343,"Hennur Main Road, Kothnur Narayanapura, Bengaluru, Karnataka. Pin-560077 (India)",4,3,10.0,25.0,critical,#FF4B4B
8661892c7ffffff,20,25,13.0534441,77.6459343,"Hennur Main Road, Kothnur Narayanapura, Bengaluru, Karnataka. Pin-560077 (India)",5,1,10.0,25.0,critical,#FF4B4B
8661892c7ffffff,20,25,13.0534441,77.6459343,"Hennur Main Road, Kothnur Narayanapura, Bengaluru, Karnataka. Pin-560077 (India)",6,9,10.0,25.0,critical,#FF4B4B
8661892c7ffffff,21,45,13.0567919,77.6516489,"Byrathi Main Road, Hoodi, Kothnur Narayanapura, Bengaluru, Karnataka. Pin-560077 (India)",0,9,10.0,45.0,critical,#FF4B4B
8661892c7ffffff,21,45,13.0567919,77.6516489,"Byrathi Main Road, Hoodi, Kothnur Narayanapura, Bengaluru, Karnataka. Pin-560077 (India)",1,7,10.0,45.0,critical,#FF4B4B
8661892c7ffffff,21,45,13.0567919,77.6516489,"Byrathi Main Road, Hoodi, Kothnur Narayanapura, Bengaluru, Karnataka. Pin-560077 (India)",2,7,10.0,45.0,critical,#FF4B4B
8661892c7ffffff,21,45,13.0567919,77.6516489,"Byrathi Main Road, Hoodi, Kothnur Narayanapura, Bengaluru, Karnataka. Pin-560077 (India)",3,10,10.0,45.0,critical,#FF4B4B
8661892c7ffffff,21,45,13.0567919,77.6516489,"Byrathi Main Road, Hoodi, Kothnur Narayanapura, Bengaluru, Karnataka. Pin-560077 (India)",4,8,10.0,45.0,critical,#FF4B4B
8661892c7ffffff,21,45,13.0567919,77.6516489,"Byrathi Main Road, Hoodi, Kothnur Narayanapura, Bengaluru, Karnataka. Pin-560077 (India)",5,2,10.0,45.0,critical,#FF4B4B
8661892c7ffffff,21,45,13.0567919,77.6516489,"Byrathi Main Road, Hoodi, Kothnur Narayanapura, Bengaluru, Karnataka. Pin-560077 (India)",6,2,10.0,45.0,critical,#FF4B4B
8661892c7ffffff,22,45,13.056149,77.6476739,"Hennur Main Road, Atel Munishamappa Garden, Narayanpura, Kothnur Narayanapura, Bengaluru, Karnataka. Pin-560077 (India)",0,3,10.0,45.0,critical,#FF4B4B
8661892c7ffffff,22,45,13.056149,77.6476739,"Hennur Main Road, Atel Munishamappa Garden, Narayanpura, Kothnur Narayanapura, Bengaluru, Karnataka. Pin-560077 (India)",1,6,10.0,45.0,critical,#FF4B4B
8661892c7ffffff,22,45,13.056149,77.6476739,"Hennur Main Road, Atel Munishamappa Garden, Narayanpura, Kothnur Narayanapura, Bengaluru, Karnataka. Pin-560077 (India)",2,5,10.0,45.0,critical,#FF4B4B
8661892c7ffffff,22,45,13.056149,77.6476739,"Hennur Main Road, Atel Munishamappa Garden, Narayanpura, Kothnur Narayanapura, Bengaluru, Karnataka. Pin-560077 (India)",3,7,10.0,45.0,critical,#FF4B4B
8661892c7ffffff,22,45,13.056149,77.6476739,"Hennur Main Road, Atel Munishamappa Garden, Narayanpura, Kothnur Narayanapura, Bengaluru, Karnataka. Pin-560077 (India)",4,7,10.0,45.0,critical,#FF4B4B
8661892c7ffffff,22,45,13.056149,77.6476739,"Hennur Main Road, Atel Munishamappa Garden, Narayanpura, Kothnur Narayanapura, Bengaluru, Karnataka. Pin-560077 (India)",5,11,10.0,45.0,critical,#FF4B4B
8661892c7ffffff,22,45,13.056149,77.6476739,"Hennur Main Road, Atel Munishamappa Garden, Narayanpura, Kothnur Narayanapura, Bengaluru, Karnataka. Pin-560077 (India)",6,6,10.0,45.0,critical,#FF4B4B
8661892c7ffffff,23,26,13.0213703,77.6783997,"TC Palya Main Road, Kowdenahalli Extension, Ramamurthi Nagar, Bengaluru, Karnataka. Pin-560016 (India)",0,3,10.0,26.0,critical,#FF4B4B
8661892c7ffffff,23,26,13.0213703,77.6783997,"TC Palya Main Road, Kowdenahalli Extension, Ramamurthi Nagar, Bengaluru, Karnataka. Pin-560016 (India)",1,3,10.0,26.0,critical,#FF4B4B
8661892c7ffffff,23,26,13.0213703,77.6783997,"TC Palya Main Road, Kowdenahalli Extension, Ramamurthi Nagar, Bengaluru, Karnataka. Pin-560016 (India)",2,3,10.0,26.0,critical,#FF4B4B
8661892c7ffffff,23,26,13.0213703,77.6783997,"TC Palya Main Road, Kowdenahalli Extension, Ramamurthi Nagar, Bengaluru, Karnataka. Pin-560016 (India)",3,2,10.0,26.0,critical,#FF4B4B
8661892c7ffffff,23,26,13.0213703,77.6783997,"TC Palya Main Road, Kowdenahalli Extension, Ramamurthi Nagar, Bengaluru, Karnataka. Pin-560016 (India)",4,6,10.0,26.0,critical,#FF4B4B
8661892c7ffffff,23,26,13.0213703,77.6783997,"TC Palya Main Road, Kowdenahalli Extension, Ramamurthi Nagar, Bengaluru, Karnataka. Pin-560016 (India)",5,7,10.0,26.0,critical,#FF4B4B
8661892c7ffffff,23,26,13.0213703,77.6783997,"TC Palya Main Road, Kowdenahalli Extension, Ramamurthi Nagar, Bengaluru, Karnataka. Pin-560016 (India)",6,2,10.0,26.0,critical,#FF4B4B
8661892cfffffff,0,712,13.0359016,77.5891676,"Bellary Road, Vinayaka Nagar, Hebbal, Bengaluru, Karnataka. Pin-560024 (India)",0,36,10.0,712.0,critical,#FF4B4B
8661892cfffffff,0,712,13.0359016,77.5891676,"Bellary Road, Vinayaka Nagar, Hebbal, Bengaluru, Karnataka. Pin-560024 (India)",1,109,10.0,712.0,critical,#FF4B4B
8661892cfffffff,0,712,13.0359016,77.5891676,"Bellary Road, Vinayaka Nagar, Hebbal, Bengaluru, Karnataka. Pin-560024 (India)",2,146,10.0,712.0,critical,#FF4B4B
8661892cfffffff,0,712,13.0359016,77.5891676,"Bellary Road, Vinayaka Nagar, Hebbal, Bengaluru, Karnataka. Pin-560024 (India)",3,113,10.0,712.0,critical,#FF4B4B
8661892cfffffff,0,712,13.0359016,77.5891676,"Bellary Road, Vinayaka Nagar, Hebbal, Bengaluru, Karnataka. Pin-560024 (India)",4,84,10.0,712.0,critical,#FF4B4B
8661892cfffffff,0,712,13.0359016,77.5891676,"Bellary Road, Vinayaka Nagar, Hebbal, Bengaluru, Karnataka. Pin-560024 (India)",5,65,10.0,712.0,critical,#FF4B4B
8661892cfffffff,0,712,13.0359016,77.5891676,"Bellary Road, Vinayaka Nagar, Hebbal, Bengaluru, Karnataka. Pin-560024 (India)",6,159,10.0,712.0,critical,#FF4B4B
8661892cfffffff,1,622,13.0348969,77.5888898,"6th Main Road, Vinayaka Nagar, Hebbal, Bengaluru, Karnataka. Pin-560024 (India)",0,55,10.0,622.0,critical,#FF4B4B
8661892cfffffff,1,622,13.0348969,77.5888898,"6th Main Road, Vinayaka Nagar, Hebbal, Bengaluru, Karnataka. Pin-560024 (India)",1,136,10.0,622.0,critical,#FF4B4B
8661892cfffffff,1,622,13.0348969,77.5888898,"6th Main Road, Vinayaka Nagar, Hebbal, Bengaluru, Karnataka. Pin-560024 (India)",2,78,10.0,622.0,critical,#FF4B4B
8661892cfffffff,1,622,13.0348969,77.5888898,"6th Main Road, Vinayaka Nagar, Hebbal, Bengaluru, Karnataka. Pin-560024 (India)",3,83,10.0,622.0,critical,#FF4B4B
8661892cfffffff,1,622,13.0348969,77.5888898,"6th Main Road, Vinayaka Nagar, Hebbal, Bengaluru, Karnataka. Pin-560024 (India)",4,87,10.0,622.0,critical,#FF4B4B
8661892cfffffff,1,622,13.0348969,77.5888898,"6th Main Road, Vinayaka Nagar, Hebbal, Bengaluru, Karnataka. Pin-560024 (India)",5,111,10.0,622.0,critical,#FF4B4B
8661892cfffffff,1,622,13.0348969,77.5888898,"6th Main Road, Vinayaka Nagar, Hebbal, Bengaluru, Karnataka. Pin-560024 (India)",6,72,10.0,622.0,critical,#FF4B4B
8661892cfffffff,2,549,13.0349911,77.588993,"6th Main Road, Vinayaka Nagar, Hebbal, Bengaluru, Karnataka. Pin-560024 (India)",0,68,10.0,549.0,critical,#FF4B4B
8661892cfffffff,2,549,13.0349911,77.588993,"6th Main Road, Vinayaka Nagar, Hebbal, Bengaluru, Karnataka. Pin-560024 (India)",1,60,10.0,549.0,critical,#FF4B4B
8661892cfffffff,2,549,13.0349911,77.588993,"6th Main Road, Vinayaka Nagar, Hebbal, Bengaluru, Karnataka. Pin-560024 (India)",2,81,10.0,549.0,critical,#FF4B4B
8661892cfffffff,2,549,13.0349911,77.588993,"6th Main Road, Vinayaka Nagar, Hebbal, Bengaluru, Karnataka. Pin-560024 (India)",3,95,10.0,549.0,critical,#FF4B4B
8661892cfffffff,2,549,13.0349911,77.588993,"6th Main Road, Vinayaka Nagar, Hebbal, Bengaluru, Karnataka. Pin-560024 (India)",4,98,10.0,549.0,critical,#FF4B4B
8661892cfffffff,2,549,13.0349911,77.588993,"6th Main Road, Vinayaka Nagar, Hebbal, Bengaluru, Karnataka. Pin-560024 (India)",5,78,10.0,549.0,critical,#FF4B4B
8661892cfffffff,2,549,13.0349911,77.588993,"6th Main Road, Vinayaka Nagar, Hebbal, Bengaluru, Karnataka. Pin-560024 (India)",6,69,10.0,549.0,critical,#FF4B4B
8661892cfffffff,3,709,13.0228046,77.6008666,"Adi Kabir Ashram Main Road, Mariappa Garden, RT Nagar, Bengaluru, Karnataka. Pin-560032 (India)",0,106,10.0,709.0,critical,#FF4B4B
8661892cfffffff,3,709,13.0228046,77.6008666,"Adi Kabir Ashram Main Road, Mariappa Garden, RT Nagar, Bengaluru, Karnataka. Pin-560032 (India)",1,77,10.0,709.0,critical,#FF4B4B
8661892cfffffff,3,709,13.0228046,77.6008666,"Adi Kabir Ashram Main Road, Mariappa Garden, RT Nagar, Bengaluru, Karnataka. Pin-560032 (India)",2,169,10.0,709.0,critical,#FF4B4B
8661892cfffffff,3,709,13.0228046,77.6008666,"Adi Kabir Ashram Main Road, Mariappa Garden, RT Nagar, Bengaluru, Karnataka. Pin-560032 (India)",3,80,10.0,709.0,critical,#FF4B4B
8661892cfffffff,3,709,13.0228046,77.6008666,"Adi Kabir Ashram Main Road, Mariappa Garden, RT Nagar, Bengaluru, Karnataka. Pin-560032 (India)",4,102,10.0,709.0,critical,#FF4B4B
8661892cfffffff,3,709,13.0228046,77.6008666,"Adi Kabir Ashram Main Road, Mariappa Garden, RT Nagar, Bengaluru, Karnataka. Pin-560032 (India)",5,110,10.0,709.0,critical,#FF4B4B
8661892cfffffff,3,709,13.0228046,77.6008666,"Adi Kabir Ashram Main Road, Mariappa Garden, RT Nagar, Bengaluru, Karnataka. Pin-560032 (India)",6,65,10.0,709.0,critical,#FF4B4B
8661892cfffffff,4,861,13.024264,77.5940188,"10th Main Road, P&T Colony, RT Nagar, Bengaluru, Karnataka. Pin-560032 (India)",0,131,10.0,861.0,critical,#FF4B4B
8661892cfffffff,4,861,13.024264,77.5940188,"10th Main Road, P&T Colony, RT Nagar, Bengaluru, Karnataka. Pin-560032 (India)",1,177,10.0,861.0,critical,#FF4B4B
8661892cfffffff,4,861,13.024264,77.5940188,"10th Main Road, P&T Colony, RT Nagar, Bengaluru, Karnataka. Pin-560032 (India)",2,78,10.0,861.0,critical,#FF4B4B
8661892cfffffff,4,861,13.024264,77.5940188,"10th Main Road, P&T Colony, RT Nagar, Bengaluru, Karnataka. Pin-560032 (India)",3,119,10.0,861.0,critical,#FF4B4B
8661892cfffffff,4,861,13.024264,77.5940188,"10th Main Road, P&T Colony, RT Nagar, Bengaluru, Karnataka. Pin-560032 (India)",4,99,10.0,861.0,critical,#FF4B4B
8661892cfffffff,4,861,13.024264,77.5940188,"10th Main Road, P&T Colony, RT Nagar, Bengaluru, Karnataka. Pin-560032 (India)",5,135,10.0,861.0,critical,#FF4B4B
8661892cfffffff,4,861,13.024264,77.5940188,"10th Main Road, P&T Colony, RT Nagar, Bengaluru, Karnataka. Pin-560032 (India)",6,122,10.0,861.0,critical,#FF4B4B
8661892cfffffff,5,1611,13.0289228,77.5788628,"Dr Rajgopal Road, Ganga Nagar, RMV Stage 2, Bengaluru, Karnataka. Pin-560094 (India)",0,198,10.0,1611.0,critical,#FF4B4B
8661892cfffffff,5,1611,13.0289228,77.5788628,"Dr Rajgopal Road, Ganga Nagar, RMV Stage 2, Bengaluru, Karnataka. Pin-560094 (India)",1,193,10.0,1611.0,critical,#FF4B4B
8661892cfffffff,5,1611,13.0289228,77.5788628,"Dr Rajgopal Road, Ganga Nagar, RMV Stage 2, Bengaluru, Karnataka. Pin-560094 (India)",2,257,10.0,1611.0,critical,#FF4B4B
8661892cfffffff,5,1611,13.0289228,77.5788628,"Dr Rajgopal Road, Ganga Nagar, RMV Stage 2, Bengaluru, Karnataka. Pin-560094 (India)",3,194,10.0,1611.0,critical,#FF4B4B
8661892cfffffff,5,1611,13.0289228,77.5788628,"Dr Rajgopal Road, Ganga Nagar, RMV Stage 2, Bengaluru, Karnataka. Pin-560094 (India)",4,148,10.0,1611.0,critical,#FF4B4B
8661892cfffffff,5,1611,13.0289228,77.5788628,"Dr Rajgopal Road, Ganga Nagar, RMV Stage 2, Bengaluru, Karnataka. Pin-560094 (India)",5,344,10.0,1611.0,critical,#FF4B4B
8661892cfffffff,5,1611,13.0289228,77.5788628,"Dr Rajgopal Road, Ganga Nagar, RMV Stage 2, Bengaluru, Karnataka. Pin-560094 (India)",6,277,10.0,1611.0,critical,#FF4B4B
8661892cfffffff,6,1468,13.0538702,77.592826,"Bellary Road, Godrej Platinum, Hebbal Kempapura, Bengaluru, Karnataka. Pin-560024 (India)",0,219,10.0,1468.0,critical,#FF4B4B
8661892cfffffff,6,1468,13.0538702,77.592826,"Bellary Road, Godrej Platinum, Hebbal Kempapura, Bengaluru, Karnataka. Pin-560024 (India)",1,206,10.0,1468.0,critical,#FF4B4B
8661892cfffffff,6,1468,13.0538702,77.592826,"Bellary Road, Godrej Platinum, Hebbal Kempapura, Bengaluru, Karnataka. Pin-560024 (India)",2,141,10.0,1468.0,critical,#FF4B4B
8661892cfffffff,6,1468,13.0538702,77.592826,"Bellary Road, Godrej Platinum, Hebbal Kempapura, Bengaluru, Karnataka. Pin-560024 (India)",3,222,10.0,1468.0,critical,#FF4B4B
8661892cfffffff,6,1468,13.0538702,77.592826,"Bellary Road, Godrej Platinum, Hebbal Kempapura, Bengaluru, Karnataka. Pin-560024 (India)",4,132,10.0,1468.0,critical,#FF4B4B
8661892cfffffff,6,1468,13.0538702,77.592826,"Bellary Road, Godrej Platinum, Hebbal Kempapura, Bengaluru, Karnataka. Pin-560024 (India)",5,317,10.0,1468.0,critical,#FF4B4B
8661892cfffffff,6,1468,13.0538702,77.592826,"Bellary Road, Godrej Platinum, Hebbal Kempapura, Bengaluru, Karnataka. Pin-560024 (India)",6,231,10.0,1468.0,critical,#FF4B4B
8661892cfffffff,7,886,13.0475022,77.5756841,"Bhadrappa Flyover, Nagashetty Halli, RMV Stage 2, Bengaluru, Karnataka. Pin-560094 (India)",0,139,10.0,886.0,critical,#FF4B4B
8661892cfffffff,7,886,13.0475022,77.5756841,"Bhadrappa Flyover, Nagashetty Halli, RMV Stage 2, Bengaluru, Karnataka. Pin-560094 (India)",1,144,10.0,886.0,critical,#FF4B4B
8661892cfffffff,7,886,13.0475022,77.5756841,"Bhadrappa Flyover, Nagashetty Halli, RMV Stage 2, Bengaluru, Karnataka. Pin-560094 (India)",2,88,10.0,886.0,critical,#FF4B4B
8661892cfffffff,7,886,13.0475022,77.5756841,"Bhadrappa Flyover, Nagashetty Halli, RMV Stage 2, Bengaluru, Karnataka. Pin-560094 (India)",3,101,10.0,886.0,critical,#FF4B4B
8661892cfffffff,7,886,13.0475022,77.5756841,"Bhadrappa Flyover, Nagashetty Halli, RMV Stage 2, Bengaluru, Karnataka. Pin-560094 (India)",4,158,10.0,886.0,critical,#FF4B4B
8661892cfffffff,7,886,13.0475022,77.5756841,"Bhadrappa Flyover, Nagashetty Halli, RMV Stage 2, Bengaluru, Karnataka. Pin-560094 (India)",5,110,10.0,886.0,critical,#FF4B4B
8661892cfffffff,7,886,13.0475022,77.5756841,"Bhadrappa Flyover, Nagashetty Halli, RMV Stage 2, Bengaluru, Karnataka. Pin-560094 (India)",6,146,10.0,886.0,critical,#FF4B4B
8661892cfffffff,8,523,13.0636367,77.5870083,"20th Main Road, Oscar Orchards, Sahakara Nagar, Bengaluru, Karnataka. Pin-560092 (India)",0,24,10.0,523.0,critical,#FF4B4B
8661892cfffffff,8,523,13.0636367,77.5870083,"20th Main Road, Oscar Orchards, Sahakara Nagar, Bengaluru, Karnataka. Pin-560092 (India)",1,101,10.0,523.0,critical,#FF4B4B
8661892cfffffff,8,523,13.0636367,77.5870083,"20th Main Road, Oscar Orchards, Sahakara Nagar, Bengaluru, Karnataka. Pin-560092 (India)",2,75,10.0,523.0,critical,#FF4B4B
8661892cfffffff,8,523,13.0636367,77.5870083,"20th Main Road, Oscar Orchards, Sahakara Nagar, Bengaluru, Karnataka. Pin-560092 (India)",3,79,10.0,523.0,critical,#FF4B4B
8661892cfffffff,8,523,13.0636367,77.5870083,"20th Main Road, Oscar Orchards, Sahakara Nagar, Bengaluru, Karnataka. Pin-560092 (India)",4,70,10.0,523.0,critical,#FF4B4B
8661892cfffffff,8,523,13.0636367,77.5870083,"20th Main Road, Oscar Orchards, Sahakara Nagar, Bengaluru, Karnataka. Pin-560092 (India)",5,115,10.0,523.0,critical,#FF4B4B
8661892cfffffff,8,523,13.0636367,77.5870083,"20th Main Road, Oscar Orchards, Sahakara Nagar, Bengaluru, Karnataka. Pin-560092 (India)",6,59,10.0,523.0,critical,#FF4B4B
8661892cfffffff,9,59,13.0234174,77.5848381,"Ganga Nagar, Ganganagar, Bengaluru North City Corporation, Bengaluru, Bangalore North, Bengaluru Urban, Karnataka, 560032, India",0,16,10.0,59.0,critical,#FF4B4B
8661892cfffffff,9,59,13.0234174,77.5848381,"Ganga Nagar, Ganganagar, Bengaluru North City Corporation, Bengaluru, Bangalore North, Bengaluru Urban, Karnataka, 560032, India",1,7,10.0,59.0,critical,#FF4B4B
8661892cfffffff,9,59,13.0234174,77.5848381,"Ganga Nagar, Ganganagar, Bengaluru North City Corporation, Bengaluru, Bangalore North, Bengaluru Urban, Karnataka, 560032, India",2,4,10.0,59.0,critical,#FF4B4B
8661892cfffffff,9,59,13.0234174,77.5848381,"Ganga Nagar, Ganganagar, Bengaluru North City Corporation, Bengaluru, Bangalore North, Bengaluru Urban, Karnataka, 560032, India",3,3,10.0,59.0,critical,#FF4B4B
8661892cfffffff,9,59,13.0234174,77.5848381,"Ganga Nagar, Ganganagar, Bengaluru North City Corporation, Bengaluru, Bangalore North, Bengaluru Urban, Karnataka, 560032, India",4,15,10.0,59.0,critical,#FF4B4B
8661892cfffffff,9,59,13.0234174,77.5848381,"Ganga Nagar, Ganganagar, Bengaluru North City Corporation, Bengaluru, Bangalore North, Bengaluru Urban, Karnataka, 560032, India",5,8,10.0,59.0,critical,#FF4B4B
8661892cfffffff,9,59,13.0234174,77.5848381,"Ganga Nagar, Ganganagar, Bengaluru North City Corporation, Bengaluru, Bangalore North, Bengaluru Urban, Karnataka, 560032, India",6,6,10.0,59.0,critical,#FF4B4B
8661892cfffffff,10,39,13.050273,77.5932452,"Bellary Road, Esteem Mall, Hebbal Kempapura, Bengaluru, Karnataka. Pin-560024 (India)",1,25,5.6,21.84,critical,#FF4B4B
8661892cfffffff,10,39,13.050273,77.5932452,"Bellary Road, Esteem Mall, Hebbal Kempapura, Bengaluru, Karnataka. Pin-560024 (India)",2,11,10.0,39.0,critical,#FF4B4B
8661892cfffffff,10,39,13.050273,77.5932452,"Bellary Road, Esteem Mall, Hebbal Kempapura, Bengaluru, Karnataka. Pin-560024 (India)",3,2,10.0,39.0,critical,#FF4B4B
8661892cfffffff,10,39,13.050273,77.5932452,"Bellary Road, Esteem Mall, Hebbal Kempapura, Bengaluru, Karnataka. Pin-560024 (India)",6,1,10.0,39.0,critical,#FF4B4B
8661892cfffffff,11,38,13.0449401,77.6268232,"Thanisandra Main Road, Tuba Layout, Thanisandra, Bengaluru, Karnataka. Pin-560077 (India)",0,3,10.0,38.0,critical,#FF4B4B
8661892cfffffff,11,38,13.0449401,77.6268232,"Thanisandra Main Road, Tuba Layout, Thanisandra, Bengaluru, Karnataka. Pin-560077 (India)",2,9,10.0,38.0,critical,#FF4B4B
8661892cfffffff,11,38,13.0449401,77.6268232,"Thanisandra Main Road, Tuba Layout, Thanisandra, Bengaluru, Karnataka. Pin-560077 (India)",3,14,10.0,38.0,critical,#FF4B4B
8661892cfffffff,11,38,13.0449401,77.6268232,"Thanisandra Main Road, Tuba Layout, Thanisandra, Bengaluru, Karnataka. Pin-560077 (India)",4,11,10.0,38.0,critical,#FF4B4B
8661892cfffffff,11,38,13.0449401,77.6268232,"Thanisandra Main Road, Tuba Layout, Thanisandra, Bengaluru, Karnataka. Pin-560077 (India)",5,1,10.0,38.0,critical,#FF4B4B
8661892cfffffff,12,1,13.0567484,77.5939721,"Bellary Road, RMZ Latitude Commercial, Byatarayanapura, Bengaluru, Karnataka. Pin-560092 (India)",2,1,0.0,0.0,green,#00CC66
8661892cfffffff,18,4,13.0547486,77.631922,"Thanisandra Main Road, Thanisandra, Bengaluru, Karnataka. Pin-560077 (India)",3,4,0.0,0.0,green,#00CC66
8661892cfffffff,19,112,13.0471535,77.5757583,"Gundappa Road, Nagashetty Halli, RMV Stage 2, Bengaluru, Karnataka. Pin-560094 (India)",0,15,10.0,112.0,critical,#FF4B4B
8661892cfffffff,19,112,13.0471535,77.5757583,"Gundappa Road, Nagashetty Halli, RMV Stage 2, Bengaluru, Karnataka. Pin-560094 (India)",1,12,10.0,112.0,critical,#FF4B4B
8661892cfffffff,19,112,13.0471535,77.5757583,"Gundappa Road, Nagashetty Halli, RMV Stage 2, Bengaluru, Karnataka. Pin-560094 (India)",2,6,10.0,112.0,critical,#FF4B4B
8661892cfffffff,19,112,13.0471535,77.5757583,"Gundappa Road, Nagashetty Halli, RMV Stage 2, Bengaluru, Karnataka. Pin-560094 (India)",3,51,10.0,112.0,critical,#FF4B4B
8661892cfffffff,19,112,13.0471535,77.5757583,"Gundappa Road, Nagashetty Halli, RMV Stage 2, Bengaluru, Karnataka. Pin-560094 (India)",4,16,10.0,112.0,critical,#FF4B4B
8661892cfffffff,19,112,13.0471535,77.5757583,"Gundappa Road, Nagashetty Halli, RMV Stage 2, Bengaluru, Karnataka. Pin-560094 (India)",5,11,10.0,112.0,critical,#FF4B4B
8661892cfffffff,19,112,13.0471535,77.5757583,"Gundappa Road, Nagashetty Halli, RMV Stage 2, Bengaluru, Karnataka. Pin-560094 (India)",6,1,10.0,112.0,critical,#FF4B4B
8661892cfffffff,20,608,13.0242311,77.5943341,"10th Main Road, P&T Colony, RT Nagar, Bengaluru, Karnataka. Pin-560032 (India)",0,78,10.0,608.0,critical,#FF4B4B
8661892cfffffff,20,608,13.0242311,77.5943341,"10th Main Road, P&T Colony, RT Nagar, Bengaluru, Karnataka. Pin-560032 (India)",1,129,10.0,608.0,critical,#FF4B4B
8661892cfffffff,20,608,13.0242311,77.5943341,"10th Main Road, P&T Colony, RT Nagar, Bengaluru, Karnataka. Pin-560032 (India)",2,111,10.0,608.0,critical,#FF4B4B
8661892cfffffff,20,608,13.0242311,77.5943341,"10th Main Road, P&T Colony, RT Nagar, Bengaluru, Karnataka. Pin-560032 (India)",3,90,10.0,608.0,critical,#FF4B4B
8661892cfffffff,20,608,13.0242311,77.5943341,"10th Main Road, P&T Colony, RT Nagar, Bengaluru, Karnataka. Pin-560032 (India)",4,103,10.0,608.0,critical,#FF4B4B
8661892cfffffff,20,608,13.0242311,77.5943341,"10th Main Road, P&T Colony, RT Nagar, Bengaluru, Karnataka. Pin-560032 (India)",5,73,10.0,608.0,critical,#FF4B4B
8661892cfffffff,20,608,13.0242311,77.5943341,"10th Main Road, P&T Colony, RT Nagar, Bengaluru, Karnataka. Pin-560032 (India)",6,24,10.0,608.0,critical,#FF4B4B
8661892cfffffff,21,1022,13.0232027,77.5848849,"1st Main Road, Dena Bank Colony, Ganga Nagar, Bengaluru, Karnataka. Pin-560032 (India)",0,193,10.0,1022.0,critical,#FF4B4B
8661892cfffffff,21,1022,13.0232027,77.5848849,"1st Main Road, Dena Bank Colony, Ganga Nagar, Bengaluru, Karnataka. Pin-560032 (India)",1,165,10.0,1022.0,critical,#FF4B4B
8661892cfffffff,21,1022,13.0232027,77.5848849,"1st Main Road, Dena Bank Colony, Ganga Nagar, Bengaluru, Karnataka. Pin-560032 (India)",2,230,10.0,1022.0,critical,#FF4B4B
8661892cfffffff,21,1022,13.0232027,77.5848849,"1st Main Road, Dena Bank Colony, Ganga Nagar, Bengaluru, Karnataka. Pin-560032 (India)",3,65,10.0,1022.0,critical,#FF4B4B
8661892cfffffff,21,1022,13.0232027,77.5848849,"1st Main Road, Dena Bank Colony, Ganga Nagar, Bengaluru, Karnataka. Pin-560032 (India)",4,128,10.0,1022.0,critical,#FF4B4B
8661892cfffffff,21,1022,13.0232027,77.5848849,"1st Main Road, Dena Bank Colony, Ganga Nagar, Bengaluru, Karnataka. Pin-560032 (India)",5,178,10.0,1022.0,critical,#FF4B4B
8661892cfffffff,21,1022,13.0232027,77.5848849,"1st Main Road, Dena Bank Colony, Ganga Nagar, Bengaluru, Karnataka. Pin-560032 (India)",6,63,10.0,1022.0,critical,#FF4B4B
8661892cfffffff,22,1153,13.0370592,77.6234759,"14th Main Road, Rajath Greens, Block 5 Stage 1, HBR Layout, Bengaluru, Karnataka. Pin-560043 (India)",0,253,10.0,1153.0,critical,#FF4B4B
8661892cfffffff,22,1153,13.0370592,77.6234759,"14th Main Road, Rajath Greens, Block 5 Stage 1, HBR Layout, Bengaluru, Karnataka. Pin-560043 (India)",1,185,10.0,1153.0,critical,#FF4B4B
8661892cfffffff,22,1153,13.0370592,77.6234759,"14th Main Road, Rajath Greens, Block 5 Stage 1, HBR Layout, Bengaluru, Karnataka. Pin-560043 (India)",2,200,10.0,1153.0,critical,#FF4B4B
8661892cfffffff,22,1153,13.0370592,77.6234759,"14th Main Road, Rajath Greens, Block 5 Stage 1, HBR Layout, Bengaluru, Karnataka. Pin-560043 (India)",3,124,10.0,1153.0,critical,#FF4B4B
8661892cfffffff,22,1153,13.0370592,77.6234759,"14th Main Road, Rajath Greens, Block 5 Stage 1, HBR Layout, Bengaluru, Karnataka. Pin-560043 (India)",4,119,10.0,1153.0,critical,#FF4B4B
8661892cfffffff,22,1153,13.0370592,77.6234759,"14th Main Road, Rajath Greens, Block 5 Stage 1, HBR Layout, Bengaluru, Karnataka. Pin-560043 (India)",5,196,10.0,1153.0,critical,#FF4B4B
8661892cfffffff,22,1153,13.0370592,77.6234759,"14th Main Road, Rajath Greens, Block 5 Stage 1, HBR Layout, Bengaluru, Karnataka. Pin-560043 (India)",6,76,10.0,1153.0,critical,#FF4B4B
8661892cfffffff,23,997,13.04238,77.57542,"Bhoopasandra Main Road, Krishnamurthy Layout, Nagashetty Halli, RMV Stage 2, Bengaluru, Karnataka. Pin-560094 (India)",0,147,10.0,997.0,critical,#FF4B4B
8661892cfffffff,23,997,13.04238,77.57542,"Bhoopasandra Main Road, Krishnamurthy Layout, Nagashetty Halli, RMV Stage 2, Bengaluru, Karnataka. Pin-560094 (India)",1,225,10.0,997.0,critical,#FF4B4B
8661892cfffffff,23,997,13.04238,77.57542,"Bhoopasandra Main Road, Krishnamurthy Layout, Nagashetty Halli, RMV Stage 2, Bengaluru, Karnataka. Pin-560094 (India)",2,194,10.0,997.0,critical,#FF4B4B
8661892cfffffff,23,997,13.04238,77.57542,"Bhoopasandra Main Road, Krishnamurthy Layout, Nagashetty Halli, RMV Stage 2, Bengaluru, Karnataka. Pin-560094 (India)",3,79,10.0,997.0,critical,#FF4B4B
8661892cfffffff,23,997,13.04238,77.57542,"Bhoopasandra Main Road, Krishnamurthy Layout, Nagashetty Halli, RMV Stage 2, Bengaluru, Karnataka. Pin-560094 (India)",4,101,10.0,997.0,critical,#FF4B4B
8661892cfffffff,23,997,13.04238,77.57542,"Bhoopasandra Main Road, Krishnamurthy Layout, Nagashetty Halli, RMV Stage 2, Bengaluru, Karnataka. Pin-560094 (India)",5,171,10.0,997.0,critical,#FF4B4B
8661892cfffffff,23,997,13.04238,77.57542,"Bhoopasandra Main Road, Krishnamurthy Layout, Nagashetty Halli, RMV Stage 2, Bengaluru, Karnataka. Pin-560094 (India)",6,80,10.0,997.0,critical,#FF4B4B
8661892dfffffff,0,14,13.0707324,77.6336004,"Thanisandra Main Road, Hegde Nagar, Bengaluru, Karnataka. Pin-560077 (India)",0,2,10.0,14.0,critical,#FF4B4B
8661892dfffffff,0,14,13.0707324,77.6336004,"Thanisandra Main Road, Hegde Nagar, Bengaluru, Karnataka. Pin-560077 (India)",1,1,10.0,14.0,critical,#FF4B4B
8661892dfffffff,0,14,13.0707324,77.6336004,"Thanisandra Main Road, Hegde Nagar, Bengaluru, Karnataka. Pin-560077 (India)",2,3,10.0,14.0,critical,#FF4B4B
8661892dfffffff,0,14,13.0707324,77.6336004,"Thanisandra Main Road, Hegde Nagar, Bengaluru, Karnataka. Pin-560077 (India)",3,1,10.0,14.0,critical,#FF4B4B
8661892dfffffff,0,14,13.0707324,77.6336004,"Thanisandra Main Road, Hegde Nagar, Bengaluru, Karnataka. Pin-560077 (India)",4,1,10.0,14.0,critical,#FF4B4B
8661892dfffffff,0,14,13.0707324,77.6336004,"Thanisandra Main Road, Hegde Nagar, Bengaluru, Karnataka. Pin-560077 (India)",5,2,10.0,14.0,critical,#FF4B4B
8661892dfffffff,0,14,13.0707324,77.6336004,"Thanisandra Main Road, Hegde Nagar, Bengaluru, Karnataka. Pin-560077 (India)",6,4,10.0,14.0,critical,#FF4B4B
8661892dfffffff,1,19,13.06885,77.62603,"80 Feet Road, Corona Apartments, Hegde Nagar, Bengaluru, Karnataka. Pin-560077 (India)",1,2,10.0,19.0,critical,#FF4B4B
8661892dfffffff,1,19,13.06885,77.62603,"80 Feet Road, Corona Apartments, Hegde Nagar, Bengaluru, Karnataka. Pin-560077 (India)",2,3,10.0,19.0,critical,#FF4B4B
8661892dfffffff,1,19,13.06885,77.62603,"80 Feet Road, Corona Apartments, Hegde Nagar, Bengaluru, Karnataka. Pin-560077 (India)",3,6,10.0,19.0,critical,#FF4B4B
8661892dfffffff,1,19,13.06885,77.62603,"80 Feet Road, Corona Apartments, Hegde Nagar, Bengaluru, Karnataka. Pin-560077 (India)",5,1,10.0,19.0,critical,#FF4B4B
8661892dfffffff,1,19,13.06885,77.62603,"80 Feet Road, Corona Apartments, Hegde Nagar, Bengaluru, Karnataka. Pin-560077 (India)",6,7,10.0,19.0,critical,#FF4B4B
8661892dfffffff,2,68,13.0736507,77.6516437,"Hennur Main Road, True North by Livingwalls, Kuvempu Layout, Visthar, Bengaluru, Karnataka. Pin-560077 (India)",0,23,10.0,68.0,critical,#FF4B4B
8661892dfffffff,2,68,13.0736507,77.6516437,"Hennur Main Road, True North by Livingwalls, Kuvempu Layout, Visthar, Bengaluru, Karnataka. Pin-560077 (India)",1,4,10.0,68.0,critical,#FF4B4B
8661892dfffffff,2,68,13.0736507,77.6516437,"Hennur Main Road, True North by Livingwalls, Kuvempu Layout, Visthar, Bengaluru, Karnataka. Pin-560077 (India)",2,8,10.0,68.0,critical,#FF4B4B
8661892dfffffff,2,68,13.0736507,77.6516437,"Hennur Main Road, True North by Livingwalls, Kuvempu Layout, Visthar, Bengaluru, Karnataka. Pin-560077 (India)",3,4,10.0,68.0,critical,#FF4B4B
8661892dfffffff,2,68,13.0736507,77.6516437,"Hennur Main Road, True North by Livingwalls, Kuvempu Layout, Visthar, Bengaluru, Karnataka. Pin-560077 (India)",4,17,10.0,68.0,critical,#FF4B4B
8661892dfffffff,2,68,13.0736507,77.6516437,"Hennur Main Road, True North by Livingwalls, Kuvempu Layout, Visthar, Bengaluru, Karnataka. Pin-560077 (India)",5,8,10.0,68.0,critical,#FF4B4B
8661892dfffffff,2,68,13.0736507,77.6516437,"Hennur Main Road, True North by Livingwalls, Kuvempu Layout, Visthar, Bengaluru, Karnataka. Pin-560077 (India)",6,4,10.0,68.0,critical,#FF4B4B
8661892dfffffff,3,30,13.0711095,77.6336299,"Thanisandra Main Road, Hegde Nagar, Bengaluru, Karnataka. Pin-560077 (India)",0,7,10.0,30.0,critical,#FF4B4B
8661892dfffffff,3,30,13.0711095,77.6336299,"Thanisandra Main Road, Hegde Nagar, Bengaluru, Karnataka. Pin-560077 (India)",1,4,10.0,30.0,critical,#FF4B4B
8661892dfffffff,3,30,13.0711095,77.6336299,"Thanisandra Main Road, Hegde Nagar, Bengaluru, Karnataka. Pin-560077 (India)",2,2,10.0,30.0,critical,#FF4B4B
8661892dfffffff,3,30,13.0711095,77.6336299,"Thanisandra Main Road, Hegde Nagar, Bengaluru, Karnataka. Pin-560077 (India)",3,8,10.0,30.0,critical,#FF4B4B
8661892dfffffff,3,30,13.0711095,77.6336299,"Thanisandra Main Road, Hegde Nagar, Bengaluru, Karnataka. Pin-560077 (India)",4,4,10.0,30.0,critical,#FF4B4B
8661892dfffffff,3,30,13.0711095,77.6336299,"Thanisandra Main Road, Hegde Nagar, Bengaluru, Karnataka. Pin-560077 (India)",5,2,10.0,30.0,critical,#FF4B4B
8661892dfffffff,3,30,13.0711095,77.6336299,"Thanisandra Main Road, Hegde Nagar, Bengaluru, Karnataka. Pin-560077 (India)",6,3,10.0,30.0,critical,#FF4B4B
8661892dfffffff,4,22,13.1221958,77.6305551,"Bagaluru Main Road, Niranthara Layout, Dwarka Nagar, Kattigenahalli, Bengaluru, Karnataka. Pin-560063 (India)",2,2,10.0,22.0,critical,#FF4B4B
8661892dfffffff,4,22,13.1221958,77.6305551,"Bagaluru Main Road, Niranthara Layout, Dwarka Nagar, Kattigenahalli, Bengaluru, Karnataka. Pin-560063 (India)",3,3,10.0,22.0,critical,#FF4B4B
8661892dfffffff,4,22,13.1221958,77.6305551,"Bagaluru Main Road, Niranthara Layout, Dwarka Nagar, Kattigenahalli, Bengaluru, Karnataka. Pin-560063 (India)",4,11,10.0,22.0,critical,#FF4B4B
8661892dfffffff,4,22,13.1221958,77.6305551,"Bagaluru Main Road, Niranthara Layout, Dwarka Nagar, Kattigenahalli, Bengaluru, Karnataka. Pin-560063 (India)",5,1,10.0,22.0,critical,#FF4B4B
8661892dfffffff,4,22,13.1221958,77.6305551,"Bagaluru Main Road, Niranthara Layout, Dwarka Nagar, Kattigenahalli, Bengaluru, Karnataka. Pin-560063 (India)",6,5,10.0,22.0,critical,#FF4B4B
8661892dfffffff,5,58,13.12217531,77.630684,"Bagaluru Main Road, Niranthara Layout, Dwarka Nagar, Kattigenahalli, Bengaluru, Karnataka. Pin-560063 (India)",0,6,10.0,58.0,critical,#FF4B4B
8661892dfffffff,5,58,13.12217531,77.630684,"Bagaluru Main Road, Niranthara Layout, Dwarka Nagar, Kattigenahalli, Bengaluru, Karnataka. Pin-560063 (India)",1,13,10.0,58.0,critical,#FF4B4B
8661892dfffffff,5,58,13.12217531,77.630684,"Bagaluru Main Road, Niranthara Layout, Dwarka Nagar, Kattigenahalli, Bengaluru, Karnataka. Pin-560063 (India)",2,1,10.0,58.0,critical,#FF4B4B
8661892dfffffff,5,58,13.12217531,77.630684,"Bagaluru Main Road, Niranthara Layout, Dwarka Nagar, Kattigenahalli, Bengaluru, Karnataka. Pin-560063 (India)",3,17,10.0,58.0,critical,#FF4B4B
8661892dfffffff,5,58,13.12217531,77.630684,"Bagaluru Main Road, Niranthara Layout, Dwarka Nagar, Kattigenahalli, Bengaluru, Karnataka. Pin-560063 (India)",4,7,10.0,58.0,critical,#FF4B4B
8661892dfffffff,5,58,13.12217531,77.630684,"Bagaluru Main Road, Niranthara Layout, Dwarka Nagar, Kattigenahalli, Bengaluru, Karnataka. Pin-560063 (India)",5,6,10.0,58.0,critical,#FF4B4B
8661892dfffffff,5,58,13.12217531,77.630684,"Bagaluru Main Road, Niranthara Layout, Dwarka Nagar, Kattigenahalli, Bengaluru, Karnataka. Pin-560063 (India)",6,8,10.0,58.0,critical,#FF4B4B
8661892dfffffff,6,39,13.0709649,77.6336164,"Thanisandra Main Road, Hegde Nagar, Bengaluru, Karnataka. Pin-560077 (India)",0,1,10.0,39.0,critical,#FF4B4B
8661892dfffffff,6,39,13.0709649,77.6336164,"Thanisandra Main Road, Hegde Nagar, Bengaluru, Karnataka. Pin-560077 (India)",1,7,10.0,39.0,critical,#FF4B4B
8661892dfffffff,6,39,13.0709649,77.6336164,"Thanisandra Main Road, Hegde Nagar, Bengaluru, Karnataka. Pin-560077 (India)",2,1,10.0,39.0,critical,#FF4B4B
8661892dfffffff,6,39,13.0709649,77.6336164,"Thanisandra Main Road, Hegde Nagar, Bengaluru, Karnataka. Pin-560077 (India)",3,1,10.0,39.0,critical,#FF4B4B
8661892dfffffff,6,39,13.0709649,77.6336164,"Thanisandra Main Road, Hegde Nagar, Bengaluru, Karnataka. Pin-560077 (India)",4,8,10.0,39.0,critical,#FF4B4B
8661892dfffffff,6,39,13.0709649,77.6336164,"Thanisandra Main Road, Hegde Nagar, Bengaluru, Karnataka. Pin-560077 (India)",5,7,10.0,39.0,critical,#FF4B4B
8661892dfffffff,6,39,13.0709649,77.6336164,"Thanisandra Main Road, Hegde Nagar, Bengaluru, Karnataka. Pin-560077 (India)",6,14,10.0,39.0,critical,#FF4B4B
8661892dfffffff,7,65,13.0710117,77.6337917,"Sampigehalli Road, Sobha City, Chokkanahalli, Bengaluru, Karnataka. Pin-560077 (India)",0,4,10.0,65.0,critical,#FF4B4B
8661892dfffffff,7,65,13.0710117,77.6337917,"Sampigehalli Road, Sobha City, Chokkanahalli, Bengaluru, Karnataka. Pin-560077 (India)",1,15,10.0,65.0,critical,#FF4B4B
8661892dfffffff,7,65,13.0710117,77.6337917,"Sampigehalli Road, Sobha City, Chokkanahalli, Bengaluru, Karnataka. Pin-560077 (India)",2,10,10.0,65.0,critical,#FF4B4B
8661892dfffffff,7,65,13.0710117,77.6337917,"Sampigehalli Road, Sobha City, Chokkanahalli, Bengaluru, Karnataka. Pin-560077 (India)",4,1,10.0,65.0,critical,#FF4B4B
8661892dfffffff,7,65,13.0710117,77.6337917,"Sampigehalli Road, Sobha City, Chokkanahalli, Bengaluru, Karnataka. Pin-560077 (India)",5,23,10.0,65.0,critical,#FF4B4B
8661892dfffffff,7,65,13.0710117,77.6337917,"Sampigehalli Road, Sobha City, Chokkanahalli, Bengaluru, Karnataka. Pin-560077 (India)",6,12,10.0,65.0,critical,#FF4B4B
8661892dfffffff,8,95,13.0711078,77.6338172,"Thanisandra Main Road, Sampigehalli, Bengaluru North City Corporation, Bengaluru, Yelahanka taluku, Bengaluru Urban, Karnataka, 562149, India",0,7,10.0,95.0,critical,#FF4B4B
8661892dfffffff,8,95,13.0711078,77.6338172,"Thanisandra Main Road, Sampigehalli, Bengaluru North City Corporation, Bengaluru, Yelahanka taluku, Bengaluru Urban, Karnataka, 562149, India",1,4,10.0,95.0,critical,#FF4B4B
8661892dfffffff,8,95,13.0711078,77.6338172,"Thanisandra Main Road, Sampigehalli, Bengaluru North City Corporation, Bengaluru, Yelahanka taluku, Bengaluru Urban, Karnataka, 562149, India",2,9,10.0,95.0,critical,#FF4B4B
8661892dfffffff,8,95,13.0711078,77.6338172,"Thanisandra Main Road, Sampigehalli, Bengaluru North City Corporation, Bengaluru, Yelahanka taluku, Bengaluru Urban, Karnataka, 562149, India",3,20,10.0,95.0,critical,#FF4B4B
8661892dfffffff,8,95,13.0711078,77.6338172,"Thanisandra Main Road, Sampigehalli, Bengaluru North City Corporation, Bengaluru, Yelahanka taluku, Bengaluru Urban, Karnataka, 562149, India",4,23,10.0,95.0,critical,#FF4B4B
8661892dfffffff,8,95,13.0711078,77.6338172,"Thanisandra Main Road, Sampigehalli, Bengaluru North City Corporation, Bengaluru, Yelahanka taluku, Bengaluru Urban, Karnataka, 562149, India",5,21,10.0,95.0,critical,#FF4B4B
8661892dfffffff,8,95,13.0711078,77.6338172,"Thanisandra Main Road, Sampigehalli, Bengaluru North City Corporation, Bengaluru, Yelahanka taluku, Bengaluru Urban, Karnataka, 562149, India",6,11,10.0,95.0,critical,#FF4B4B
8661892dfffffff,9,3,13.0719975,77.6335616,"Thanisandra Main Road, Sri Balaji Krupa Layout, Hegde Nagar, Bengaluru, Karnataka. Pin-560077 (India)",4,3,0.0,0.0,green,#00CC66
8661892dfffffff,19,74,13.1222589,77.6310443,"Bagaluru Main Road, Niranthara Layout, Dwarka Nagar, Kattigenahalli, Bengaluru, Karnataka. Pin-560063 (India)",1,32,10.0,74.0,critical,#FF4B4B
8661892dfffffff,19,74,13.1222589,77.6310443,"Bagaluru Main Road, Niranthara Layout, Dwarka Nagar, Kattigenahalli, Bengaluru, Karnataka. Pin-560063 (India)",3,2,10.0,74.0,critical,#FF4B4B
8661892dfffffff,19,74,13.1222589,77.6310443,"Bagaluru Main Road, Niranthara Layout, Dwarka Nagar, Kattigenahalli, Bengaluru, Karnataka. Pin-560063 (India)",5,18,10.0,74.0,critical,#FF4B4B
8661892dfffffff,19,74,13.1222589,77.6310443,"Bagaluru Main Road, Niranthara Layout, Dwarka Nagar, Kattigenahalli, Bengaluru, Karnataka. Pin-560063 (India)",6,22,10.0,74.0,critical,#FF4B4B
8661892dfffffff,20,31,13.0687052,77.6340141,"Rashtrothana Flyover, Kaveri Nagar, Thanisandra, Bengaluru, Karnataka. Pin-560077 (India)",0,2,10.0,31.0,critical,#FF4B4B
8661892dfffffff,20,31,13.0687052,77.6340141,"Rashtrothana Flyover, Kaveri Nagar, Thanisandra, Bengaluru, Karnataka. Pin-560077 (India)",1,2,10.0,31.0,critical,#FF4B4B
8661892dfffffff,20,31,13.0687052,77.6340141,"Rashtrothana Flyover, Kaveri Nagar, Thanisandra, Bengaluru, Karnataka. Pin-560077 (India)",2,6,10.0,31.0,critical,#FF4B4B
8661892dfffffff,20,31,13.0687052,77.6340141,"Rashtrothana Flyover, Kaveri Nagar, Thanisandra, Bengaluru, Karnataka. Pin-560077 (India)",3,2,10.0,31.0,critical,#FF4B4B
8661892dfffffff,20,31,13.0687052,77.6340141,"Rashtrothana Flyover, Kaveri Nagar, Thanisandra, Bengaluru, Karnataka. Pin-560077 (India)",4,1,10.0,31.0,critical,#FF4B4B
8661892dfffffff,20,31,13.0687052,77.6340141,"Rashtrothana Flyover, Kaveri Nagar, Thanisandra, Bengaluru, Karnataka. Pin-560077 (India)",5,11,10.0,31.0,critical,#FF4B4B
8661892dfffffff,20,31,13.0687052,77.6340141,"Rashtrothana Flyover, Kaveri Nagar, Thanisandra, Bengaluru, Karnataka. Pin-560077 (India)",6,7,10.0,31.0,critical,#FF4B4B
8661892dfffffff,21,80,13.1216793,77.6288289,"1st Main Road, Durgamba Layout, Kattigenahalli, Bengaluru, Karnataka. Pin-560063 (India)",0,30,10.0,80.0,critical,#FF4B4B
8661892dfffffff,21,80,13.1216793,77.6288289,"1st Main Road, Durgamba Layout, Kattigenahalli, Bengaluru, Karnataka. Pin-560063 (India)",1,8,10.0,80.0,critical,#FF4B4B
8661892dfffffff,21,80,13.1216793,77.6288289,"1st Main Road, Durgamba Layout, Kattigenahalli, Bengaluru, Karnataka. Pin-560063 (India)",2,7,10.0,80.0,critical,#FF4B4B
8661892dfffffff,21,80,13.1216793,77.6288289,"1st Main Road, Durgamba Layout, Kattigenahalli, Bengaluru, Karnataka. Pin-560063 (India)",3,11,10.0,80.0,critical,#FF4B4B
8661892dfffffff,21,80,13.1216793,77.6288289,"1st Main Road, Durgamba Layout, Kattigenahalli, Bengaluru, Karnataka. Pin-560063 (India)",4,3,10.0,80.0,critical,#FF4B4B
8661892dfffffff,21,80,13.1216793,77.6288289,"1st Main Road, Durgamba Layout, Kattigenahalli, Bengaluru, Karnataka. Pin-560063 (India)",5,16,10.0,80.0,critical,#FF4B4B
8661892dfffffff,21,80,13.1216793,77.6288289,"1st Main Road, Durgamba Layout, Kattigenahalli, Bengaluru, Karnataka. Pin-560063 (India)",6,5,10.0,80.0,critical,#FF4B4B
8661892dfffffff,22,103,13.0835717,77.6377331,"Munninarasimha Road, Prisha Orchids, Chokkanahalli, Bengaluru, Karnataka. Pin-560064 (India)",0,8,10.0,103.0,critical,#FF4B4B
8661892dfffffff,22,103,13.0835717,77.6377331,"Munninarasimha Road, Prisha Orchids, Chokkanahalli, Bengaluru, Karnataka. Pin-560064 (India)",1,29,10.0,103.0,critical,#FF4B4B
8661892dfffffff,22,103,13.0835717,77.6377331,"Munninarasimha Road, Prisha Orchids, Chokkanahalli, Bengaluru, Karnataka. Pin-560064 (India)",2,5,10.0,103.0,critical,#FF4B4B
8661892dfffffff,22,103,13.0835717,77.6377331,"Munninarasimha Road, Prisha Orchids, Chokkanahalli, Bengaluru, Karnataka. Pin-560064 (India)",3,9,10.0,103.0,critical,#FF4B4B
8661892dfffffff,22,103,13.0835717,77.6377331,"Munninarasimha Road, Prisha Orchids, Chokkanahalli, Bengaluru, Karnataka. Pin-560064 (India)",4,23,10.0,103.0,critical,#FF4B4B
8661892dfffffff,22,103,13.0835717,77.6377331,"Munninarasimha Road, Prisha Orchids, Chokkanahalli, Bengaluru, Karnataka. Pin-560064 (India)",5,20,10.0,103.0,critical,#FF4B4B
8661892dfffffff,22,103,13.0835717,77.6377331,"Munninarasimha Road, Prisha Orchids, Chokkanahalli, Bengaluru, Karnataka. Pin-560064 (India)",6,9,10.0,103.0,critical,#FF4B4B
8661892dfffffff,23,81,13.0834425,77.6381105,"Munninarasimha Road, Prisha Orchids, Chokkanahalli, Bengaluru, Karnataka. Pin-560064 (India)",0,11,10.0,81.0,critical,#FF4B4B
8661892dfffffff,23,81,13.0834425,77.6381105,"Munninarasimha Road, Prisha Orchids, Chokkanahalli, Bengaluru, Karnataka. Pin-560064 (India)",1,6,10.0,81.0,critical,#FF4B4B
8661892dfffffff,23,81,13.0834425,77.6381105,"Munninarasimha Road, Prisha Orchids, Chokkanahalli, Bengaluru, Karnataka. Pin-560064 (India)",2,14,10.0,81.0,critical,#FF4B4B
8661892dfffffff,23,81,13.0834425,77.6381105,"Munninarasimha Road, Prisha Orchids, Chokkanahalli, Bengaluru, Karnataka. Pin-560064 (India)",3,9,10.0,81.0,critical,#FF4B4B
8661892dfffffff,23,81,13.0834425,77.6381105,"Munninarasimha Road, Prisha Orchids, Chokkanahalli, Bengaluru, Karnataka. Pin-560064 (India)",4,6,10.0,81.0,critical,#FF4B4B
8661892dfffffff,23,81,13.0834425,77.6381105,"Munninarasimha Road, Prisha Orchids, Chokkanahalli, Bengaluru, Karnataka. Pin-560064 (India)",5,31,10.0,81.0,critical,#FF4B4B
8661892dfffffff,23,81,13.0834425,77.6381105,"Munninarasimha Road, Prisha Orchids, Chokkanahalli, Bengaluru, Karnataka. Pin-560064 (India)",6,4,10.0,81.0,critical,#FF4B4B
8661892e7ffffff,0,722,13.0083599,77.694034,"MBT Road, Devasandra Junction, KR Puram, Bengaluru, Karnataka. Pin-560036 (India)",0,27,10.0,722.0,critical,#FF4B4B
8661892e7ffffff,0,722,13.0083599,77.694034,"MBT Road, Devasandra Junction, KR Puram, Bengaluru, Karnataka. Pin-560036 (India)",1,63,10.0,722.0,critical,#FF4B4B
8661892e7ffffff,0,722,13.0083599,77.694034,"MBT Road, Devasandra Junction, KR Puram, Bengaluru, Karnataka. Pin-560036 (India)",2,95,10.0,722.0,critical,#FF4B4B
8661892e7ffffff,0,722,13.0083599,77.694034,"MBT Road, Devasandra Junction, KR Puram, Bengaluru, Karnataka. Pin-560036 (India)",3,157,10.0,722.0,critical,#FF4B4B
8661892e7ffffff,0,722,13.0083599,77.694034,"MBT Road, Devasandra Junction, KR Puram, Bengaluru, Karnataka. Pin-560036 (India)",4,124,10.0,722.0,critical,#FF4B4B
8661892e7ffffff,0,722,13.0083599,77.694034,"MBT Road, Devasandra Junction, KR Puram, Bengaluru, Karnataka. Pin-560036 (India)",5,86,10.0,722.0,critical,#FF4B4B
8661892e7ffffff,0,722,13.0083599,77.694034,"MBT Road, Devasandra Junction, KR Puram, Bengaluru, Karnataka. Pin-560036 (India)",6,170,10.0,722.0,critical,#FF4B4B
8661892e7ffffff,1,824,13.0052187,77.6848831,"Old Madras Road, BSNL CACT Building, Dooravani Nagar, Bengaluru, Karnataka. Pin-560016 (India)",0,78,10.0,824.0,critical,#FF4B4B
8661892e7ffffff,1,824,13.0052187,77.6848831,"Old Madras Road, BSNL CACT Building, Dooravani Nagar, Bengaluru, Karnataka. Pin-560016 (India)",1,121,10.0,824.0,critical,#FF4B4B
8661892e7ffffff,1,824,13.0052187,77.6848831,"Old Madras Road, BSNL CACT Building, Dooravani Nagar, Bengaluru, Karnataka. Pin-560016 (India)",2,60,10.0,824.0,critical,#FF4B4B
8661892e7ffffff,1,824,13.0052187,77.6848831,"Old Madras Road, BSNL CACT Building, Dooravani Nagar, Bengaluru, Karnataka. Pin-560016 (India)",3,166,10.0,824.0,critical,#FF4B4B
8661892e7ffffff,1,824,13.0052187,77.6848831,"Old Madras Road, BSNL CACT Building, Dooravani Nagar, Bengaluru, Karnataka. Pin-560016 (India)",4,97,10.0,824.0,critical,#FF4B4B
8661892e7ffffff,1,824,13.0052187,77.6848831,"Old Madras Road, BSNL CACT Building, Dooravani Nagar, Bengaluru, Karnataka. Pin-560016 (India)",5,133,10.0,824.0,critical,#FF4B4B
8661892e7ffffff,1,824,13.0052187,77.6848831,"Old Madras Road, BSNL CACT Building, Dooravani Nagar, Bengaluru, Karnataka. Pin-560016 (India)",6,169,10.0,824.0,critical,#FF4B4B
8661892e7ffffff,2,843,13.0043512,77.7114746,"Devasandra Main Road, Block 3, Ayyappa Nagar, KR Puram, Bengaluru, Karnataka. Pin-560036 (India)",0,97,10.0,843.0,critical,#FF4B4B
8661892e7ffffff,2,843,13.0043512,77.7114746,"Devasandra Main Road, Block 3, Ayyappa Nagar, KR Puram, Bengaluru, Karnataka. Pin-560036 (India)",1,133,10.0,843.0,critical,#FF4B4B
8661892e7ffffff,2,843,13.0043512,77.7114746,"Devasandra Main Road, Block 3, Ayyappa Nagar, KR Puram, Bengaluru, Karnataka. Pin-560036 (India)",2,85,10.0,843.0,critical,#FF4B4B
8661892e7ffffff,2,843,13.0043512,77.7114746,"Devasandra Main Road, Block 3, Ayyappa Nagar, KR Puram, Bengaluru, Karnataka. Pin-560036 (India)",3,151,10.0,843.0,critical,#FF4B4B
8661892e7ffffff,2,843,13.0043512,77.7114746,"Devasandra Main Road, Block 3, Ayyappa Nagar, KR Puram, Bengaluru, Karnataka. Pin-560036 (India)",4,115,10.0,843.0,critical,#FF4B4B
8661892e7ffffff,2,843,13.0043512,77.7114746,"Devasandra Main Road, Block 3, Ayyappa Nagar, KR Puram, Bengaluru, Karnataka. Pin-560036 (India)",5,97,10.0,843.0,critical,#FF4B4B
8661892e7ffffff,2,843,13.0043512,77.7114746,"Devasandra Main Road, Block 3, Ayyappa Nagar, KR Puram, Bengaluru, Karnataka. Pin-560036 (India)",6,165,10.0,843.0,critical,#FF4B4B
8661892e7ffffff,3,715,12.9789663,77.695114,"Outer Ring Road, Doddanekundi, Bengaluru, Karnataka. Pin-560037 (India)",0,92,10.0,715.0,critical,#FF4B4B
8661892e7ffffff,3,715,12.9789663,77.695114,"Outer Ring Road, Doddanekundi, Bengaluru, Karnataka. Pin-560037 (India)",1,104,10.0,715.0,critical,#FF4B4B
8661892e7ffffff,3,715,12.9789663,77.695114,"Outer Ring Road, Doddanekundi, Bengaluru, Karnataka. Pin-560037 (India)",2,67,10.0,715.0,critical,#FF4B4B
8661892e7ffffff,3,715,12.9789663,77.695114,"Outer Ring Road, Doddanekundi, Bengaluru, Karnataka. Pin-560037 (India)",3,108,10.0,715.0,critical,#FF4B4B
8661892e7ffffff,3,715,12.9789663,77.695114,"Outer Ring Road, Doddanekundi, Bengaluru, Karnataka. Pin-560037 (India)",4,61,10.0,715.0,critical,#FF4B4B
8661892e7ffffff,3,715,12.9789663,77.695114,"Outer Ring Road, Doddanekundi, Bengaluru, Karnataka. Pin-560037 (India)",5,87,10.0,715.0,critical,#FF4B4B
8661892e7ffffff,3,715,12.9789663,77.695114,"Outer Ring Road, Doddanekundi, Bengaluru, Karnataka. Pin-560037 (India)",6,196,10.0,715.0,critical,#FF4B4B
8661892e7ffffff,4,1106,12.9783744,77.7104737,"Industrial Park Road, Regent Gateway, Visveshwaraiah Industrial Estate, Bengaluru, Karnataka. Pin-560048 (India)",0,136,10.0,1106.0,critical,#FF4B4B
8661892e7ffffff,4,1106,12.9783744,77.7104737,"Industrial Park Road, Regent Gateway, Visveshwaraiah Industrial Estate, Bengaluru, Karnataka. Pin-560048 (India)",1,88,10.0,1106.0,critical,#FF4B4B
8661892e7ffffff,4,1106,12.9783744,77.7104737,"Industrial Park Road, Regent Gateway, Visveshwaraiah Industrial Estate, Bengaluru, Karnataka. Pin-560048 (India)",2,146,10.0,1106.0,critical,#FF4B4B
8661892e7ffffff,4,1106,12.9783744,77.7104737,"Industrial Park Road, Regent Gateway, Visveshwaraiah Industrial Estate, Bengaluru, Karnataka. Pin-560048 (India)",3,120,10.0,1106.0,critical,#FF4B4B
8661892e7ffffff,4,1106,12.9783744,77.7104737,"Industrial Park Road, Regent Gateway, Visveshwaraiah Industrial Estate, Bengaluru, Karnataka. Pin-560048 (India)",4,177,10.0,1106.0,critical,#FF4B4B
8661892e7ffffff,4,1106,12.9783744,77.7104737,"Industrial Park Road, Regent Gateway, Visveshwaraiah Industrial Estate, Bengaluru, Karnataka. Pin-560048 (India)",5,190,10.0,1106.0,critical,#FF4B4B
8661892e7ffffff,4,1106,12.9783744,77.7104737,"Industrial Park Road, Regent Gateway, Visveshwaraiah Industrial Estate, Bengaluru, Karnataka. Pin-560048 (India)",6,249,10.0,1106.0,critical,#FF4B4B
8661892e7ffffff,5,1447,13.008526,77.6958726,"MBT Road, Devasandra Junction, KR Puram, Bengaluru, Karnataka. Pin-560036 (India)",0,260,10.0,1447.0,critical,#FF4B4B
8661892e7ffffff,5,1447,13.008526,77.6958726,"MBT Road, Devasandra Junction, KR Puram, Bengaluru, Karnataka. Pin-560036 (India)",1,149,10.0,1447.0,critical,#FF4B4B
8661892e7ffffff,5,1447,13.008526,77.6958726,"MBT Road, Devasandra Junction, KR Puram, Bengaluru, Karnataka. Pin-560036 (India)",2,135,10.0,1447.0,critical,#FF4B4B
8661892e7ffffff,5,1447,13.008526,77.6958726,"MBT Road, Devasandra Junction, KR Puram, Bengaluru, Karnataka. Pin-560036 (India)",3,153,10.0,1447.0,critical,#FF4B4B
8661892e7ffffff,5,1447,13.008526,77.6958726,"MBT Road, Devasandra Junction, KR Puram, Bengaluru, Karnataka. Pin-560036 (India)",4,185,10.0,1447.0,critical,#FF4B4B
8661892e7ffffff,5,1447,13.008526,77.6958726,"MBT Road, Devasandra Junction, KR Puram, Bengaluru, Karnataka. Pin-560036 (India)",5,206,10.0,1447.0,critical,#FF4B4B
8661892e7ffffff,5,1447,13.008526,77.6958726,"MBT Road, Devasandra Junction, KR Puram, Bengaluru, Karnataka. Pin-560036 (India)",6,359,10.0,1447.0,critical,#FF4B4B
8661892e7ffffff,6,1281,13.0081888,77.6940167,"MBT Road, Devasandra Junction, KR Puram, Bengaluru, Karnataka. Pin-560036 (India)",0,132,10.0,1281.0,critical,#FF4B4B
8661892e7ffffff,6,1281,13.0081888,77.6940167,"MBT Road, Devasandra Junction, KR Puram, Bengaluru, Karnataka. Pin-560036 (India)",1,170,10.0,1281.0,critical,#FF4B4B
8661892e7ffffff,6,1281,13.0081888,77.6940167,"MBT Road, Devasandra Junction, KR Puram, Bengaluru, Karnataka. Pin-560036 (India)",2,157,10.0,1281.0,critical,#FF4B4B
8661892e7ffffff,6,1281,13.0081888,77.6940167,"MBT Road, Devasandra Junction, KR Puram, Bengaluru, Karnataka. Pin-560036 (India)",3,162,10.0,1281.0,critical,#FF4B4B
8661892e7ffffff,6,1281,13.0081888,77.6940167,"MBT Road, Devasandra Junction, KR Puram, Bengaluru, Karnataka. Pin-560036 (India)",4,149,10.0,1281.0,critical,#FF4B4B
8661892e7ffffff,6,1281,13.0081888,77.6940167,"MBT Road, Devasandra Junction, KR Puram, Bengaluru, Karnataka. Pin-560036 (India)",5,149,10.0,1281.0,critical,#FF4B4B
8661892e7ffffff,6,1281,13.0081888,77.6940167,"MBT Road, Devasandra Junction, KR Puram, Bengaluru, Karnataka. Pin-560036 (India)",6,362,10.0,1281.0,critical,#FF4B4B
8661892e7ffffff,7,640,12.99600071315529,77.69450963523893,"Whitefield Road, VR Mall, Dyavasandra Industrial Estate Phase 2, Mahadevapura, Bengaluru, Karnataka. Pin-560048 (India)",0,48,10.0,640.0,critical,#FF4B4B
8661892e7ffffff,7,640,12.99600071315529,77.69450963523893,"Whitefield Road, VR Mall, Dyavasandra Industrial Estate Phase 2, Mahadevapura, Bengaluru, Karnataka. Pin-560048 (India)",1,61,10.0,640.0,critical,#FF4B4B
8661892e7ffffff,7,640,12.99600071315529,77.69450963523893,"Whitefield Road, VR Mall, Dyavasandra Industrial Estate Phase 2, Mahadevapura, Bengaluru, Karnataka. Pin-560048 (India)",2,74,10.0,640.0,critical,#FF4B4B
8661892e7ffffff,7,640,12.99600071315529,77.69450963523893,"Whitefield Road, VR Mall, Dyavasandra Industrial Estate Phase 2, Mahadevapura, Bengaluru, Karnataka. Pin-560048 (India)",3,105,10.0,640.0,critical,#FF4B4B
8661892e7ffffff,7,640,12.99600071315529,77.69450963523893,"Whitefield Road, VR Mall, Dyavasandra Industrial Estate Phase 2, Mahadevapura, Bengaluru, Karnataka. Pin-560048 (India)",4,84,10.0,640.0,critical,#FF4B4B
8661892e7ffffff,7,640,12.99600071315529,77.69450963523893,"Whitefield Road, VR Mall, Dyavasandra Industrial Estate Phase 2, Mahadevapura, Bengaluru, Karnataka. Pin-560048 (India)",5,73,10.0,640.0,critical,#FF4B4B
8661892e7ffffff,7,640,12.99600071315529,77.69450963523893,"Whitefield Road, VR Mall, Dyavasandra Industrial Estate Phase 2, Mahadevapura, Bengaluru, Karnataka. Pin-560048 (India)",6,195,10.0,640.0,critical,#FF4B4B
8661892e7ffffff,8,419,12.9937873,77.6636669,"Kaggadaspura Main Road, Gopalan Grand Mall, Nagavara Palya, CV Raman Nagar, Bengaluru, Karnataka. Pin-560093 (India)",0,49,10.0,419.0,critical,#FF4B4B
8661892e7ffffff,8,419,12.9937873,77.6636669,"Kaggadaspura Main Road, Gopalan Grand Mall, Nagavara Palya, CV Raman Nagar, Bengaluru, Karnataka. Pin-560093 (India)",1,30,10.0,419.0,critical,#FF4B4B
8661892e7ffffff,8,419,12.9937873,77.6636669,"Kaggadaspura Main Road, Gopalan Grand Mall, Nagavara Palya, CV Raman Nagar, Bengaluru, Karnataka. Pin-560093 (India)",2,42,10.0,419.0,critical,#FF4B4B
8661892e7ffffff,8,419,12.9937873,77.6636669,"Kaggadaspura Main Road, Gopalan Grand Mall, Nagavara Palya, CV Raman Nagar, Bengaluru, Karnataka. Pin-560093 (India)",3,55,10.0,419.0,critical,#FF4B4B
8661892e7ffffff,8,419,12.9937873,77.6636669,"Kaggadaspura Main Road, Gopalan Grand Mall, Nagavara Palya, CV Raman Nagar, Bengaluru, Karnataka. Pin-560093 (India)",4,80,10.0,419.0,critical,#FF4B4B
8661892e7ffffff,8,419,12.9937873,77.6636669,"Kaggadaspura Main Road, Gopalan Grand Mall, Nagavara Palya, CV Raman Nagar, Bengaluru, Karnataka. Pin-560093 (India)",5,67,10.0,419.0,critical,#FF4B4B
8661892e7ffffff,8,419,12.9937873,77.6636669,"Kaggadaspura Main Road, Gopalan Grand Mall, Nagavara Palya, CV Raman Nagar, Bengaluru, Karnataka. Pin-560093 (India)",6,96,10.0,419.0,critical,#FF4B4B
8661892e7ffffff,9,209,12.9882348,77.7101029,"Hoodi Main Road, Munikadirappa Layout, Hoodi, Bengaluru, Karnataka. Pin-560048 (India)",0,66,10.0,209.0,critical,#FF4B4B
8661892e7ffffff,9,209,12.9882348,77.7101029,"Hoodi Main Road, Munikadirappa Layout, Hoodi, Bengaluru, Karnataka. Pin-560048 (India)",1,16,10.0,209.0,critical,#FF4B4B
8661892e7ffffff,9,209,12.9882348,77.7101029,"Hoodi Main Road, Munikadirappa Layout, Hoodi, Bengaluru, Karnataka. Pin-560048 (India)",2,4,10.0,209.0,critical,#FF4B4B
8661892e7ffffff,9,209,12.9882348,77.7101029,"Hoodi Main Road, Munikadirappa Layout, Hoodi, Bengaluru, Karnataka. Pin-560048 (India)",3,37,10.0,209.0,critical,#FF4B4B
8661892e7ffffff,9,209,12.9882348,77.7101029,"Hoodi Main Road, Munikadirappa Layout, Hoodi, Bengaluru, Karnataka. Pin-560048 (India)",4,20,10.0,209.0,critical,#FF4B4B
8661892e7ffffff,9,209,12.9882348,77.7101029,"Hoodi Main Road, Munikadirappa Layout, Hoodi, Bengaluru, Karnataka. Pin-560048 (India)",5,36,10.0,209.0,critical,#FF4B4B
8661892e7ffffff,9,209,12.9882348,77.7101029,"Hoodi Main Road, Munikadirappa Layout, Hoodi, Bengaluru, Karnataka. Pin-560048 (India)",6,30,10.0,209.0,critical,#FF4B4B
8661892e7ffffff,10,32,12.9976216,77.6703281,"Outer Ring Road, Ranka Junction, Annaiah Reddy Industrial Area, Dooravani Nagar, Bengaluru, Karnataka. Pin-560016 (India)",0,4,10.0,32.0,critical,#FF4B4B
8661892e7ffffff,10,32,12.9976216,77.6703281,"Outer Ring Road, Ranka Junction, Annaiah Reddy Industrial Area, Dooravani Nagar, Bengaluru, Karnataka. Pin-560016 (India)",2,12,10.0,32.0,critical,#FF4B4B
8661892e7ffffff,10,32,12.9976216,77.6703281,"Outer Ring Road, Ranka Junction, Annaiah Reddy Industrial Area, Dooravani Nagar, Bengaluru, Karnataka. Pin-560016 (India)",3,7,10.0,32.0,critical,#FF4B4B
8661892e7ffffff,10,32,12.9976216,77.6703281,"Outer Ring Road, Ranka Junction, Annaiah Reddy Industrial Area, Dooravani Nagar, Bengaluru, Karnataka. Pin-560016 (India)",4,1,10.0,32.0,critical,#FF4B4B
8661892e7ffffff,10,32,12.9976216,77.6703281,"Outer Ring Road, Ranka Junction, Annaiah Reddy Industrial Area, Dooravani Nagar, Bengaluru, Karnataka. Pin-560016 (India)",5,3,10.0,32.0,critical,#FF4B4B
8661892e7ffffff,10,32,12.9976216,77.6703281,"Outer Ring Road, Ranka Junction, Annaiah Reddy Industrial Area, Dooravani Nagar, Bengaluru, Karnataka. Pin-560016 (India)",6,5,10.0,32.0,critical,#FF4B4B
8661892e7ffffff,11,31,12.9940113,77.6630456,"Old Madras Road, Gopalan Grand Mall, Nagavara Palya, CV Raman Nagar, Bengaluru, Karnataka. Pin-560093 (India)",0,2,10.0,31.0,critical,#FF4B4B
8661892e7ffffff,11,31,12.9940113,77.6630456,"Old Madras Road, Gopalan Grand Mall, Nagavara Palya, CV Raman Nagar, Bengaluru, Karnataka. Pin-560093 (India)",1,1,10.0,31.0,critical,#FF4B4B
8661892e7ffffff,11,31,12.9940113,77.6630456,"Old Madras Road, Gopalan Grand Mall, Nagavara Palya, CV Raman Nagar, Bengaluru, Karnataka. Pin-560093 (India)",2,7,10.0,31.0,critical,#FF4B4B
8661892e7ffffff,11,31,12.9940113,77.6630456,"Old Madras Road, Gopalan Grand Mall, Nagavara Palya, CV Raman Nagar, Bengaluru, Karnataka. Pin-560093 (India)",3,6,10.0,31.0,critical,#FF4B4B
8661892e7ffffff,11,31,12.9940113,77.6630456,"Old Madras Road, Gopalan Grand Mall, Nagavara Palya, CV Raman Nagar, Bengaluru, Karnataka. Pin-560093 (India)",4,2,10.0,31.0,critical,#FF4B4B
8661892e7ffffff,11,31,12.9940113,77.6630456,"Old Madras Road, Gopalan Grand Mall, Nagavara Palya, CV Raman Nagar, Bengaluru, Karnataka. Pin-560093 (India)",5,10,10.0,31.0,critical,#FF4B4B
8661892e7ffffff,11,31,12.9940113,77.6630456,"Old Madras Road, Gopalan Grand Mall, Nagavara Palya, CV Raman Nagar, Bengaluru, Karnataka. Pin-560093 (India)",6,3,10.0,31.0,critical,#FF4B4B
8661892e7ffffff,12,11,13.0083649,77.6955775,"MBT Road, Devasandra Junction, KR Puram, Bengaluru, Karnataka. Pin-560036 (India)",0,1,10.0,11.0,critical,#FF4B4B
8661892e7ffffff,12,11,13.0083649,77.6955775,"MBT Road, Devasandra Junction, KR Puram, Bengaluru, Karnataka. Pin-560036 (India)",1,1,10.0,11.0,critical,#FF4B4B
8661892e7ffffff,12,11,13.0083649,77.6955775,"MBT Road, Devasandra Junction, KR Puram, Bengaluru, Karnataka. Pin-560036 (India)",2,2,10.0,11.0,critical,#FF4B4B
8661892e7ffffff,12,11,13.0083649,77.6955775,"MBT Road, Devasandra Junction, KR Puram, Bengaluru, Karnataka. Pin-560036 (India)",3,6,8.33,9.16,critical,#FF4B4B
8661892e7ffffff,12,11,13.0083649,77.6955775,"MBT Road, Devasandra Junction, KR Puram, Bengaluru, Karnataka. Pin-560036 (India)",6,1,10.0,11.0,critical,#FF4B4B
8661892e7ffffff,13,4,13.0082182,77.6956463,"Life Line Medicals & General Stores, 528, Bvr Complex, Old Madras Road, KR Puram, K.R Pura, Bengaluru East City Corporation, Bengaluru, Bangalore East, Bengaluru Urban, Karnataka, 560037, India",1,4,0.0,0.0,green,#00CC66
8661892e7ffffff,14,8,13.0082522,77.6960747,"Devasandra Main Road, KR Puram, K.R Pura, Bengaluru East City Corporation, Bengaluru, Bangalore East, Bengaluru Urban, Karnataka, 560036, India",1,3,10.0,8.0,critical,#FF4B4B
8661892e7ffffff,14,8,13.0082522,77.6960747,"Devasandra Main Road, KR Puram, K.R Pura, Bengaluru East City Corporation, Bengaluru, Bangalore East, Bengaluru Urban, Karnataka, 560036, India",4,2,10.0,8.0,critical,#FF4B4B
8661892e7ffffff,14,8,13.0082522,77.6960747,"Devasandra Main Road, KR Puram, K.R Pura, Bengaluru East City Corporation, Bengaluru, Bangalore East, Bengaluru Urban, Karnataka, 560036, India",6,3,10.0,8.0,critical,#FF4B4B
8661892e7ffffff,15,14,13.0083058,77.696079,"Devasandra Main Road, Devasandra Junction, KR Puram, Bengaluru, Karnataka. Pin-560036 (India)",1,4,10.0,14.0,critical,#FF4B4B
8661892e7ffffff,15,14,13.0083058,77.696079,"Devasandra Main Road, Devasandra Junction, KR Puram, Bengaluru, Karnataka. Pin-560036 (India)",2,1,10.0,14.0,critical,#FF4B4B
8661892e7ffffff,15,14,13.0083058,77.696079,"Devasandra Main Road, Devasandra Junction, KR Puram, Bengaluru, Karnataka. Pin-560036 (India)",3,2,10.0,14.0,critical,#FF4B4B
8661892e7ffffff,15,14,13.0083058,77.696079,"Devasandra Main Road, Devasandra Junction, KR Puram, Bengaluru, Karnataka. Pin-560036 (India)",4,1,10.0,14.0,critical,#FF4B4B
8661892e7ffffff,15,14,13.0083058,77.696079,"Devasandra Main Road, Devasandra Junction, KR Puram, Bengaluru, Karnataka. Pin-560036 (India)",6,6,10.0,14.0,critical,#FF4B4B
8661892e7ffffff,16,79,13.0082183,77.6955831,"MBT Road, Devasandra Junction, KR Puram, Bengaluru, Karnataka. Pin-560036 (India)",0,2,10.0,79.0,critical,#FF4B4B
8661892e7ffffff,16,79,13.0082183,77.6955831,"MBT Road, Devasandra Junction, KR Puram, Bengaluru, Karnataka. Pin-560036 (India)",1,8,10.0,79.0,critical,#FF4B4B
8661892e7ffffff,16,79,13.0082183,77.6955831,"MBT Road, Devasandra Junction, KR Puram, Bengaluru, Karnataka. Pin-560036 (India)",2,31,10.0,79.0,critical,#FF4B4B
8661892e7ffffff,16,79,13.0082183,77.6955831,"MBT Road, Devasandra Junction, KR Puram, Bengaluru, Karnataka. Pin-560036 (India)",3,20,10.0,79.0,critical,#FF4B4B
8661892e7ffffff,16,79,13.0082183,77.6955831,"MBT Road, Devasandra Junction, KR Puram, Bengaluru, Karnataka. Pin-560036 (India)",4,1,10.0,79.0,critical,#FF4B4B
8661892e7ffffff,16,79,13.0082183,77.6955831,"MBT Road, Devasandra Junction, KR Puram, Bengaluru, Karnataka. Pin-560036 (India)",6,17,10.0,79.0,critical,#FF4B4B
8661892e7ffffff,17,195,13.0080917,77.6950498,"MBT Road, Devasandra Junction, KR Puram, Bengaluru, Karnataka. Pin-560036 (India)",0,5,10.0,195.0,critical,#FF4B4B
8661892e7ffffff,17,195,13.0080917,77.6950498,"MBT Road, Devasandra Junction, KR Puram, Bengaluru, Karnataka. Pin-560036 (India)",1,8,10.0,195.0,critical,#FF4B4B
8661892e7ffffff,17,195,13.0080917,77.6950498,"MBT Road, Devasandra Junction, KR Puram, Bengaluru, Karnataka. Pin-560036 (India)",2,63,10.0,195.0,critical,#FF4B4B
8661892e7ffffff,17,195,13.0080917,77.6950498,"MBT Road, Devasandra Junction, KR Puram, Bengaluru, Karnataka. Pin-560036 (India)",3,69,10.0,195.0,critical,#FF4B4B
8661892e7ffffff,17,195,13.0080917,77.6950498,"MBT Road, Devasandra Junction, KR Puram, Bengaluru, Karnataka. Pin-560036 (India)",4,5,10.0,195.0,critical,#FF4B4B
8661892e7ffffff,17,195,13.0080917,77.6950498,"MBT Road, Devasandra Junction, KR Puram, Bengaluru, Karnataka. Pin-560036 (India)",5,21,10.0,195.0,critical,#FF4B4B
8661892e7ffffff,17,195,13.0080917,77.6950498,"MBT Road, Devasandra Junction, KR Puram, Bengaluru, Karnataka. Pin-560036 (India)",6,24,10.0,195.0,critical,#FF4B4B
8661892e7ffffff,18,758,13.008236,77.6938222,"MBT Road, Devasandra Junction, KR Puram, Bengaluru, Karnataka. Pin-560036 (India)",0,92,10.0,758.0,critical,#FF4B4B
8661892e7ffffff,18,758,13.008236,77.6938222,"MBT Road, Devasandra Junction, KR Puram, Bengaluru, Karnataka. Pin-560036 (India)",1,103,10.0,758.0,critical,#FF4B4B
8661892e7ffffff,18,758,13.008236,77.6938222,"MBT Road, Devasandra Junction, KR Puram, Bengaluru, Karnataka. Pin-560036 (India)",2,109,10.0,758.0,critical,#FF4B4B
8661892e7ffffff,18,758,13.008236,77.6938222,"MBT Road, Devasandra Junction, KR Puram, Bengaluru, Karnataka. Pin-560036 (India)",3,80,10.0,758.0,critical,#FF4B4B
8661892e7ffffff,18,758,13.008236,77.6938222,"MBT Road, Devasandra Junction, KR Puram, Bengaluru, Karnataka. Pin-560036 (India)",4,109,10.0,758.0,critical,#FF4B4B
8661892e7ffffff,18,758,13.008236,77.6938222,"MBT Road, Devasandra Junction, KR Puram, Bengaluru, Karnataka. Pin-560036 (India)",5,110,10.0,758.0,critical,#FF4B4B
8661892e7ffffff,18,758,13.008236,77.6938222,"MBT Road, Devasandra Junction, KR Puram, Bengaluru, Karnataka. Pin-560036 (India)",6,155,10.0,758.0,critical,#FF4B4B
8661892e7ffffff,19,1719,13.0081997,77.6933216,"MBT Road, Devasandra Junction, KR Puram, Bengaluru, Karnataka. Pin-560036 (India)",0,318,10.0,1719.0,critical,#FF4B4B
8661892e7ffffff,19,1719,13.0081997,77.6933216,"MBT Road, Devasandra Junction, KR Puram, Bengaluru, Karnataka. Pin-560036 (India)",1,222,10.0,1719.0,critical,#FF4B4B
8661892e7ffffff,19,1719,13.0081997,77.6933216,"MBT Road, Devasandra Junction, KR Puram, Bengaluru, Karnataka. Pin-560036 (India)",2,252,10.0,1719.0,critical,#FF4B4B
8661892e7ffffff,19,1719,13.0081997,77.6933216,"MBT Road, Devasandra Junction, KR Puram, Bengaluru, Karnataka. Pin-560036 (India)",3,201,10.0,1719.0,critical,#FF4B4B
8661892e7ffffff,19,1719,13.0081997,77.6933216,"MBT Road, Devasandra Junction, KR Puram, Bengaluru, Karnataka. Pin-560036 (India)",4,276,10.0,1719.0,critical,#FF4B4B
8661892e7ffffff,19,1719,13.0081997,77.6933216,"MBT Road, Devasandra Junction, KR Puram, Bengaluru, Karnataka. Pin-560036 (India)",5,256,10.0,1719.0,critical,#FF4B4B
8661892e7ffffff,19,1719,13.0081997,77.6933216,"MBT Road, Devasandra Junction, KR Puram, Bengaluru, Karnataka. Pin-560036 (India)",6,194,10.0,1719.0,critical,#FF4B4B
8661892e7ffffff,20,1127,13.0067231,77.6877788,"MBT Road, ITI Township, KR Puram, Bengaluru, Karnataka. Pin-560016 (India)",0,200,10.0,1127.0,critical,#FF4B4B
8661892e7ffffff,20,1127,13.0067231,77.6877788,"MBT Road, ITI Township, KR Puram, Bengaluru, Karnataka. Pin-560016 (India)",1,125,10.0,1127.0,critical,#FF4B4B
8661892e7ffffff,20,1127,13.0067231,77.6877788,"MBT Road, ITI Township, KR Puram, Bengaluru, Karnataka. Pin-560016 (India)",2,175,10.0,1127.0,critical,#FF4B4B
8661892e7ffffff,20,1127,13.0067231,77.6877788,"MBT Road, ITI Township, KR Puram, Bengaluru, Karnataka. Pin-560016 (India)",3,179,10.0,1127.0,critical,#FF4B4B
8661892e7ffffff,20,1127,13.0067231,77.6877788,"MBT Road, ITI Township, KR Puram, Bengaluru, Karnataka. Pin-560016 (India)",4,218,10.0,1127.0,critical,#FF4B4B
8661892e7ffffff,20,1127,13.0067231,77.6877788,"MBT Road, ITI Township, KR Puram, Bengaluru, Karnataka. Pin-560016 (India)",5,120,10.0,1127.0,critical,#FF4B4B
8661892e7ffffff,20,1127,13.0067231,77.6877788,"MBT Road, ITI Township, KR Puram, Bengaluru, Karnataka. Pin-560016 (India)",6,110,10.0,1127.0,critical,#FF4B4B
8661892e7ffffff,21,837,13.0084686,77.6939961,"MBT Road, Devasandra Junction, KR Puram, Bengaluru, Karnataka. Pin-560036 (India)",0,121,10.0,837.0,critical,#FF4B4B
8661892e7ffffff,21,837,13.0084686,77.6939961,"MBT Road, Devasandra Junction, KR Puram, Bengaluru, Karnataka. Pin-560036 (India)",1,172,10.0,837.0,critical,#FF4B4B
8661892e7ffffff,21,837,13.0084686,77.6939961,"MBT Road, Devasandra Junction, KR Puram, Bengaluru, Karnataka. Pin-560036 (India)",2,140,10.0,837.0,critical,#FF4B4B
8661892e7ffffff,21,837,13.0084686,77.6939961,"MBT Road, Devasandra Junction, KR Puram, Bengaluru, Karnataka. Pin-560036 (India)",3,149,10.0,837.0,critical,#FF4B4B
8661892e7ffffff,21,837,13.0084686,77.6939961,"MBT Road, Devasandra Junction, KR Puram, Bengaluru, Karnataka. Pin-560036 (India)",4,141,10.0,837.0,critical,#FF4B4B
8661892e7ffffff,21,837,13.0084686,77.6939961,"MBT Road, Devasandra Junction, KR Puram, Bengaluru, Karnataka. Pin-560036 (India)",5,57,10.0,837.0,critical,#FF4B4B
8661892e7ffffff,21,837,13.0084686,77.6939961,"MBT Road, Devasandra Junction, KR Puram, Bengaluru, Karnataka. Pin-560036 (India)",6,57,10.0,837.0,critical,#FF4B4B
8661892e7ffffff,22,763,12.9960626,77.6680024,"Old Madras Road, Royal Heritage, Pai Layout, Mahadevapura, Bengaluru, Karnataka. Pin-560016 (India)",0,112,10.0,763.0,critical,#FF4B4B
8661892e7ffffff,22,763,12.9960626,77.6680024,"Old Madras Road, Royal Heritage, Pai Layout, Mahadevapura, Bengaluru, Karnataka. Pin-560016 (India)",1,82,10.0,763.0,critical,#FF4B4B
8661892e7ffffff,22,763,12.9960626,77.6680024,"Old Madras Road, Royal Heritage, Pai Layout, Mahadevapura, Bengaluru, Karnataka. Pin-560016 (India)",2,171,10.0,763.0,critical,#FF4B4B
8661892e7ffffff,22,763,12.9960626,77.6680024,"Old Madras Road, Royal Heritage, Pai Layout, Mahadevapura, Bengaluru, Karnataka. Pin-560016 (India)",3,125,10.0,763.0,critical,#FF4B4B
8661892e7ffffff,22,763,12.9960626,77.6680024,"Old Madras Road, Royal Heritage, Pai Layout, Mahadevapura, Bengaluru, Karnataka. Pin-560016 (India)",4,123,10.0,763.0,critical,#FF4B4B
8661892e7ffffff,22,763,12.9960626,77.6680024,"Old Madras Road, Royal Heritage, Pai Layout, Mahadevapura, Bengaluru, Karnataka. Pin-560016 (India)",5,73,10.0,763.0,critical,#FF4B4B
8661892e7ffffff,22,763,12.9960626,77.6680024,"Old Madras Road, Royal Heritage, Pai Layout, Mahadevapura, Bengaluru, Karnataka. Pin-560016 (India)",6,77,10.0,763.0,critical,#FF4B4B
8661892e7ffffff,23,548,13.0240317,77.693335,"TC Palya Main Road, Korean Brothers Circle, Anandapura, Bengaluru, Karnataka. Pin-560036 (India)",0,104,10.0,548.0,critical,#FF4B4B
8661892e7ffffff,23,548,13.0240317,77.693335,"TC Palya Main Road, Korean Brothers Circle, Anandapura, Bengaluru, Karnataka. Pin-560036 (India)",1,77,10.0,548.0,critical,#FF4B4B
8661892e7ffffff,23,548,13.0240317,77.693335,"TC Palya Main Road, Korean Brothers Circle, Anandapura, Bengaluru, Karnataka. Pin-560036 (India)",2,68,10.0,548.0,critical,#FF4B4B
8661892e7ffffff,23,548,13.0240317,77.693335,"TC Palya Main Road, Korean Brothers Circle, Anandapura, Bengaluru, Karnataka. Pin-560036 (India)",3,81,10.0,548.0,critical,#FF4B4B
8661892e7ffffff,23,548,13.0240317,77.693335,"TC Palya Main Road, Korean Brothers Circle, Anandapura, Bengaluru, Karnataka. Pin-560036 (India)",4,83,10.0,548.0,critical,#FF4B4B
8661892e7ffffff,23,548,13.0240317,77.693335,"TC Palya Main Road, Korean Brothers Circle, Anandapura, Bengaluru, Karnataka. Pin-560036 (India)",5,95,10.0,548.0,critical,#FF4B4B
8661892e7ffffff,23,548,13.0240317,77.693335,"TC Palya Main Road, Korean Brothers Circle, Anandapura, Bengaluru, Karnataka. Pin-560036 (India)",6,40,10.0,548.0,critical,#FF4B4B
8661892efffffff,0,1796,12.9783602,77.6412695,"Chinmaya Mission Hospital Road, BM Sri Circle, Indiranagar, Bengaluru, Karnataka. Pin-560038 (India)",0,221,10.0,1796.0,critical,#FF4B4B
8661892efffffff,0,1796,12.9783602,77.6412695,"Chinmaya Mission Hospital Road, BM Sri Circle, Indiranagar, Bengaluru, Karnataka. Pin-560038 (India)",1,274,10.0,1796.0,critical,#FF4B4B
8661892efffffff,0,1796,12.9783602,77.6412695,"Chinmaya Mission Hospital Road, BM Sri Circle, Indiranagar, Bengaluru, Karnataka. Pin-560038 (India)",2,246,10.0,1796.0,critical,#FF4B4B
8661892efffffff,0,1796,12.9783602,77.6412695,"Chinmaya Mission Hospital Road, BM Sri Circle, Indiranagar, Bengaluru, Karnataka. Pin-560038 (India)",3,200,10.0,1796.0,critical,#FF4B4B
8661892efffffff,0,1796,12.9783602,77.6412695,"Chinmaya Mission Hospital Road, BM Sri Circle, Indiranagar, Bengaluru, Karnataka. Pin-560038 (India)",4,320,10.0,1796.0,critical,#FF4B4B
8661892efffffff,0,1796,12.9783602,77.6412695,"Chinmaya Mission Hospital Road, BM Sri Circle, Indiranagar, Bengaluru, Karnataka. Pin-560038 (India)",5,254,10.0,1796.0,critical,#FF4B4B
8661892efffffff,0,1796,12.9783602,77.6412695,"Chinmaya Mission Hospital Road, BM Sri Circle, Indiranagar, Bengaluru, Karnataka. Pin-560038 (India)",6,281,10.0,1796.0,critical,#FF4B4B
8661892efffffff,1,1898,12.9858655,77.6051618,"Broadway Road, Chandni Chowk, Bengaluru, Karnataka. Pin-560051 (India)",0,211,10.0,1898.0,critical,#FF4B4B
8661892efffffff,1,1898,12.9858655,77.6051618,"Broadway Road, Chandni Chowk, Bengaluru, Karnataka. Pin-560051 (India)",1,206,10.0,1898.0,critical,#FF4B4B
8661892efffffff,1,1898,12.9858655,77.6051618,"Broadway Road, Chandni Chowk, Bengaluru, Karnataka. Pin-560051 (India)",2,277,10.0,1898.0,critical,#FF4B4B
8661892efffffff,1,1898,12.9858655,77.6051618,"Broadway Road, Chandni Chowk, Bengaluru, Karnataka. Pin-560051 (India)",3,281,10.0,1898.0,critical,#FF4B4B
8661892efffffff,1,1898,12.9858655,77.6051618,"Broadway Road, Chandni Chowk, Bengaluru, Karnataka. Pin-560051 (India)",4,260,10.0,1898.0,critical,#FF4B4B
8661892efffffff,1,1898,12.9858655,77.6051618,"Broadway Road, Chandni Chowk, Bengaluru, Karnataka. Pin-560051 (India)",5,280,10.0,1898.0,critical,#FF4B4B
8661892efffffff,1,1898,12.9858655,77.6051618,"Broadway Road, Chandni Chowk, Bengaluru, Karnataka. Pin-560051 (India)",6,383,10.0,1898.0,critical,#FF4B4B
8661892efffffff,2,3862,12.9805236,77.6100219,"Kamaraj Road, Sri Nagamma Devi Circle, Sivanchetti Gardens, Bengaluru, Karnataka. Pin-560042 (India)",0,618,10.0,3862.0,critical,#FF4B4B
8661892efffffff,2,3862,12.9805236,77.6100219,"Kamaraj Road, Sri Nagamma Devi Circle, Sivanchetti Gardens, Bengaluru, Karnataka. Pin-560042 (India)",1,457,10.0,3862.0,critical,#FF4B4B
8661892efffffff,2,3862,12.9805236,77.6100219,"Kamaraj Road, Sri Nagamma Devi Circle, Sivanchetti Gardens, Bengaluru, Karnataka. Pin-560042 (India)",2,450,10.0,3862.0,critical,#FF4B4B
8661892efffffff,2,3862,12.9805236,77.6100219,"Kamaraj Road, Sri Nagamma Devi Circle, Sivanchetti Gardens, Bengaluru, Karnataka. Pin-560042 (India)",3,412,10.0,3862.0,critical,#FF4B4B
8661892efffffff,2,3862,12.9805236,77.6100219,"Kamaraj Road, Sri Nagamma Devi Circle, Sivanchetti Gardens, Bengaluru, Karnataka. Pin-560042 (India)",4,481,10.0,3862.0,critical,#FF4B4B
8661892efffffff,2,3862,12.9805236,77.6100219,"Kamaraj Road, Sri Nagamma Devi Circle, Sivanchetti Gardens, Bengaluru, Karnataka. Pin-560042 (India)",5,440,10.0,3862.0,critical,#FF4B4B
8661892efffffff,2,3862,12.9805236,77.6100219,"Kamaraj Road, Sri Nagamma Devi Circle, Sivanchetti Gardens, Bengaluru, Karnataka. Pin-560042 (India)",6,1004,10.0,3862.0,critical,#FF4B4B
8661892efffffff,3,3901,12.9813802,77.608863,"Dispensary Road, Tasker Town, Shivaji Nagar, Bengaluru, Karnataka. Pin-560001 (India)",0,723,10.0,3901.0,critical,#FF4B4B
8661892efffffff,3,3901,12.9813802,77.608863,"Dispensary Road, Tasker Town, Shivaji Nagar, Bengaluru, Karnataka. Pin-560001 (India)",1,432,10.0,3901.0,critical,#FF4B4B
8661892efffffff,3,3901,12.9813802,77.608863,"Dispensary Road, Tasker Town, Shivaji Nagar, Bengaluru, Karnataka. Pin-560001 (India)",2,438,10.0,3901.0,critical,#FF4B4B
8661892efffffff,3,3901,12.9813802,77.608863,"Dispensary Road, Tasker Town, Shivaji Nagar, Bengaluru, Karnataka. Pin-560001 (India)",3,327,10.0,3901.0,critical,#FF4B4B
8661892efffffff,3,3901,12.9813802,77.608863,"Dispensary Road, Tasker Town, Shivaji Nagar, Bengaluru, Karnataka. Pin-560001 (India)",4,485,10.0,3901.0,critical,#FF4B4B
8661892efffffff,3,3901,12.9813802,77.608863,"Dispensary Road, Tasker Town, Shivaji Nagar, Bengaluru, Karnataka. Pin-560001 (India)",5,448,10.0,3901.0,critical,#FF4B4B
8661892efffffff,3,3901,12.9813802,77.608863,"Dispensary Road, Tasker Town, Shivaji Nagar, Bengaluru, Karnataka. Pin-560001 (India)",6,1048,10.0,3901.0,critical,#FF4B4B
8661892efffffff,4,4892,12.9701331,77.6412858,"12th Main Road, Sony World Junction, Indiranagar, Bengaluru, Karnataka. Pin-560008 (India)",0,871,10.0,4892.0,critical,#FF4B4B
8661892efffffff,4,4892,12.9701331,77.6412858,"12th Main Road, Sony World Junction, Indiranagar, Bengaluru, Karnataka. Pin-560008 (India)",1,418,10.0,4892.0,critical,#FF4B4B
8661892efffffff,4,4892,12.9701331,77.6412858,"12th Main Road, Sony World Junction, Indiranagar, Bengaluru, Karnataka. Pin-560008 (India)",2,427,10.0,4892.0,critical,#FF4B4B
8661892efffffff,4,4892,12.9701331,77.6412858,"12th Main Road, Sony World Junction, Indiranagar, Bengaluru, Karnataka. Pin-560008 (India)",3,517,10.0,4892.0,critical,#FF4B4B
8661892efffffff,4,4892,12.9701331,77.6412858,"12th Main Road, Sony World Junction, Indiranagar, Bengaluru, Karnataka. Pin-560008 (India)",4,516,10.0,4892.0,critical,#FF4B4B
8661892efffffff,4,4892,12.9701331,77.6412858,"12th Main Road, Sony World Junction, Indiranagar, Bengaluru, Karnataka. Pin-560008 (India)",5,700,10.0,4892.0,critical,#FF4B4B
8661892efffffff,4,4892,12.9701331,77.6412858,"12th Main Road, Sony World Junction, Indiranagar, Bengaluru, Karnataka. Pin-560008 (India)",6,1443,10.0,4892.0,critical,#FF4B4B
8661892efffffff,5,5654,12.9818638,77.6076237,"Dispensary Road, Tasker Town, Shivaji Nagar, Bengaluru, Karnataka. Pin-560001 (India)",0,977,10.0,5654.0,critical,#FF4B4B
8661892efffffff,5,5654,12.9818638,77.6076237,"Dispensary Road, Tasker Town, Shivaji Nagar, Bengaluru, Karnataka. Pin-560001 (India)",1,541,10.0,5654.0,critical,#FF4B4B
8661892efffffff,5,5654,12.9818638,77.6076237,"Dispensary Road, Tasker Town, Shivaji Nagar, Bengaluru, Karnataka. Pin-560001 (India)",2,534,10.0,5654.0,critical,#FF4B4B
8661892efffffff,5,5654,12.9818638,77.6076237,"Dispensary Road, Tasker Town, Shivaji Nagar, Bengaluru, Karnataka. Pin-560001 (India)",3,541,10.0,5654.0,critical,#FF4B4B
8661892efffffff,5,5654,12.9818638,77.6076237,"Dispensary Road, Tasker Town, Shivaji Nagar, Bengaluru, Karnataka. Pin-560001 (India)",4,810,10.0,5654.0,critical,#FF4B4B
8661892efffffff,5,5654,12.9818638,77.6076237,"Dispensary Road, Tasker Town, Shivaji Nagar, Bengaluru, Karnataka. Pin-560001 (India)",5,803,10.0,5654.0,critical,#FF4B4B
8661892efffffff,5,5654,12.9818638,77.6076237,"Dispensary Road, Tasker Town, Shivaji Nagar, Bengaluru, Karnataka. Pin-560001 (India)",6,1448,10.0,5654.0,critical,#FF4B4B
8661892efffffff,6,4188,12.9955535,77.6137265,"1st Cross Road, Silver Enclave, Frazer Town, Bengaluru, Karnataka. Pin-560005 (India)",0,822,10.0,4188.0,critical,#FF4B4B
8661892efffffff,6,4188,12.9955535,77.6137265,"1st Cross Road, Silver Enclave, Frazer Town, Bengaluru, Karnataka. Pin-560005 (India)",1,422,10.0,4188.0,critical,#FF4B4B
8661892efffffff,6,4188,12.9955535,77.6137265,"1st Cross Road, Silver Enclave, Frazer Town, Bengaluru, Karnataka. Pin-560005 (India)",2,363,10.0,4188.0,critical,#FF4B4B
8661892efffffff,6,4188,12.9955535,77.6137265,"1st Cross Road, Silver Enclave, Frazer Town, Bengaluru, Karnataka. Pin-560005 (India)",3,543,10.0,4188.0,critical,#FF4B4B
8661892efffffff,6,4188,12.9955535,77.6137265,"1st Cross Road, Silver Enclave, Frazer Town, Bengaluru, Karnataka. Pin-560005 (India)",4,476,10.0,4188.0,critical,#FF4B4B
8661892efffffff,6,4188,12.9955535,77.6137265,"1st Cross Road, Silver Enclave, Frazer Town, Bengaluru, Karnataka. Pin-560005 (India)",5,660,10.0,4188.0,critical,#FF4B4B
8661892efffffff,6,4188,12.9955535,77.6137265,"1st Cross Road, Silver Enclave, Frazer Town, Bengaluru, Karnataka. Pin-560005 (India)",6,902,10.0,4188.0,critical,#FF4B4B
8661892efffffff,7,2405,12.9816772,77.6081248,"Dispensary Road, Tasker Town, Shivaji Nagar, Bengaluru, Karnataka. Pin-560001 (India)",0,356,10.0,2405.0,critical,#FF4B4B
8661892efffffff,7,2405,12.9816772,77.6081248,"Dispensary Road, Tasker Town, Shivaji Nagar, Bengaluru, Karnataka. Pin-560001 (India)",1,192,10.0,2405.0,critical,#FF4B4B
8661892efffffff,7,2405,12.9816772,77.6081248,"Dispensary Road, Tasker Town, Shivaji Nagar, Bengaluru, Karnataka. Pin-560001 (India)",2,354,10.0,2405.0,critical,#FF4B4B
8661892efffffff,7,2405,12.9816772,77.6081248,"Dispensary Road, Tasker Town, Shivaji Nagar, Bengaluru, Karnataka. Pin-560001 (India)",3,250,10.0,2405.0,critical,#FF4B4B
8661892efffffff,7,2405,12.9816772,77.6081248,"Dispensary Road, Tasker Town, Shivaji Nagar, Bengaluru, Karnataka. Pin-560001 (India)",4,233,10.0,2405.0,critical,#FF4B4B
8661892efffffff,7,2405,12.9816772,77.6081248,"Dispensary Road, Tasker Town, Shivaji Nagar, Bengaluru, Karnataka. Pin-560001 (India)",5,378,10.0,2405.0,critical,#FF4B4B
8661892efffffff,7,2405,12.9816772,77.6081248,"Dispensary Road, Tasker Town, Shivaji Nagar, Bengaluru, Karnataka. Pin-560001 (India)",6,642,10.0,2405.0,critical,#FF4B4B
8661892efffffff,8,1835,12.9700291,77.6383912,"12th Main Road, Kittur Rani Chennamma Circle, Indiranagar, Bengaluru, Karnataka. Pin-560008 (India)",0,249,10.0,1835.0,critical,#FF4B4B
8661892efffffff,8,1835,12.9700291,77.6383912,"12th Main Road, Kittur Rani Chennamma Circle, Indiranagar, Bengaluru, Karnataka. Pin-560008 (India)",1,116,10.0,1835.0,critical,#FF4B4B
8661892efffffff,8,1835,12.9700291,77.6383912,"12th Main Road, Kittur Rani Chennamma Circle, Indiranagar, Bengaluru, Karnataka. Pin-560008 (India)",2,225,10.0,1835.0,critical,#FF4B4B
8661892efffffff,8,1835,12.9700291,77.6383912,"12th Main Road, Kittur Rani Chennamma Circle, Indiranagar, Bengaluru, Karnataka. Pin-560008 (India)",3,176,10.0,1835.0,critical,#FF4B4B
8661892efffffff,8,1835,12.9700291,77.6383912,"12th Main Road, Kittur Rani Chennamma Circle, Indiranagar, Bengaluru, Karnataka. Pin-560008 (India)",4,270,10.0,1835.0,critical,#FF4B4B
8661892efffffff,8,1835,12.9700291,77.6383912,"12th Main Road, Kittur Rani Chennamma Circle, Indiranagar, Bengaluru, Karnataka. Pin-560008 (India)",5,351,10.0,1835.0,critical,#FF4B4B
8661892efffffff,8,1835,12.9700291,77.6383912,"12th Main Road, Kittur Rani Chennamma Circle, Indiranagar, Bengaluru, Karnataka. Pin-560008 (India)",6,448,10.0,1835.0,critical,#FF4B4B
8661892efffffff,9,829,12.9794267,77.6068156,"Infantry Road, Tasker Town, Shivaji Nagar, Bengaluru, Karnataka. Pin-560001 (India)",0,120,10.0,829.0,critical,#FF4B4B
8661892efffffff,9,829,12.9794267,77.6068156,"Infantry Road, Tasker Town, Shivaji Nagar, Bengaluru, Karnataka. Pin-560001 (India)",1,113,10.0,829.0,critical,#FF4B4B
8661892efffffff,9,829,12.9794267,77.6068156,"Infantry Road, Tasker Town, Shivaji Nagar, Bengaluru, Karnataka. Pin-560001 (India)",2,35,10.0,829.0,critical,#FF4B4B
8661892efffffff,9,829,12.9794267,77.6068156,"Infantry Road, Tasker Town, Shivaji Nagar, Bengaluru, Karnataka. Pin-560001 (India)",3,133,10.0,829.0,critical,#FF4B4B
8661892efffffff,9,829,12.9794267,77.6068156,"Infantry Road, Tasker Town, Shivaji Nagar, Bengaluru, Karnataka. Pin-560001 (India)",4,77,10.0,829.0,critical,#FF4B4B
8661892efffffff,9,829,12.9794267,77.6068156,"Infantry Road, Tasker Town, Shivaji Nagar, Bengaluru, Karnataka. Pin-560001 (India)",5,148,10.0,829.0,critical,#FF4B4B
8661892efffffff,9,829,12.9794267,77.6068156,"Infantry Road, Tasker Town, Shivaji Nagar, Bengaluru, Karnataka. Pin-560001 (India)",6,203,10.0,829.0,critical,#FF4B4B
8661892efffffff,10,95,12.9840562,77.6036095,"Central Street, Shivaji Nagar, Bengaluru, Karnataka. Pin-560001 (India)",0,16,10.0,95.0,critical,#FF4B4B
8661892efffffff,10,95,12.9840562,77.6036095,"Central Street, Shivaji Nagar, Bengaluru, Karnataka. Pin-560001 (India)",1,11,10.0,95.0,critical,#FF4B4B
8661892efffffff,10,95,12.9840562,77.6036095,"Central Street, Shivaji Nagar, Bengaluru, Karnataka. Pin-560001 (India)",2,22,10.0,95.0,critical,#FF4B4B
8661892efffffff,10,95,12.9840562,77.6036095,"Central Street, Shivaji Nagar, Bengaluru, Karnataka. Pin-560001 (India)",3,17,10.0,95.0,critical,#FF4B4B
8661892efffffff,10,95,12.9840562,77.6036095,"Central Street, Shivaji Nagar, Bengaluru, Karnataka. Pin-560001 (India)",4,8,10.0,95.0,critical,#FF4B4B
8661892efffffff,10,95,12.9840562,77.6036095,"Central Street, Shivaji Nagar, Bengaluru, Karnataka. Pin-560001 (India)",5,1,10.0,95.0,critical,#FF4B4B
8661892efffffff,10,95,12.9840562,77.6036095,"Central Street, Shivaji Nagar, Bengaluru, Karnataka. Pin-560001 (India)",6,20,10.0,95.0,critical,#FF4B4B
8661892efffffff,11,120,12.9840511,77.6037089,"Central Street, Shivaji Nagar, Bengaluru, Karnataka. Pin-560001 (India)",0,24,10.0,120.0,critical,#FF4B4B
8661892efffffff,11,120,12.9840511,77.6037089,"Central Street, Shivaji Nagar, Bengaluru, Karnataka. Pin-560001 (India)",1,39,10.0,120.0,critical,#FF4B4B
8661892efffffff,11,120,12.9840511,77.6037089,"Central Street, Shivaji Nagar, Bengaluru, Karnataka. Pin-560001 (India)",2,8,10.0,120.0,critical,#FF4B4B
8661892efffffff,11,120,12.9840511,77.6037089,"Central Street, Shivaji Nagar, Bengaluru, Karnataka. Pin-560001 (India)",3,7,10.0,120.0,critical,#FF4B4B
8661892efffffff,11,120,12.9840511,77.6037089,"Central Street, Shivaji Nagar, Bengaluru, Karnataka. Pin-560001 (India)",4,17,10.0,120.0,critical,#FF4B4B
8661892efffffff,11,120,12.9840511,77.6037089,"Central Street, Shivaji Nagar, Bengaluru, Karnataka. Pin-560001 (India)",6,25,10.0,120.0,critical,#FF4B4B
8661892efffffff,12,37,12.9827819,77.6064709,"Commercial Street, Tasker Town, Shivaji Nagar, Bengaluru, Karnataka. Pin-560001 (India)",0,17,10.0,37.0,critical,#FF4B4B
8661892efffffff,12,37,12.9827819,77.6064709,"Commercial Street, Tasker Town, Shivaji Nagar, Bengaluru, Karnataka. Pin-560001 (India)",1,13,10.0,37.0,critical,#FF4B4B
8661892efffffff,12,37,12.9827819,77.6064709,"Commercial Street, Tasker Town, Shivaji Nagar, Bengaluru, Karnataka. Pin-560001 (India)",3,2,10.0,37.0,critical,#FF4B4B
8661892efffffff,12,37,12.9827819,77.6064709,"Commercial Street, Tasker Town, Shivaji Nagar, Bengaluru, Karnataka. Pin-560001 (India)",4,4,10.0,37.0,critical,#FF4B4B
8661892efffffff,12,37,12.9827819,77.6064709,"Commercial Street, Tasker Town, Shivaji Nagar, Bengaluru, Karnataka. Pin-560001 (India)",6,1,10.0,37.0,critical,#FF4B4B
8661892efffffff,13,23,12.9840346,77.6037397,"Central Street, Shivaji Nagar, Bengaluru, Karnataka. Pin-560001 (India)",0,21,0.95,2.18,green,#00CC66
8661892efffffff,13,23,12.9840346,77.6037397,"Central Street, Shivaji Nagar, Bengaluru, Karnataka. Pin-560001 (India)",1,1,10.0,23.0,critical,#FF4B4B
8661892efffffff,13,23,12.9840346,77.6037397,"Central Street, Shivaji Nagar, Bengaluru, Karnataka. Pin-560001 (India)",6,1,10.0,23.0,critical,#FF4B4B
8661892efffffff,17,2,12.9828454,77.6129104,"St John Road, Shree Circle, Sivanchetti Gardens, Bengaluru, Karnataka. Pin-560042 (India)",4,1,10.0,2.0,green,#00CC66
8661892efffffff,17,2,12.9828454,77.6129104,"St John Road, Shree Circle, Sivanchetti Gardens, Bengaluru, Karnataka. Pin-560042 (India)",6,1,10.0,2.0,green,#00CC66
8661892efffffff,18,68,12.9753626,77.6201223,"Murphy Road, Begum Mahal Junction, Halasuru, Bengaluru, Karnataka. Pin-560008 (India)",0,1,10.0,68.0,critical,#FF4B4B
8661892efffffff,18,68,12.9753626,77.6201223,"Murphy Road, Begum Mahal Junction, Halasuru, Bengaluru, Karnataka. Pin-560008 (India)",2,5,10.0,68.0,critical,#FF4B4B
8661892efffffff,18,68,12.9753626,77.6201223,"Murphy Road, Begum Mahal Junction, Halasuru, Bengaluru, Karnataka. Pin-560008 (India)",3,25,10.0,68.0,critical,#FF4B4B
8661892efffffff,18,68,12.9753626,77.6201223,"Murphy Road, Begum Mahal Junction, Halasuru, Bengaluru, Karnataka. Pin-560008 (India)",4,19,10.0,68.0,critical,#FF4B4B
8661892efffffff,18,68,12.9753626,77.6201223,"Murphy Road, Begum Mahal Junction, Halasuru, Bengaluru, Karnataka. Pin-560008 (India)",5,6,10.0,68.0,critical,#FF4B4B
8661892efffffff,18,68,12.9753626,77.6201223,"Murphy Road, Begum Mahal Junction, Halasuru, Bengaluru, Karnataka. Pin-560008 (India)",6,12,10.0,68.0,critical,#FF4B4B
8661892efffffff,19,273,12.9841116,77.603577,"Meenakshi Koil Street, Shivaji Nagar, Bengaluru, Karnataka. Pin-560001 (India)",0,18,10.0,273.0,critical,#FF4B4B
8661892efffffff,19,273,12.9841116,77.603577,"Meenakshi Koil Street, Shivaji Nagar, Bengaluru, Karnataka. Pin-560001 (India)",1,9,10.0,273.0,critical,#FF4B4B
8661892efffffff,19,273,12.9841116,77.603577,"Meenakshi Koil Street, Shivaji Nagar, Bengaluru, Karnataka. Pin-560001 (India)",2,29,10.0,273.0,critical,#FF4B4B
8661892efffffff,19,273,12.9841116,77.603577,"Meenakshi Koil Street, Shivaji Nagar, Bengaluru, Karnataka. Pin-560001 (India)",3,21,10.0,273.0,critical,#FF4B4B
8661892efffffff,19,273,12.9841116,77.603577,"Meenakshi Koil Street, Shivaji Nagar, Bengaluru, Karnataka. Pin-560001 (India)",4,17,10.0,273.0,critical,#FF4B4B
8661892efffffff,19,273,12.9841116,77.603577,"Meenakshi Koil Street, Shivaji Nagar, Bengaluru, Karnataka. Pin-560001 (India)",5,91,10.0,273.0,critical,#FF4B4B
8661892efffffff,19,273,12.9841116,77.603577,"Meenakshi Koil Street, Shivaji Nagar, Bengaluru, Karnataka. Pin-560001 (India)",6,88,10.0,273.0,critical,#FF4B4B
8661892efffffff,20,279,12.9858662,77.6456721,"NH 75, Aveda Meta, Binnamangala, Indiranagar, Bengaluru, Karnataka. Pin-560038 (India)",0,30,10.0,279.0,critical,#FF4B4B
8661892efffffff,20,279,12.9858662,77.6456721,"NH 75, Aveda Meta, Binnamangala, Indiranagar, Bengaluru, Karnataka. Pin-560038 (India)",1,44,10.0,279.0,critical,#FF4B4B
8661892efffffff,20,279,12.9858662,77.6456721,"NH 75, Aveda Meta, Binnamangala, Indiranagar, Bengaluru, Karnataka. Pin-560038 (India)",2,38,10.0,279.0,critical,#FF4B4B
8661892efffffff,20,279,12.9858662,77.6456721,"NH 75, Aveda Meta, Binnamangala, Indiranagar, Bengaluru, Karnataka. Pin-560038 (India)",3,40,10.0,279.0,critical,#FF4B4B
8661892efffffff,20,279,12.9858662,77.6456721,"NH 75, Aveda Meta, Binnamangala, Indiranagar, Bengaluru, Karnataka. Pin-560038 (India)",4,45,10.0,279.0,critical,#FF4B4B
8661892efffffff,20,279,12.9858662,77.6456721,"NH 75, Aveda Meta, Binnamangala, Indiranagar, Bengaluru, Karnataka. Pin-560038 (India)",5,47,10.0,279.0,critical,#FF4B4B
8661892efffffff,20,279,12.9858662,77.6456721,"NH 75, Aveda Meta, Binnamangala, Indiranagar, Bengaluru, Karnataka. Pin-560038 (India)",6,35,10.0,279.0,critical,#FF4B4B
8661892efffffff,21,1402,12.9729965,77.6174782,"Mahatma Gandhi Road, Craig Park Layout, Ashok Nagar, Bengaluru, Karnataka. Pin-560001 (India)",0,287,10.0,1402.0,critical,#FF4B4B
8661892efffffff,21,1402,12.9729965,77.6174782,"Mahatma Gandhi Road, Craig Park Layout, Ashok Nagar, Bengaluru, Karnataka. Pin-560001 (India)",1,165,10.0,1402.0,critical,#FF4B4B
8661892efffffff,21,1402,12.9729965,77.6174782,"Mahatma Gandhi Road, Craig Park Layout, Ashok Nagar, Bengaluru, Karnataka. Pin-560001 (India)",2,249,10.0,1402.0,critical,#FF4B4B
8661892efffffff,21,1402,12.9729965,77.6174782,"Mahatma Gandhi Road, Craig Park Layout, Ashok Nagar, Bengaluru, Karnataka. Pin-560001 (India)",3,216,10.0,1402.0,critical,#FF4B4B
8661892efffffff,21,1402,12.9729965,77.6174782,"Mahatma Gandhi Road, Craig Park Layout, Ashok Nagar, Bengaluru, Karnataka. Pin-560001 (India)",4,161,10.0,1402.0,critical,#FF4B4B
8661892efffffff,21,1402,12.9729965,77.6174782,"Mahatma Gandhi Road, Craig Park Layout, Ashok Nagar, Bengaluru, Karnataka. Pin-560001 (India)",5,203,10.0,1402.0,critical,#FF4B4B
8661892efffffff,21,1402,12.9729965,77.6174782,"Mahatma Gandhi Road, Craig Park Layout, Ashok Nagar, Bengaluru, Karnataka. Pin-560001 (India)",6,121,10.0,1402.0,critical,#FF4B4B
8661892efffffff,22,1885,13.0013964,77.6124478,"Achutarya Mudaliar Road, Puttanna Junction, Frazer Town, Bengaluru, Karnataka. Pin-560005 (India)",0,260,10.0,1885.0,critical,#FF4B4B
8661892efffffff,22,1885,13.0013964,77.6124478,"Achutarya Mudaliar Road, Puttanna Junction, Frazer Town, Bengaluru, Karnataka. Pin-560005 (India)",1,251,10.0,1885.0,critical,#FF4B4B
8661892efffffff,22,1885,13.0013964,77.6124478,"Achutarya Mudaliar Road, Puttanna Junction, Frazer Town, Bengaluru, Karnataka. Pin-560005 (India)",2,323,10.0,1885.0,critical,#FF4B4B
8661892efffffff,22,1885,13.0013964,77.6124478,"Achutarya Mudaliar Road, Puttanna Junction, Frazer Town, Bengaluru, Karnataka. Pin-560005 (India)",3,304,10.0,1885.0,critical,#FF4B4B
8661892efffffff,22,1885,13.0013964,77.6124478,"Achutarya Mudaliar Road, Puttanna Junction, Frazer Town, Bengaluru, Karnataka. Pin-560005 (India)",4,369,10.0,1885.0,critical,#FF4B4B
8661892efffffff,22,1885,13.0013964,77.6124478,"Achutarya Mudaliar Road, Puttanna Junction, Frazer Town, Bengaluru, Karnataka. Pin-560005 (India)",5,197,10.0,1885.0,critical,#FF4B4B
8661892efffffff,22,1885,13.0013964,77.6124478,"Achutarya Mudaliar Road, Puttanna Junction, Frazer Town, Bengaluru, Karnataka. Pin-560005 (India)",6,181,10.0,1885.0,critical,#FF4B4B
8661892efffffff,23,1973,12.9832797,77.6096722,"Veera Pillai Street, Nethaji Subhas Chadra Bose Circle, Shivaji Nagar, Bengaluru, Karnataka. Pin-560051 (India)",0,233,10.0,1973.0,critical,#FF4B4B
8661892efffffff,23,1973,12.9832797,77.6096722,"Veera Pillai Street, Nethaji Subhas Chadra Bose Circle, Shivaji Nagar, Bengaluru, Karnataka. Pin-560051 (India)",1,200,10.0,1973.0,critical,#FF4B4B
8661892efffffff,23,1973,12.9832797,77.6096722,"Veera Pillai Street, Nethaji Subhas Chadra Bose Circle, Shivaji Nagar, Bengaluru, Karnataka. Pin-560051 (India)",2,303,10.0,1973.0,critical,#FF4B4B
8661892efffffff,23,1973,12.9832797,77.6096722,"Veera Pillai Street, Nethaji Subhas Chadra Bose Circle, Shivaji Nagar, Bengaluru, Karnataka. Pin-560051 (India)",3,289,10.0,1973.0,critical,#FF4B4B
8661892efffffff,23,1973,12.9832797,77.6096722,"Veera Pillai Street, Nethaji Subhas Chadra Bose Circle, Shivaji Nagar, Bengaluru, Karnataka. Pin-560051 (India)",4,315,10.0,1973.0,critical,#FF4B4B
8661892efffffff,23,1973,12.9832797,77.6096722,"Veera Pillai Street, Nethaji Subhas Chadra Bose Circle, Shivaji Nagar, Bengaluru, Karnataka. Pin-560051 (India)",5,321,10.0,1973.0,critical,#FF4B4B
8661892efffffff,23,1973,12.9832797,77.6096722,"Veera Pillai Street, Nethaji Subhas Chadra Bose Circle, Shivaji Nagar, Bengaluru, Karnataka. Pin-560051 (India)",6,312,10.0,1973.0,critical,#FF4B4B
8661892f7ffffff,0,24,13.0459491,77.750611,"Konadasapura Cross Road, Subhams Antique City, Konadasapura, Bengaluru, Karnataka. Pin-560049 (India)",0,7,10.0,24.0,critical,#FF4B4B
8661892f7ffffff,0,24,13.0459491,77.750611,"Konadasapura Cross Road, Subhams Antique City, Konadasapura, Bengaluru, Karnataka. Pin-560049 (India)",1,1,10.0,24.0,critical,#FF4B4B
8661892f7ffffff,0,24,13.0459491,77.750611,"Konadasapura Cross Road, Subhams Antique City, Konadasapura, Bengaluru, Karnataka. Pin-560049 (India)",2,4,10.0,24.0,critical,#FF4B4B
8661892f7ffffff,0,24,13.0459491,77.750611,"Konadasapura Cross Road, Subhams Antique City, Konadasapura, Bengaluru, Karnataka. Pin-560049 (India)",3,3,10.0,24.0,critical,#FF4B4B
8661892f7ffffff,0,24,13.0459491,77.750611,"Konadasapura Cross Road, Subhams Antique City, Konadasapura, Bengaluru, Karnataka. Pin-560049 (India)",4,3,10.0,24.0,critical,#FF4B4B
8661892f7ffffff,0,24,13.0459491,77.750611,"Konadasapura Cross Road, Subhams Antique City, Konadasapura, Bengaluru, Karnataka. Pin-560049 (India)",5,3,10.0,24.0,critical,#FF4B4B
8661892f7ffffff,0,24,13.0459491,77.750611,"Konadasapura Cross Road, Subhams Antique City, Konadasapura, Bengaluru, Karnataka. Pin-560049 (India)",6,3,10.0,24.0,critical,#FF4B4B
8661892f7ffffff,1,29,13.026507,77.7205907,"MBT Road, Subhams Antique City, Konadasapura, Bengaluru, Karnataka. Pin-560049 (India)",2,5,10.0,29.0,critical,#FF4B4B
8661892f7ffffff,1,29,13.026507,77.7205907,"MBT Road, Subhams Antique City, Konadasapura, Bengaluru, Karnataka. Pin-560049 (India)",3,11,10.0,29.0,critical,#FF4B4B
8661892f7ffffff,1,29,13.026507,77.7205907,"MBT Road, Subhams Antique City, Konadasapura, Bengaluru, Karnataka. Pin-560049 (India)",4,2,10.0,29.0,critical,#FF4B4B
8661892f7ffffff,1,29,13.026507,77.7205907,"MBT Road, Subhams Antique City, Konadasapura, Bengaluru, Karnataka. Pin-560049 (India)",6,11,10.0,29.0,critical,#FF4B4B
8661892f7ffffff,2,15,13.045851,77.7505706,"1st Cross Road, Subhams Antique City, Konadasapura, Bengaluru, Karnataka. Pin-560049 (India)",1,3,10.0,15.0,critical,#FF4B4B
8661892f7ffffff,2,15,13.045851,77.7505706,"1st Cross Road, Subhams Antique City, Konadasapura, Bengaluru, Karnataka. Pin-560049 (India)",2,4,10.0,15.0,critical,#FF4B4B
8661892f7ffffff,2,15,13.045851,77.7505706,"1st Cross Road, Subhams Antique City, Konadasapura, Bengaluru, Karnataka. Pin-560049 (India)",3,1,10.0,15.0,critical,#FF4B4B
8661892f7ffffff,2,15,13.045851,77.7505706,"1st Cross Road, Subhams Antique City, Konadasapura, Bengaluru, Karnataka. Pin-560049 (India)",4,2,10.0,15.0,critical,#FF4B4B
8661892f7ffffff,2,15,13.045851,77.7505706,"1st Cross Road, Subhams Antique City, Konadasapura, Bengaluru, Karnataka. Pin-560049 (India)",5,2,10.0,15.0,critical,#FF4B4B
8661892f7ffffff,2,15,13.045851,77.7505706,"1st Cross Road, Subhams Antique City, Konadasapura, Bengaluru, Karnataka. Pin-560049 (India)",6,3,10.0,15.0,critical,#FF4B4B
8661892f7ffffff,3,20,13.0461926,77.750576,"MBT Road, Subhams Antique City, Konadasapura, Bengaluru, Karnataka. Pin-560049 (India)",0,2,10.0,20.0,critical,#FF4B4B
8661892f7ffffff,3,20,13.0461926,77.750576,"MBT Road, Subhams Antique City, Konadasapura, Bengaluru, Karnataka. Pin-560049 (India)",1,7,10.0,20.0,critical,#FF4B4B
8661892f7ffffff,3,20,13.0461926,77.750576,"MBT Road, Subhams Antique City, Konadasapura, Bengaluru, Karnataka. Pin-560049 (India)",3,1,10.0,20.0,critical,#FF4B4B
8661892f7ffffff,3,20,13.0461926,77.750576,"MBT Road, Subhams Antique City, Konadasapura, Bengaluru, Karnataka. Pin-560049 (India)",5,8,10.0,20.0,critical,#FF4B4B
8661892f7ffffff,3,20,13.0461926,77.750576,"MBT Road, Subhams Antique City, Konadasapura, Bengaluru, Karnataka. Pin-560049 (India)",6,2,10.0,20.0,critical,#FF4B4B
8661892f7ffffff,4,27,13.0458235,77.7502134,"MBT Road, Subhams Antique City, Konadasapura, Bengaluru, Karnataka. Pin-560049 (India)",0,4,10.0,27.0,critical,#FF4B4B
8661892f7ffffff,4,27,13.0458235,77.7502134,"MBT Road, Subhams Antique City, Konadasapura, Bengaluru, Karnataka. Pin-560049 (India)",1,7,10.0,27.0,critical,#FF4B4B
8661892f7ffffff,4,27,13.0458235,77.7502134,"MBT Road, Subhams Antique City, Konadasapura, Bengaluru, Karnataka. Pin-560049 (India)",2,2,10.0,27.0,critical,#FF4B4B
8661892f7ffffff,4,27,13.0458235,77.7502134,"MBT Road, Subhams Antique City, Konadasapura, Bengaluru, Karnataka. Pin-560049 (India)",3,2,10.0,27.0,critical,#FF4B4B
8661892f7ffffff,4,27,13.0458235,77.7502134,"MBT Road, Subhams Antique City, Konadasapura, Bengaluru, Karnataka. Pin-560049 (India)",4,2,10.0,27.0,critical,#FF4B4B
8661892f7ffffff,4,27,13.0458235,77.7502134,"MBT Road, Subhams Antique City, Konadasapura, Bengaluru, Karnataka. Pin-560049 (India)",5,4,10.0,27.0,critical,#FF4B4B
8661892f7ffffff,4,27,13.0458235,77.7502134,"MBT Road, Subhams Antique City, Konadasapura, Bengaluru, Karnataka. Pin-560049 (India)",6,6,10.0,27.0,critical,#FF4B4B
8661892f7ffffff,5,38,13.0463331,77.750511,"MBT Road, Subhams Antique City, Konadasapura, Bengaluru, Karnataka. Pin-560049 (India)",1,9,10.0,38.0,critical,#FF4B4B
8661892f7ffffff,5,38,13.0463331,77.750511,"MBT Road, Subhams Antique City, Konadasapura, Bengaluru, Karnataka. Pin-560049 (India)",2,10,10.0,38.0,critical,#FF4B4B
8661892f7ffffff,5,38,13.0463331,77.750511,"MBT Road, Subhams Antique City, Konadasapura, Bengaluru, Karnataka. Pin-560049 (India)",3,6,10.0,38.0,critical,#FF4B4B
8661892f7ffffff,5,38,13.0463331,77.750511,"MBT Road, Subhams Antique City, Konadasapura, Bengaluru, Karnataka. Pin-560049 (India)",4,5,10.0,38.0,critical,#FF4B4B
8661892f7ffffff,5,38,13.0463331,77.750511,"MBT Road, Subhams Antique City, Konadasapura, Bengaluru, Karnataka. Pin-560049 (India)",5,4,10.0,38.0,critical,#FF4B4B
8661892f7ffffff,5,38,13.0463331,77.750511,"MBT Road, Subhams Antique City, Konadasapura, Bengaluru, Karnataka. Pin-560049 (India)",6,4,10.0,38.0,critical,#FF4B4B
8661892f7ffffff,6,86,13.0456873,77.750084,"MBT Road, Subhams Antique City, Konadasapura, Bengaluru, Karnataka. Pin-560049 (India)",0,4,10.0,86.0,critical,#FF4B4B
8661892f7ffffff,6,86,13.0456873,77.750084,"MBT Road, Subhams Antique City, Konadasapura, Bengaluru, Karnataka. Pin-560049 (India)",1,6,10.0,86.0,critical,#FF4B4B
8661892f7ffffff,6,86,13.0456873,77.750084,"MBT Road, Subhams Antique City, Konadasapura, Bengaluru, Karnataka. Pin-560049 (India)",2,22,10.0,86.0,critical,#FF4B4B
8661892f7ffffff,6,86,13.0456873,77.750084,"MBT Road, Subhams Antique City, Konadasapura, Bengaluru, Karnataka. Pin-560049 (India)",3,13,10.0,86.0,critical,#FF4B4B
8661892f7ffffff,6,86,13.0456873,77.750084,"MBT Road, Subhams Antique City, Konadasapura, Bengaluru, Karnataka. Pin-560049 (India)",4,12,10.0,86.0,critical,#FF4B4B
8661892f7ffffff,6,86,13.0456873,77.750084,"MBT Road, Subhams Antique City, Konadasapura, Bengaluru, Karnataka. Pin-560049 (India)",5,22,10.0,86.0,critical,#FF4B4B
8661892f7ffffff,6,86,13.0456873,77.750084,"MBT Road, Subhams Antique City, Konadasapura, Bengaluru, Karnataka. Pin-560049 (India)",6,7,10.0,86.0,critical,#FF4B4B
8661892f7ffffff,7,35,13.0460083,77.7505974,"Konadasapura Cross Road, Subhams Antique City, Konadasapura, Bengaluru, Karnataka. Pin-560049 (India)",0,2,10.0,35.0,critical,#FF4B4B
8661892f7ffffff,7,35,13.0460083,77.7505974,"Konadasapura Cross Road, Subhams Antique City, Konadasapura, Bengaluru, Karnataka. Pin-560049 (India)",1,11,10.0,35.0,critical,#FF4B4B
8661892f7ffffff,7,35,13.0460083,77.7505974,"Konadasapura Cross Road, Subhams Antique City, Konadasapura, Bengaluru, Karnataka. Pin-560049 (India)",2,6,10.0,35.0,critical,#FF4B4B
8661892f7ffffff,7,35,13.0460083,77.7505974,"Konadasapura Cross Road, Subhams Antique City, Konadasapura, Bengaluru, Karnataka. Pin-560049 (India)",3,3,10.0,35.0,critical,#FF4B4B
8661892f7ffffff,7,35,13.0460083,77.7505974,"Konadasapura Cross Road, Subhams Antique City, Konadasapura, Bengaluru, Karnataka. Pin-560049 (India)",4,9,10.0,35.0,critical,#FF4B4B
8661892f7ffffff,7,35,13.0460083,77.7505974,"Konadasapura Cross Road, Subhams Antique City, Konadasapura, Bengaluru, Karnataka. Pin-560049 (India)",6,4,10.0,35.0,critical,#FF4B4B
8661892f7ffffff,8,11,13.0453733,77.7498286,"MBT Road, Salarpuria Sattva East Crest, Konadasapura, Bengaluru, Karnataka. Pin-560049 (India)",1,1,10.0,11.0,critical,#FF4B4B
8661892f7ffffff,8,11,13.0453733,77.7498286,"MBT Road, Salarpuria Sattva East Crest, Konadasapura, Bengaluru, Karnataka. Pin-560049 (India)",2,3,10.0,11.0,critical,#FF4B4B
8661892f7ffffff,8,11,13.0453733,77.7498286,"MBT Road, Salarpuria Sattva East Crest, Konadasapura, Bengaluru, Karnataka. Pin-560049 (India)",4,3,10.0,11.0,critical,#FF4B4B
8661892f7ffffff,8,11,13.0453733,77.7498286,"MBT Road, Salarpuria Sattva East Crest, Konadasapura, Bengaluru, Karnataka. Pin-560049 (India)",5,2,10.0,11.0,critical,#FF4B4B
8661892f7ffffff,8,11,13.0453733,77.7498286,"MBT Road, Salarpuria Sattva East Crest, Konadasapura, Bengaluru, Karnataka. Pin-560049 (India)",6,2,10.0,11.0,critical,#FF4B4B
8661892f7ffffff,9,4,13.0456975,77.7501654,"MBT Road, Subhams Antique City, Konadasapura, Bengaluru, Karnataka. Pin-560049 (India)",5,4,0.0,0.0,green,#00CC66
8661892f7ffffff,10,2,13.0438472,77.7483061,"MBT Road, Salarpuria Sattva East Crest, Konadasapura, Bengaluru, Karnataka. Pin-560049 (India)",3,2,0.0,0.0,green,#00CC66
8661892f7ffffff,18,1,13.0237117,77.7164717,"Shri Hans Ashram Road, MC Sarovar Apartment, Sidhappa Layout, KR Puram, Bengaluru, Karnataka. Pin-560049 (India)",4,1,0.0,0.0,green,#00CC66
8661892f7ffffff,19,5,13.0465632,77.7500395,"Bommanahalli Road, Subhams Antique City, Konadasapura, Bengaluru, Karnataka. Pin-560049 (India)",1,3,6.67,3.34,monitor,#FFA500
8661892f7ffffff,19,5,13.0465632,77.7500395,"Bommanahalli Road, Subhams Antique City, Konadasapura, Bengaluru, Karnataka. Pin-560049 (India)",2,1,10.0,5.0,monitor,#FFA500
8661892f7ffffff,19,5,13.0465632,77.7500395,"Bommanahalli Road, Subhams Antique City, Konadasapura, Bengaluru, Karnataka. Pin-560049 (India)",4,1,10.0,5.0,monitor,#FFA500
8661892f7ffffff,20,27,13.0192661,77.7085856,"Basavanapura Road, Zero Tolerance Junction, KR Puram, Bengaluru, Karnataka. Pin-560049 (India)",0,1,10.0,27.0,critical,#FF4B4B
8661892f7ffffff,20,27,13.0192661,77.7085856,"Basavanapura Road, Zero Tolerance Junction, KR Puram, Bengaluru, Karnataka. Pin-560049 (India)",1,4,10.0,27.0,critical,#FF4B4B
8661892f7ffffff,20,27,13.0192661,77.7085856,"Basavanapura Road, Zero Tolerance Junction, KR Puram, Bengaluru, Karnataka. Pin-560049 (India)",2,3,10.0,27.0,critical,#FF4B4B
8661892f7ffffff,20,27,13.0192661,77.7085856,"Basavanapura Road, Zero Tolerance Junction, KR Puram, Bengaluru, Karnataka. Pin-560049 (India)",3,1,10.0,27.0,critical,#FF4B4B
8661892f7ffffff,20,27,13.0192661,77.7085856,"Basavanapura Road, Zero Tolerance Junction, KR Puram, Bengaluru, Karnataka. Pin-560049 (India)",4,5,10.0,27.0,critical,#FF4B4B
8661892f7ffffff,20,27,13.0192661,77.7085856,"Basavanapura Road, Zero Tolerance Junction, KR Puram, Bengaluru, Karnataka. Pin-560049 (India)",5,5,10.0,27.0,critical,#FF4B4B
8661892f7ffffff,20,27,13.0192661,77.7085856,"Basavanapura Road, Zero Tolerance Junction, KR Puram, Bengaluru, Karnataka. Pin-560049 (India)",6,8,10.0,27.0,critical,#FF4B4B
8661892f7ffffff,21,59,13.0196246,77.7085509,"MBT Road, Zero Tolerance Junction, KR Puram, Bengaluru, Karnataka. Pin-560049 (India)",0,3,10.0,59.0,critical,#FF4B4B
8661892f7ffffff,21,59,13.0196246,77.7085509,"MBT Road, Zero Tolerance Junction, KR Puram, Bengaluru, Karnataka. Pin-560049 (India)",1,7,10.0,59.0,critical,#FF4B4B
8661892f7ffffff,21,59,13.0196246,77.7085509,"MBT Road, Zero Tolerance Junction, KR Puram, Bengaluru, Karnataka. Pin-560049 (India)",2,5,10.0,59.0,critical,#FF4B4B
8661892f7ffffff,21,59,13.0196246,77.7085509,"MBT Road, Zero Tolerance Junction, KR Puram, Bengaluru, Karnataka. Pin-560049 (India)",3,5,10.0,59.0,critical,#FF4B4B
8661892f7ffffff,21,59,13.0196246,77.7085509,"MBT Road, Zero Tolerance Junction, KR Puram, Bengaluru, Karnataka. Pin-560049 (India)",4,11,10.0,59.0,critical,#FF4B4B
8661892f7ffffff,21,59,13.0196246,77.7085509,"MBT Road, Zero Tolerance Junction, KR Puram, Bengaluru, Karnataka. Pin-560049 (India)",5,2,10.0,59.0,critical,#FF4B4B
8661892f7ffffff,21,59,13.0196246,77.7085509,"MBT Road, Zero Tolerance Junction, KR Puram, Bengaluru, Karnataka. Pin-560049 (India)",6,26,10.0,59.0,critical,#FF4B4B
8661892f7ffffff,22,45,13.0356766,77.735423,"Rampura Main Road, Avalahalli South Taluka, Bengaluru, Karnataka. Pin-560049 (India)",0,4,10.0,45.0,critical,#FF4B4B
8661892f7ffffff,22,45,13.0356766,77.735423,"Rampura Main Road, Avalahalli South Taluka, Bengaluru, Karnataka. Pin-560049 (India)",1,18,10.0,45.0,critical,#FF4B4B
8661892f7ffffff,22,45,13.0356766,77.735423,"Rampura Main Road, Avalahalli South Taluka, Bengaluru, Karnataka. Pin-560049 (India)",2,5,10.0,45.0,critical,#FF4B4B
8661892f7ffffff,22,45,13.0356766,77.735423,"Rampura Main Road, Avalahalli South Taluka, Bengaluru, Karnataka. Pin-560049 (India)",3,2,10.0,45.0,critical,#FF4B4B
8661892f7ffffff,22,45,13.0356766,77.735423,"Rampura Main Road, Avalahalli South Taluka, Bengaluru, Karnataka. Pin-560049 (India)",4,4,10.0,45.0,critical,#FF4B4B
8661892f7ffffff,22,45,13.0356766,77.735423,"Rampura Main Road, Avalahalli South Taluka, Bengaluru, Karnataka. Pin-560049 (India)",5,3,10.0,45.0,critical,#FF4B4B
8661892f7ffffff,22,45,13.0356766,77.735423,"Rampura Main Road, Avalahalli South Taluka, Bengaluru, Karnataka. Pin-560049 (India)",6,9,10.0,45.0,critical,#FF4B4B
8661892f7ffffff,23,26,13.0357904,77.7355649,"MBT Road, Avalahalli South Taluka, Bengaluru, Karnataka. Pin-560049 (India)",0,1,10.0,26.0,critical,#FF4B4B
8661892f7ffffff,23,26,13.0357904,77.7355649,"MBT Road, Avalahalli South Taluka, Bengaluru, Karnataka. Pin-560049 (India)",1,4,10.0,26.0,critical,#FF4B4B
8661892f7ffffff,23,26,13.0357904,77.7355649,"MBT Road, Avalahalli South Taluka, Bengaluru, Karnataka. Pin-560049 (India)",2,4,10.0,26.0,critical,#FF4B4B
8661892f7ffffff,23,26,13.0357904,77.7355649,"MBT Road, Avalahalli South Taluka, Bengaluru, Karnataka. Pin-560049 (India)",3,1,10.0,26.0,critical,#FF4B4B
8661892f7ffffff,23,26,13.0357904,77.7355649,"MBT Road, Avalahalli South Taluka, Bengaluru, Karnataka. Pin-560049 (India)",4,5,10.0,26.0,critical,#FF4B4B
8661892f7ffffff,23,26,13.0357904,77.7355649,"MBT Road, Avalahalli South Taluka, Bengaluru, Karnataka. Pin-560049 (India)",5,9,10.0,26.0,critical,#FF4B4B
8661892f7ffffff,23,26,13.0357904,77.7355649,"MBT Road, Avalahalli South Taluka, Bengaluru, Karnataka. Pin-560049 (India)",6,2,10.0,26.0,critical,#FF4B4B
86618934fffffff,0,2,12.8026667,77.7043117,"ANK MD 4, Chandapura Junction, Chandapura, Bengaluru, Karnataka. Pin-560099 (India)",3,1,10.0,2.0,green,#00CC66
86618934fffffff,0,2,12.8026667,77.7043117,"ANK MD 4, Chandapura Junction, Chandapura, Bengaluru, Karnataka. Pin-560099 (India)",6,1,10.0,2.0,green,#00CC66
86618934fffffff,1,1,12.8181202,77.6893141,"Hosur Road, Janatha Colony, Bommasandra, Bengaluru, Karnataka. Pin-560099 (India)",1,1,0.0,0.0,green,#00CC66
86618934fffffff,2,9,12.8054758,77.6996892,"Hosur Road, Bangaranna Khanavali, Bommasandra, Bengaluru, Karnataka. Pin-560099 (India)",3,8,1.25,1.12,green,#00CC66
86618934fffffff,2,9,12.8054758,77.6996892,"Hosur Road, Bangaranna Khanavali, Bommasandra, Bengaluru, Karnataka. Pin-560099 (India)",5,1,10.0,9.0,critical,#FF4B4B
86618934fffffff,3,11,12.8068118,77.6971738,"Hosur Road, Bangaranna Khanavali, Bommasandra, Bengaluru, Karnataka. Pin-560099 (India)",2,1,10.0,11.0,critical,#FF4B4B
86618934fffffff,3,11,12.8068118,77.6971738,"Hosur Road, Bangaranna Khanavali, Bommasandra, Bengaluru, Karnataka. Pin-560099 (India)",6,10,1.0,1.1,green,#00CC66
86618934fffffff,5,19,12.8178886,77.6894942,"Hosur Road, Janatha Colony, Bommasandra, Bengaluru, Karnataka. Pin-560099 (India)",1,2,10.0,19.0,critical,#FF4B4B
86618934fffffff,5,19,12.8178886,77.6894942,"Hosur Road, Janatha Colony, Bommasandra, Bengaluru, Karnataka. Pin-560099 (India)",2,17,1.18,2.24,green,#00CC66
86618934fffffff,6,1,12.8078253,77.6977015,"Hosur Road, Bangaranna Khanavali, Kittaganahalli, Bengaluru, Karnataka. Pin-560099 (India)",5,1,0.0,0.0,green,#00CC66
86618934fffffff,8,1,12.8080164,77.6973104,"Hosur Road, Bangaranna Khanavali, Bommasandra, Bengaluru, Karnataka. Pin-560099 (India)",5,1,0.0,0.0,green,#00CC66
86618934fffffff,20,13,12.8179879,77.6894259,"Hosur Road, Janatha Colony, Bommasandra, Bengaluru, Karnataka. Pin-560099 (India)",4,13,0.0,0.0,green,#00CC66
86618934fffffff,21,8,12.8112876,77.6944424,"Hosur Road, Siemens Healthineers Campus, Bommasandra Industrial Area, Bommasandra, Bengaluru, Karnataka. Pin-560099 (India)",2,7,1.43,1.14,green,#00CC66
86618934fffffff,21,8,12.8112876,77.6944424,"Hosur Road, Siemens Healthineers Campus, Bommasandra Industrial Area, Bommasandra, Bengaluru, Karnataka. Pin-560099 (India)",3,1,10.0,8.0,critical,#FF4B4B
86618934fffffff,23,23,12.8065993,77.6980829,"Hosur Road, Bangaranna Khanavali, Kittaganahalli, Bengaluru, Karnataka. Pin-560099 (India)",1,9,10.0,23.0,critical,#FF4B4B
86618934fffffff,23,23,12.8065993,77.6980829,"Hosur Road, Bangaranna Khanavali, Kittaganahalli, Bengaluru, Karnataka. Pin-560099 (India)",4,4,10.0,23.0,critical,#FF4B4B
86618934fffffff,23,23,12.8065993,77.6980829,"Hosur Road, Bangaranna Khanavali, Kittaganahalli, Bengaluru, Karnataka. Pin-560099 (India)",5,10,10.0,23.0,critical,#FF4B4B
86618935fffffff,0,14,12.818432,77.6892043,"Hosur Road, Janatha Colony, Bommasandra, Bengaluru, Karnataka. Pin-560099 (India)",0,1,10.0,14.0,critical,#FF4B4B
86618935fffffff,0,14,12.818432,77.6892043,"Hosur Road, Janatha Colony, Bommasandra, Bengaluru, Karnataka. Pin-560099 (India)",2,3,10.0,14.0,critical,#FF4B4B
86618935fffffff,0,14,12.818432,77.6892043,"Hosur Road, Janatha Colony, Bommasandra, Bengaluru, Karnataka. Pin-560099 (India)",4,9,5.56,7.78,critical,#FF4B4B
86618935fffffff,0,14,12.818432,77.6892043,"Hosur Road, Janatha Colony, Bommasandra, Bengaluru, Karnataka. Pin-560099 (India)",5,1,10.0,14.0,critical,#FF4B4B
86618935fffffff,1,4,12.8191545,77.6890338,"Hosur Road, Janatha Colony, Bommasandra, Bengaluru, Karnataka. Pin-560099 (India)",1,1,10.0,4.0,monitor,#FFA500
86618935fffffff,1,4,12.8191545,77.6890338,"Hosur Road, Janatha Colony, Bommasandra, Bengaluru, Karnataka. Pin-560099 (India)",4,3,3.33,1.33,green,#00CC66
86618935fffffff,3,12,12.8183103,77.6898623,"Hosur Road, Sattva Texonic, Bommasandra Industrial Area, Bommasandra, Bengaluru, Karnataka. Pin-560099 (India)",0,5,10.0,12.0,critical,#FF4B4B
86618935fffffff,3,12,12.8183103,77.6898623,"Hosur Road, Sattva Texonic, Bommasandra Industrial Area, Bommasandra, Bengaluru, Karnataka. Pin-560099 (India)",1,2,10.0,12.0,critical,#FF4B4B
86618935fffffff,3,12,12.8183103,77.6898623,"Hosur Road, Sattva Texonic, Bommasandra Industrial Area, Bommasandra, Bengaluru, Karnataka. Pin-560099 (India)",4,5,10.0,12.0,critical,#FF4B4B
86618935fffffff,4,8,12.8592478,77.7030257,"Huskur Main Road, Shivaji Maharaj Layout, Gottamaranahalli, Bengaluru, Karnataka. Pin-560099 (India)",1,8,0.0,0.0,green,#00CC66
86618935fffffff,5,19,12.8183301,77.6890254,"Hosur Road, Janatha Colony, Bommasandra, Bengaluru, Karnataka. Pin-560099 (India)",1,10,9.0,17.1,critical,#FF4B4B
86618935fffffff,5,19,12.8183301,77.6890254,"Hosur Road, Janatha Colony, Bommasandra, Bengaluru, Karnataka. Pin-560099 (India)",2,1,10.0,19.0,critical,#FF4B4B
86618935fffffff,5,19,12.8183301,77.6890254,"Hosur Road, Janatha Colony, Bommasandra, Bengaluru, Karnataka. Pin-560099 (India)",6,8,10.0,19.0,critical,#FF4B4B
86618935fffffff,6,12,12.8190709,77.6888629,"Hosur Road, Janatha Colony, Bommasandra, Bengaluru, Karnataka. Pin-560099 (India)",0,4,10.0,12.0,critical,#FF4B4B
86618935fffffff,6,12,12.8190709,77.6888629,"Hosur Road, Janatha Colony, Bommasandra, Bengaluru, Karnataka. Pin-560099 (India)",1,1,10.0,12.0,critical,#FF4B4B
86618935fffffff,6,12,12.8190709,77.6888629,"Hosur Road, Janatha Colony, Bommasandra, Bengaluru, Karnataka. Pin-560099 (India)",2,3,10.0,12.0,critical,#FF4B4B
86618935fffffff,6,12,12.8190709,77.6888629,"Hosur Road, Janatha Colony, Bommasandra, Bengaluru, Karnataka. Pin-560099 (India)",4,1,10.0,12.0,critical,#FF4B4B
86618935fffffff,6,12,12.8190709,77.6888629,"Hosur Road, Janatha Colony, Bommasandra, Bengaluru, Karnataka. Pin-560099 (India)",6,3,10.0,12.0,critical,#FF4B4B
86618935fffffff,7,6,12.8187239,77.6894807,"Hosur Road, Janatha Colony, Bommasandra, Bengaluru, Karnataka. Pin-560099 (India)",3,2,10.0,6.0,monitor,#FFA500
86618935fffffff,7,6,12.8187239,77.6894807,"Hosur Road, Janatha Colony, Bommasandra, Bengaluru, Karnataka. Pin-560099 (India)",4,2,10.0,6.0,monitor,#FFA500
86618935fffffff,7,6,12.8187239,77.6894807,"Hosur Road, Janatha Colony, Bommasandra, Bengaluru, Karnataka. Pin-560099 (India)",5,1,10.0,6.0,monitor,#FFA500
86618935fffffff,7,6,12.8187239,77.6894807,"Hosur Road, Janatha Colony, Bommasandra, Bengaluru, Karnataka. Pin-560099 (India)",6,1,10.0,6.0,monitor,#FFA500
86618935fffffff,8,3,12.8178819,77.6900864,"Hosur Road, Janatha Colony, Bommasandra, Bengaluru, Karnataka. Pin-560099 (India)",1,3,0.0,0.0,green,#00CC66
86618935fffffff,20,28,12.8181108,77.6893535,"Hosur Road, Janatha Colony, Bommasandra, Bengaluru, Karnataka. Pin-560099 (India)",4,28,0.0,0.0,green,#00CC66
86618935fffffff,21,9,12.8187477,77.6889339,"Garden Residency Bommasandra Link Road, Janatha Colony, Bommasandra, Bengaluru, Karnataka. Pin-560099 (India)",0,3,10.0,9.0,critical,#FF4B4B
86618935fffffff,21,9,12.8187477,77.6889339,"Garden Residency Bommasandra Link Road, Janatha Colony, Bommasandra, Bengaluru, Karnataka. Pin-560099 (India)",1,2,10.0,9.0,critical,#FF4B4B
86618935fffffff,21,9,12.8187477,77.6889339,"Garden Residency Bommasandra Link Road, Janatha Colony, Bommasandra, Bengaluru, Karnataka. Pin-560099 (India)",2,2,10.0,9.0,critical,#FF4B4B
86618935fffffff,21,9,12.8187477,77.6889339,"Garden Residency Bommasandra Link Road, Janatha Colony, Bommasandra, Bengaluru, Karnataka. Pin-560099 (India)",4,2,10.0,9.0,critical,#FF4B4B
86618935fffffff,22,2,12.8189931,77.6888543,"Hosur Road, Janatha Colony, Bommasandra, Bengaluru, Karnataka. Pin-560099 (India)",2,1,10.0,2.0,green,#00CC66
86618935fffffff,22,2,12.8189931,77.6888543,"Hosur Road, Janatha Colony, Bommasandra, Bengaluru, Karnataka. Pin-560099 (India)",3,1,10.0,2.0,green,#00CC66
86618935fffffff,23,18,12.8189288,77.6889958,"Hosur Road, Janatha Colony, Bommasandra, Bengaluru, Karnataka. Pin-560099 (India)",1,1,10.0,18.0,critical,#FF4B4B
86618935fffffff,23,18,12.8189288,77.6889958,"Hosur Road, Janatha Colony, Bommasandra, Bengaluru, Karnataka. Pin-560099 (India)",3,1,10.0,18.0,critical,#FF4B4B
86618935fffffff,23,18,12.8189288,77.6889958,"Hosur Road, Janatha Colony, Bommasandra, Bengaluru, Karnataka. Pin-560099 (India)",4,14,2.86,5.15,monitor,#FFA500
86618935fffffff,23,18,12.8189288,77.6889958,"Hosur Road, Janatha Colony, Bommasandra, Bengaluru, Karnataka. Pin-560099 (India)",6,2,10.0,18.0,critical,#FF4B4B
